{"type":"FeatureCollection","features":[{"type":"Feature","properties":{"id":28,"name":"Karachay-Cherkess","neighbors":[23,39,70]},"geometry":{"type":"Polygon","coordinates":[[[42.1319,44.3449],[42.4571,44.3007],[42.567,44.218],[42.7243,44.3312],[42.8288,44.2156],[42.4574,44.0472],[42.4573,43.9788],[42.5783,43.9145],[42.7333,43.97],[42.8797,43.7499],[42.8246,43.643],[42.5858,43.5389],[42.5081,43.258],[42.5502,43.1849],[42.4365,43.2542],[42.0577,43.1941],[41.6307,43.2229],[41.4078,43.3614],[41.0614,43.3823],[40.7162,43.5309],[40.7238,43.7308],[40.8191,43.9114],[40.9338,43.9437],[40.9416,44.0947],[41.3788,44.0471],[41.5556,43.9467],[41.8083,44.1872],[41.7299,44.371],[41.967,44.4746],[42.1319,44.3449]]]}},{"type":"Feature","properties":{"id":29,"name":"Karelia","neighbors":[5,43,50,85]},"geometry":{"type":"MultiPolygon","coordinates":[[[[36.770984649658374,64.02401733398432],[36.759685516357706,64.01712036132824],[36.755638122558764,64.01975250244146],[36.76502609252958,64.0352249145509],[36.765983581543026,64.04171752929699],[36.75768661499029,64.05882263183616],[36.75998687744135,64.06062316894543],[36.769985198974894,64.0571212768557],[36.78798675537138,64.0425186157226],[36.78394317626959,64.03577423095709],[36.770984649658374,64.02401733398432]]],[[[36.294834136963175,64.09436035156261],[36.288986206054744,64.09322357177746],[36.2843856811524,64.10321807861328],[36.2894859313966,64.106918334961],[36.29730606079113,64.10365295410179],[36.29928588867193,64.10282135009766],[36.294834136963175,64.09436035156261]]],[[[36.67838668823248,64.09861755371094],[36.66324996948259,64.09683227539074],[36.66348648071295,64.10002136230491],[36.66339111328131,64.10005950927763],[36.65993499755865,64.10153961181663],[36.67058181762724,64.10433197021518],[36.67258453369169,64.1095199584961],[36.67407226562506,64.1093673706057],[36.6793861389163,64.10881805419928],[36.68478393554699,64.10622406005854],[36.68191528320318,64.10077667236351],[36.67838668823248,64.09861755371094]]],[[[36.743278503418026,64.18358612060553],[36.74348449707037,64.17842102050804],[36.72519302368164,64.18491363525413],[36.72874832153332,64.18985748291038],[36.73530578613287,64.18866729736328],[36.743278503418026,64.18358612060553]]],[[[36.6289,64.2387],[36.6865,64.2161],[36.5618,64.2302],[36.6289,64.2387]]],[[[36.449577331543026,64.28871917724621],[36.43899917602545,64.28858184814487],[36.427585601806925,64.29232025146513],[36.42528533935564,64.294921875],[36.431083679199276,64.29631805419928],[36.437984466552905,64.29192352294928],[36.449577331543026,64.28871917724621]]],[[[36.39958572387724,64.31391906738293],[36.415996551513615,64.30031585693365],[36.40518569946306,64.30101776123047],[36.39928436279325,64.30731964111328],[36.378929138183764,64.31422424316429],[36.390586853027514,64.31632232666038],[36.393756866455135,64.31547546386753],[36.39958572387724,64.31391906738293]]],[[[36.25048065185558,64.31335449218744],[36.25268554687517,64.31152343750023],[36.24368667602545,64.31252288818365],[36.23714065551775,64.31988525390625],[36.2380828857423,64.32366943359392],[36.25048065185558,64.31335449218744]]],[[[35.886684417724894,64.30001831054705],[35.897308349609375,64.2906036376956],[35.8861846923831,64.29261779785156],[35.851528167724666,64.3113021850586],[35.85141754150396,64.31644439697266],[35.84368515014654,64.32022094726557],[35.848361968994425,64.32302856445341],[35.84906768798845,64.32344818115246],[35.8591957092288,64.32553100585949],[35.874137878418026,64.32527923584007],[35.88678359985357,64.32051849365257],[35.88619613647478,64.3150253295903],[35.89022064209013,64.3119735717778],[35.89788436889654,64.30622100830101],[35.886684417724894,64.30001831054705]]],[[[36.462585449219034,64.33292388916038],[36.47678375244158,64.32862091064447],[36.487277984619254,64.32983398437523],[36.490684509277344,64.32802581787121],[36.49088668823248,64.32791900634766],[36.48828506469721,64.32492065429693],[36.48098373413097,64.3240203857423],[36.470664978027514,64.32424926757847],[36.460784912109546,64.32631683349621],[36.456027984619425,64.32949829101568],[36.45628356933605,64.33271789550804],[36.462585449219034,64.33292388916038]]],[[[36.4286651611331,64.34716796875],[36.43713760376005,64.3431396484375],[36.44891738891607,64.34366607666027],[36.45119476318354,64.34185791015648],[36.445251464844034,64.33528137207043],[36.43648529052763,64.33432006835949],[36.418415069580135,64.34177398681635],[36.42233276367199,64.34597015380854],[36.4286651611331,64.34716796875]]],[[[36.098915100097656,64.3521652221682],[36.1083602905274,64.35005187988304],[36.1168861389163,64.35152435302768],[36.125785827637,64.34951782226585],[36.12208175659174,64.3467788696289],[36.10928344726568,64.34632110595714],[36.0964431762697,64.34891510009788],[36.098915100097656,64.3521652221682]]],[[[35.9992,64.3495],[35.9649,64.3047],[35.871,64.3608],[35.9992,64.3495]]],[[[35.73508453369146,64.39282226562506],[35.74748611450195,64.38742065429688],[35.757984161377124,64.3881225585937],[35.76323699951189,64.38713836669933],[35.765983581543026,64.38661956787143],[35.76819229125982,64.3840255737307],[35.76828384399431,64.38391876220714],[35.7660865783692,64.38142395019543],[35.76144409179716,64.37655639648438],[35.75400161743181,64.3735275268557],[35.746784210205135,64.3750228881836],[35.73398590087919,64.37772369384788],[35.72678375244135,64.38262176513672],[35.7220191955567,64.38359832763672],[35.71844482421892,64.38433074951206],[35.71258544921881,64.38881683349615],[35.71882247924833,64.39128112792991],[35.72598648071289,64.39411926269554],[35.73508453369146,64.39282226562506]]],[[[35.292137145996264,64.39700317382835],[35.2954864501956,64.39501953125],[35.297790527344034,64.39637756347656],[35.30448532104498,64.40032196044933],[35.309284210205135,64.3980178833009],[35.31110382080084,64.38701629638672],[35.31076812744169,64.38619232177746],[35.310276031494425,64.3849792480471],[35.308586120605526,64.38082122802763],[35.30172348022455,64.3721084594726],[35.29158401489286,64.36562347412104],[35.28818511962896,64.35961914062523],[35.27628326416033,64.3560180664063],[35.26452636718756,64.35847473144554],[35.252471923828296,64.36585998535156],[35.24748611450201,64.37561798095726],[35.2467880249024,64.3759002685548],[35.22758483886747,64.38372039794933],[35.2267684936524,64.38451385498064],[35.2232398986817,64.3879623413086],[35.22289657592785,64.38829803466808],[35.232360839844034,64.39236450195312],[35.243061065673885,64.39109802246116],[35.24813842773443,64.39050292968773],[35.255985260009936,64.38771820068371],[35.262889862060604,64.38986206054722],[35.27178573608393,64.39372253417969],[35.27369689941412,64.39537048339838],[35.28278350830095,64.4032211303711],[35.28718566894548,64.4035186767581],[35.29128646850603,64.40192413330078],[35.292137145996264,64.39700317382835]]],[[[35.46586227416998,64.39655303955078],[35.462055206298885,64.39316558837913],[35.45358657836931,64.39352416992188],[35.443485260009936,64.39161682128906],[35.44119262695324,64.39344787597668],[35.4497833251956,64.39662170410179],[35.452083587646655,64.40482330322288],[35.45868682861334,64.40612030029297],[35.465286254882756,64.40312194824224],[35.46586227416998,64.39655303955078]]],[[[35.58048629760748,64.40281677246088],[35.56918334960966,64.39632415771479],[35.559970855713175,64.39511108398443],[35.556484222412166,64.39122009277344],[35.55022048950224,64.39064025878906],[35.53998565673834,64.39601898193382],[35.540065765380916,64.39609527587902],[35.54361343383806,64.39962005615234],[35.53478622436552,64.40422058105491],[35.53848648071306,64.40621948242199],[35.56078338623058,64.401123046875],[35.56528472900408,64.40251922607445],[35.56498336792009,64.40631866455101],[35.572486877441406,64.40842437744163],[35.58418655395536,64.40711975097679],[35.58048629760748,64.40281677246088]]],[[[35.02133178710943,64.47897338867188],[35.01528549194353,64.47762298583984],[35.00058364868181,64.47882080078148],[35.000003814697436,64.479232788086],[34.994686126709155,64.48301696777366],[34.971637725830135,64.48569488525413],[34.96894454956072,64.48802947998058],[34.97061157226568,64.4904479980471],[34.98008346557623,64.49332427978538],[35.0,64.49338531494152],[35.01152801513666,64.49342346191423],[35.01844406127958,64.49344635009766],[35.02505493164091,64.49169158935541],[35.028984069824276,64.49062347412132],[35.03044509887707,64.48796844482445],[35.025833129882756,64.48510742187523],[35.02238464355497,64.4835205078125],[35.02133178710943,64.47897338867188]]],[[[34.984985351562784,64.4980239868164],[34.95678329467779,64.49771881103538],[34.94868469238287,64.50122070312511],[34.9487686157226,64.50128173828125],[34.951786041259936,64.50351715087885],[34.9521102905274,64.50350189208996],[34.9846839904788,64.50202178955078],[34.98838424682634,64.49961853027366],[34.984985351562784,64.4980239868164]]],[[[34.82228469848633,64.50711822509777],[34.821468353271484,64.50743103027366],[34.81210327148443,64.51097869873081],[34.81219863891607,64.51102447509766],[34.81227874755865,64.51103210449241],[34.826915740966854,64.51205444335983],[34.82825088500982,64.50916290283226],[34.82228469848633,64.50711822509777]]],[[[35.012985229492244,64.65341949462902],[35.001167297363395,64.64759063720703],[35.00001144409197,64.64824676513683],[34.99455642700201,64.65133666992182],[34.999984741210994,64.653823852539],[35.001613616943416,64.65456390380871],[35.00566482543974,64.65641784667974],[35.01507568359381,64.65631866455112],[35.01305389404291,64.65351867675804],[35.012985229492244,64.65341949462902]]],[[[34.9794464111331,64.71258544921909],[34.98718643188505,64.71022033691435],[35.0,64.71133422851585],[35.00585937500017,64.71183013916016],[35.01350021362333,64.71072387695312],[35.01018524169916,64.70262145996105],[34.999984741210994,64.7037200927735],[34.98378372192383,64.70542144775413],[34.97840118408203,64.70874786376947],[34.97241592407232,64.71244812011741],[34.977638244628906,64.71314239501947],[34.9794464111331,64.71258544921909]]],[[[35.04230499267584,64.74033355712913],[35.036167144775504,64.73319244384766],[35.018695831299,64.73425292968778],[35.04327774047846,64.74466705322266],[35.04569625854498,64.74283599853544],[35.04230499267584,64.74033355712913]]],[[[35.092182159423885,64.74772644042969],[35.07975006103527,64.74683380126959],[35.067485809326456,64.75302124023472],[35.079685211181925,64.75362396240234],[35.091083526611385,64.75002288818382],[35.092182159423885,64.74772644042969]]],[[[34.9419,64.7549],[35.0163,64.744],[34.832,64.7076],[34.9419,64.7549]]],[[[35.022686004638615,64.75511932373081],[35.01728439331066,64.75411987304699],[35.013084411621264,64.75572204589844],[35.02280426025408,64.76230621337902],[35.01688766479498,64.76933288574224],[35.024665832519815,64.77075195312517],[35.03691482543951,64.77016448974604],[35.0357208251956,64.7665252685548],[35.028861999512,64.75897216796875],[35.022686004638615,64.75511932373081]]],[[[34.87248611450201,64.7709197998048],[34.877983093262,64.77262115478527],[34.87794494628912,64.77318572998058],[34.87778472900419,64.7755203247072],[34.878723144531534,64.77550506591791],[34.88268661499018,64.77542114257835],[34.882045745849666,64.7727890014653],[34.880683898925724,64.76721954345726],[34.874485015869084,64.76682281494163],[34.87313842773443,64.76958465576183],[34.87293624877958,64.76999664306675],[34.87248611450201,64.7709197998048]]],[[[34.958786010742244,64.7950210571289],[34.95218658447294,64.79382324218744],[34.94733428955084,64.79519653320312],[34.94708251953142,64.79846954345726],[34.94655609130865,64.80503082275402],[34.954113006591854,64.80833435058628],[34.96658325195318,64.80239105224621],[34.962085723877124,64.80091857910156],[34.95883941650419,64.7951126098634],[34.958786010742244,64.7950210571289]]],[[[34.88748550415056,64.91702270507824],[34.90885925292997,64.90888977050781],[34.92088317871122,64.90762329101568],[34.91747283935575,64.90280914306663],[34.90868377685575,64.90502166748041],[34.901885986328296,64.90341949462896],[34.89611053466825,64.90860748291027],[34.88735961914057,64.90983581542969],[34.883472442627124,64.9131698608403],[34.87780380249029,64.91271972656273],[34.87518310546892,64.91641998291027],[34.87776565551775,64.91726684570312],[34.880985260009936,64.91831970214889],[34.88748550415056,64.91702270507824]]],[[[35.15538406372099,64.92981719970697],[35.15835952758789,64.92588806152366],[35.151786804199276,64.92252349853527],[35.132286071777514,64.92771911621088],[35.1253280639649,64.9215011596682],[35.12468338012724,64.92092132568382],[35.11949920654314,64.92044067382824],[35.112804412841854,64.92475128173851],[35.09716796874994,64.92986297607422],[35.0999183654788,64.93216705322266],[35.09694290161133,64.93963623046898],[35.1024703979495,64.94313812255871],[35.12544631958036,64.94975280761741],[35.131862640380916,64.94824981689459],[35.14191818237322,64.93499755859375],[35.15538406372099,64.92981719970697]]],[[[35.16888809204107,64.95433044433616],[35.174137115478516,64.94477844238304],[35.17138671875017,64.94361877441429],[35.16694259643555,64.94355773925798],[35.15631866455095,64.94603729248064],[35.151306152344034,64.94305419921898],[35.13718414306669,64.95242309570335],[35.14248657226568,64.95432281494163],[35.16009140014654,64.95432281494163],[35.16888809204107,64.95433044433616]]],[[[35.00498580932634,64.9493179321289],[34.999984741210994,64.94682312011719],[34.99205398559576,64.9476089477539],[34.98078536987305,64.95391845703148],[34.98448562622099,64.95712280273438],[34.98506164550798,64.95682525634771],[34.98938369750982,64.9546203613283],[35.0,64.952896118164],[35.00108337402361,64.95272064209018],[35.00468063354498,64.94958496093756],[35.00498580932634,64.9493179321289]]],[[[35.00838851928711,64.95877838134777],[35.0,64.95708465576166],[34.992084503173885,64.96131896972656],[35.000003814697436,64.96707916259788],[35.00075531005865,64.9676284790039],[35.00802612304693,64.96836090087925],[35.01194763183611,64.96532440185547],[35.01244354248075,64.9649429321289],[35.00758361816406,64.9628067016601],[35.00478363037115,64.96162414550793],[35.00838851928711,64.95877838134777]]],[[[35.03278350830084,64.99021911621122],[35.03808593750017,64.97932434082054],[35.029685974121264,64.98021697998047],[35.02561187744169,64.98547363281261],[35.02668380737299,64.99002075195318],[35.02809906005888,64.99006652832043],[35.03278350830084,64.99021911621122]]],[[[34.842086791992244,64.98912048339855],[34.84386062622076,64.98480224609375],[34.839786529541186,64.98191833496094],[34.82698440551752,64.98042297363281],[34.81845474243181,64.97629547119169],[34.81478500366205,64.97451782226585],[34.807285308838004,64.97602081298828],[34.805389404297046,64.98480224609375],[34.810054779052905,64.98766326904297],[34.82313919067411,64.98750305175804],[34.836166381835994,64.99175262451217],[34.840766906738565,64.98970794677729],[34.842086791992244,64.98912048339855]]],[[[34.81758499145519,65.06642150878906],[34.81288528442383,65.06352233886713],[34.81028366088873,65.06385803222668],[34.80668640136719,65.06432342529297],[34.80632019042986,65.06657409667963],[34.8056831359865,65.07051849365263],[34.80708312988298,65.07569122314464],[34.81547164916998,65.07592010498041],[34.818222045898494,65.07358551025402],[34.81758499145519,65.06642150878906]]],[[[34.71269607543974,65.11533355712896],[34.717166900634936,65.10961151123053],[34.714183807373104,65.10801696777344],[34.69728469848627,65.10152435302734],[34.6895828247072,65.1026077270509],[34.68678665161161,65.10491943359392],[34.69428634643572,65.11272430419916],[34.70283508300787,65.11196899414057],[34.71269607543974,65.11533355712896]]],[[[34.72208404541021,65.18811798095703],[34.717884063720646,65.18261718750023],[34.72044372558622,65.17752838134811],[34.70868682861345,65.17832183837902],[34.71458435058611,65.17331695556646],[34.71047210693365,65.17160797119169],[34.70686721801775,65.17207336425781],[34.70524978637724,65.17227935791016],[34.69522094726568,65.17686462402344],[34.664386749267635,65.18312072753923],[34.662483215331974,65.18611907958996],[34.67197036743181,65.1850814819336],[34.69698333740263,65.18762207031256],[34.70301818847662,65.18980407714878],[34.70498657226591,65.19052124023449],[34.72208404541021,65.18811798095703]]],[[[36.79588317871111,65.19084930419945],[36.788486480713175,65.19052124023449],[36.78807067871111,65.19066619873053],[36.77839660644537,65.19403076171875],[36.78648376464872,65.2012176513673],[36.81198501586914,65.21031951904303],[36.81248855590832,65.21038055419916],[36.82272338867216,65.2116394042971],[36.828639984130916,65.20935821533209],[36.826194763183594,65.20471954345703],[36.80638504028332,65.19291687011724],[36.80350494384783,65.19210052490234],[36.79968643188482,65.19101715087913],[36.79588317871111,65.19084930419945]]],[[[34.51928329467802,65.32221984863281],[34.504085540771484,65.31832122802746],[34.496986389160156,65.31982421875011],[34.512886047363395,65.32531738281273],[34.52788543701172,65.32642364501976],[34.53258514404291,65.32462310791027],[34.52888488769537,65.3226242065432],[34.51928329467802,65.32221984863281]]],[[[34.89378356933605,65.62271881103527],[34.89005661010748,65.62091827392601],[34.88178634643572,65.62252044677746],[34.865085601806925,65.63562011718773],[34.86948394775408,65.63661956787138],[34.87060546875017,65.63626098632824],[34.87828445434599,65.63381958007807],[34.89378356933605,65.62271881103527]]],[[[35.022140502929744,65.71749877929733],[35.01908493042009,65.7170181274414],[34.999984741210994,65.71791839599621],[34.99528503417997,65.71811676025385],[34.98524856567411,65.72242736816429],[35.0,65.7217254638673],[35.017581939697436,65.7197189331057],[35.022140502929744,65.71749877929733]]],[[[34.9451,65.7806],[35.0167,65.7545],[34.8993,65.7415],[34.9451,65.7806]]],[[[34.8925,65.7924],[34.8353,65.7543],[34.9473,65.6804],[34.6749,65.7903],[34.8925,65.7924]]],[[[33.919498443603686,66.2190856933596],[33.903861999511776,66.21258544921898],[33.90598678588884,66.21961975097656],[33.91218566894548,66.22312164306646],[33.92248535156267,66.22441864013695],[33.92428588867216,66.22192382812523],[33.919498443603686,66.2190856933596]]],[[[33.9108,66.2792],[33.9652,66.2584],[33.783,66.2694],[33.9108,66.2792]]],[[[33.63015365600603,66.31060028076172],[33.61988449096697,66.31041717529297],[33.61694717407255,66.3131790161134],[33.61668395996088,66.31342315673862],[33.633785247802905,66.31571960449219],[33.64748382568365,66.3154220581057],[33.65148544311518,66.31282043457043],[33.64838409423845,66.31092071533197],[33.63015365600603,66.31060028076172]]],[[[33.47111129760759,66.30774688720703],[33.44985961914068,66.30533599853544],[33.433807373047046,66.30555725097668],[33.41833496093767,66.30966949462913],[33.42044448852545,66.3118362426759],[33.4292831420899,66.31352233886724],[33.46598434448248,66.31581878662115],[33.48588562011736,66.3139190673831],[33.48278427124029,66.31082153320335],[33.47111129760759,66.30774688720703]]],[[[33.87969589233404,66.30825042724604],[33.87538528442411,66.30651855468761],[33.85228347778349,66.30892181396507],[33.828186035156534,66.3093185424807],[33.80775070190447,66.31500244140648],[33.80238342285162,66.31842041015625],[33.80778503417997,66.32012176513672],[33.83068466186529,66.31842041015625],[33.861583709716854,66.31401824951172],[33.87668609619158,66.31052398681652],[33.87969589233404,66.30825042724604]]],[[[33.785472869873104,66.32057952880865],[33.79778671264643,66.31481933593773],[33.801086425781534,66.31062316894554],[33.796783447265796,66.30862426757824],[33.767784118652514,66.30702209472679],[33.7646102905274,66.30516815185558],[33.77585983276367,66.29691314697288],[33.7666854858399,66.29431915283214],[33.74908447265642,66.29531860351562],[33.6743240356447,66.29934692382812],[33.67098617553728,66.29953002929688],[33.65258407592802,66.3017196655278],[33.662860870361385,66.3084716796875],[33.658111572265796,66.31716918945358],[33.66633224487333,66.32005310058605],[33.738983154297046,66.31612396240234],[33.75718307495134,66.3197250366211],[33.766277313232706,66.3215255737307],[33.785472869873104,66.32057952880865]]],[[[33.80708312988298,66.35292053222656],[33.823184967041186,66.34892272949219],[33.848484039306925,66.3512191772461],[33.8551864624024,66.34931945800781],[33.86216735839844,66.34439086914085],[33.85928344726591,66.34322357177734],[33.83878326416021,66.34242248535156],[33.83598327636747,66.34031677246128],[33.845886230468864,66.33281707763683],[33.83902740478544,66.32917022705084],[33.808277130126896,66.32633209228527],[33.803779602051065,66.32783508300787],[33.807285308838175,66.33171844482416],[33.806583404541186,66.34552001953148],[33.79816818237299,66.35099792480503],[33.80128479003935,66.35282135009771],[33.80449676513683,66.35287475585949],[33.80708312988298,66.35292053222656]]],[[[33.807186126709155,66.41001892089866],[33.80058670043957,66.4084243774414],[33.76541519165056,66.41380310058616],[33.722026824951456,66.41652679443365],[33.72372055053722,66.4189453125],[33.76858520507818,66.42075347900402],[33.782138824462834,66.41999816894543],[33.807186126709155,66.41001892089866]]],[[[33.40468597412115,66.4705200195317],[33.37847137451189,66.46886444091814],[33.37863922119135,66.48116302490257],[33.396083831787394,66.4799194335937],[33.40555572509783,66.475082397461],[33.40748596191423,66.47151947021479],[33.40468597412115,66.4705200195317]]],[[[33.429748535156534,66.48124694824213],[33.424915313720874,66.47949981689464],[33.39208602905268,66.48391723632807],[33.388385772705135,66.48731994628918],[33.400035858154354,66.48955535888695],[33.40038681030279,66.48962402343761],[33.42228317260759,66.48661804199219],[33.429748535156534,66.48124694824213]]],[[[33.036285400390625,66.5284194946289],[33.06188583374052,66.52591705322266],[33.0763320922851,66.52703094482416],[33.08408737182634,66.52671813964866],[33.10148620605497,66.52602386474655],[33.11398315429693,66.52281951904308],[33.1181907653808,66.51744842529308],[33.06208419799833,66.51831817626953],[33.035285949707315,66.51661682128929],[33.016986846923885,66.51721954345726],[33.013942718505916,66.51969146728538],[33.023784637451115,66.52642059326183],[33.036285400390625,66.5284194946289]]],[[[33.28020095825201,66.61470794677763],[33.26868438720709,66.61231994628906],[33.267402648926065,66.61763000488276],[33.28020095825201,66.61470794677763]]],[[[33.4024,66.5836],[33.5307,66.5174],[33.0577,66.5772],[33.2311,66.6276],[33.4024,66.5836]]],[[[34.8725,64.7709],[34.7363,64.7428],[34.968,64.6055],[34.7778,64.5168],[34.9503,64.4931],[34.9732,64.4201],[35.4082,64.2866],[35.5955,64.3141],[35.5974,64.3814],[35.7336,64.353],[35.9701,64.1811],[36.0631,64.211],[36.24,64.1312],[36.188,64.0718],[36.287,63.9795],[36.6118,63.9425],[36.6634,63.7801],[36.4085,63.6183],[35.9685,63.6297],[36.3724,63.3204],[36.306,63.2393],[36.4616,63.2497],[36.3239,63.1386],[36.3514,63.0254],[36.6599,62.8238],[37.1053,62.6992],[37.4875,62.7048],[37.6018,62.6223],[37.6156,62.4515],[37.4778,62.2944],[37.7451,62.2333],[37.8484,62.0516],[37.9499,62.0136],[37.8582,61.8255],[37.9319,61.7652],[37.7982,61.6905],[37.7884,61.5504],[37.3941,61.5239],[37.0739,61.6305],[36.8838,61.5479],[36.6878,61.5836],[36.464,61.4143],[35.4883,61.1692],[35.3464,61.2084],[35.3495,61.3149],[35.1571,61.2587],[34.7601,61.3462],[34.5065,61.2472],[34.4731,61.1559],[34.2101,61.2729],[33.7744,61.2763],[33.4715,61.1964],[33.6544,61.0984],[33.9023,61.1026],[33.7893,60.9668],[33.4423,61.0119],[33.1308,60.7768],[32.9587,60.761],[32.785,60.6465],[29.6399,61.1883],[29.3216,61.3358],[30.6582,62.2059],[31.1627,62.4528],[31.5828,62.9137],[31.279,63.113],[31.2313,63.2258],[30.5052,63.4619],[29.981,63.7545],[30.2522,63.8244],[30.5564,64.1122],[30.485,64.2549],[30.053,64.4043],[30.0084,64.5571],[30.143,64.6528],[30.0433,64.7279],[30.0897,64.7766],[29.7509,64.7896],[29.6327,64.8902],[29.6257,65.0599],[29.8901,65.1049],[29.8269,65.1383],[29.8776,65.2133],[29.6095,65.2511],[29.7686,65.3341],[29.742,65.4661],[29.8777,65.5652],[29.7344,65.6279],[30.1254,65.6657],[30.1278,65.7349],[29.9093,66.1388],[29.6699,66.292],[29.4144,66.5866],[31.3568,66.6512],[31.5764,66.6263],[31.5949,66.5217],[31.7377,66.4968],[31.8494,66.3812],[32.2855,66.3753],[32.2882,66.4458],[32.4413,66.4242],[32.2756,66.4821],[32.4933,66.4915],[32.5742,66.6021],[33.5995,66.4739],[33.5491,66.4495],[33.7107,66.4094],[33.4861,66.3781],[33.6727,66.3328],[33.0099,66.2537],[33.5892,66.3062],[33.8815,66.1964],[34.1059,66.224],[34.7007,65.9824],[34.6889,65.8688],[34.8526,65.8593],[34.7457,65.816],[34.8352,65.7946],[34.645,65.7823],[34.6661,65.6921],[34.7645,65.6877],[34.6659,65.6609],[34.7977,65.5869],[34.6361,65.4876],[34.6756,65.4378],[34.2807,65.3708],[34.4949,65.3284],[34.4745,65.2426],[34.7872,65.0697],[34.7482,65.0339],[34.8122,64.9956],[34.6793,64.9583],[34.956,64.8331],[34.8725,64.7709]]]]}},{"type":"Feature","properties":{"id":33,"name":"Khanty-Mansiy","neighbors":[36,71,79,87]},"geometry":{"type":"Polygon","coordinates":[[[62.7423,64.906],[62.8742,64.7726],[62.5619,64.6088],[62.5921,64.5572],[63.4345,64.4415],[63.5082,64.3209],[63.6838,64.2537],[64.102,64.3548],[65.5588,64.4949],[66.1791,64.5268],[66.4027,64.4499],[66.8251,64.5072],[66.957,64.413],[66.8399,64.2558],[66.8786,64.2025],[67.2282,64.1291],[67.2807,64.0567],[67.7374,64.0851],[67.8074,64.0283],[68.5133,64.2723],[68.9478,64.1696],[69.047,64.3183],[68.9519,64.4023],[69.1201,64.4256],[69.83,64.3595],[69.8775,64.3019],[70.3361,64.3325],[70.8001,64.1447],[70.8133,64.0885],[70.6518,64.0051],[70.9362,63.6937],[71.3595,63.6882],[71.5572,63.5686],[71.6789,63.1968],[72.2197,63.2954],[72.7483,63.2907],[72.9898,63.4174],[73.1524,63.4114],[73.531,63.1788],[74.1719,63.1781],[74.5311,63.0327],[75.7993,63.1212],[76.3363,62.9705],[76.7412,63.0377],[76.9661,63.0027],[77.2408,62.7896],[78.0494,62.5215],[78.7998,62.6088],[79.8384,62.5889],[79.9628,62.814],[80.6052,62.9883],[80.6514,63.0846],[80.9889,63.1339],[81.3376,62.9183],[81.3499,62.8359],[81.6179,62.8069],[81.852,62.6854],[82.1283,62.8223],[82.7917,62.7568],[82.7977,62.6458],[83.076,62.6053],[83.1027,62.5326],[83.3938,62.4547],[83.6078,62.5303],[83.622,62.4777],[83.9241,62.5172],[84.5145,62.1781],[84.5134,61.9886],[84.6851,61.8228],[85.9159,61.5481],[85.9643,61.4684],[85.6537,61.3934],[85.6618,61.2593],[84.253,60.844],[83.946,60.8346],[83.5178,61.0134],[83.1962,61.0016],[82.5305,60.7544],[82.2468,60.5129],[81.8638,60.6252],[81.0819,60.6235],[81.0471,60.7332],[80.8198,60.7853],[80.1607,60.6698],[79.4517,60.6406],[79.303,60.6577],[79.2472,60.7901],[79.0996,60.8072],[78.8751,60.7423],[78.6797,60.8249],[78.0277,60.748],[77.0912,60.8265],[77.0024,60.635],[77.073,60.5393],[76.8592,60.4518],[76.8665,60.2225],[76.7212,60.0759],[76.7652,59.9736],[76.6702,59.5643],[76.172,59.5205],[75.9383,59.4083],[75.6155,59.1825],[75.6774,58.9457],[75.1425,58.6492],[74.1282,58.702],[73.6834,58.8424],[73.0962,58.8234],[72.9646,58.855],[73.0995,58.935],[72.899,59.0309],[72.9619,59.1308],[72.6543,59.099],[72.0805,59.5209],[71.8757,59.5338],[71.1913,59.8424],[70.5891,59.805],[70.14,59.9331],[69.7024,59.8544],[69.6974,59.9228],[69.5579,59.9557],[69.2459,59.8936],[69.4026,59.7621],[68.8737,59.5434],[68.6119,59.5442],[68.424,59.2474],[67.7673,59.1562],[67.6346,59.047],[67.1664,58.9154],[67.0329,58.9748],[66.8222,58.8848],[66.8295,58.6585],[65.9773,58.5671],[65.9387,58.6581],[65.5396,58.8078],[65.2789,59.2368],[65.1468,59.2527],[65.1037,59.3437],[64.1612,59.4104],[63.9253,59.4993],[63.8508,59.5775],[63.7729,60.0857],[63.2598,60.241],[63.3267,60.3196],[63.2914,60.3974],[62.94,60.7067],[62.8343,60.8865],[62.8955,61.0732],[62.7187,61.2032],[61.178,61.6847],[60.4248,61.7494],[60.0693,61.7135],[59.9511,61.8855],[59.4647,61.9473],[59.447,62.1641],[59.4866,62.2666],[59.635,62.3064],[59.6318,62.4263],[59.4484,62.5274],[59.3696,62.6987],[59.4825,62.7579],[59.4852,62.8409],[59.2341,63.0185],[59.3191,63.0781],[59.272,63.1815],[59.3552,63.236],[59.3125,63.2974],[59.3893,63.324],[59.4698,63.564],[59.4762,63.8089],[59.897,64.0745],[59.8407,64.1454],[59.6784,64.1479],[59.6364,64.4399],[59.4965,64.5053],[59.7461,64.6785],[59.6313,64.7337],[59.6394,64.8012],[60.0393,64.9315],[60.037,65.0131],[60.192,65.0719],[60.463,65.0273],[60.598,64.9036],[60.7648,64.9476],[61.3737,65.2338],[61.3498,65.3604],[61.6259,65.554],[62.0625,65.7016],[62.3011,65.6031],[62.4578,65.4021],[62.8746,65.2906],[62.8183,64.9822],[62.7423,64.906]]]}},{"type":"Feature","properties":{"id":34,"name":"Kirov","neighbors":[5,36,38,46,52,60,73,80,85]},"geometry":{"type":"Polygon","coordinates":[[[47.6543,61.0512],[47.9479,60.9956],[47.9605,60.888],[48.3984,60.8299],[48.5161,60.5951],[48.5059,60.4603],[48.6926,60.3673],[48.4229,60.1713],[48.465,59.722],[49.035,59.6729],[49.0066,59.4991],[49.5502,59.4112],[49.5026,59.2589],[49.5861,59.2336],[49.8002,59.2627],[49.8211,59.6721],[50.0334,59.7033],[49.9879,59.7912],[50.8439,59.8975],[51.092,60.0894],[51.307,60.0725],[51.4314,59.9474],[51.519,59.9503],[51.9982,60.3413],[52.596,60.2007],[53.3451,60.1437],[53.4443,60.2309],[53.6531,60.068],[53.6497,59.9124],[53.5558,59.7097],[53.4309,59.7004],[53.3957,59.5587],[53.2091,59.3625],[53.3873,59.1591],[53.8257,59.0984],[53.7436,59.0077],[53.7872,58.8616],[53.8955,58.7884],[53.724,58.702],[53.7748,58.4901],[53.6187,58.4524],[53.2319,58.4244],[53.1142,58.544],[52.9139,58.5051],[52.8421,58.403],[52.1008,58.4731],[51.7962,58.3467],[51.6698,58.1742],[51.9494,57.9981],[51.8864,57.9312],[51.9242,57.7468],[51.8685,57.6591],[51.6118,57.4689],[51.2156,57.4298],[51.1127,57.2952],[51.5315,56.8643],[51.3634,56.6727],[51.1651,56.658],[51.1533,56.5107],[51.497,56.3087],[51.3986,56.2447],[51.4994,56.2028],[51.3936,56.1007],[51.0319,56.1763],[50.925,56.2656],[50.9625,56.357],[50.8641,56.4582],[50.7921,56.4362],[50.8208,56.3706],[50.6552,56.3979],[50.379,56.705],[50.1011,56.6515],[50.0978,56.8648],[49.7542,56.9133],[49.7677,57.061],[49.2735,57.0643],[49.1884,57.1916],[49.2086,57.3405],[49.0527,57.3168],[49.0791,57.2124],[48.9384,57.0974],[48.8284,57.1205],[48.8665,57.1751],[48.8022,57.1993],[48.4458,57.1305],[48.2839,57.173],[48.0652,57.0254],[47.76,57.0801],[47.5097,56.8663],[47.1562,56.8496],[47.1226,56.9371],[46.7967,56.9461],[46.742,57.1716],[46.8388,57.2159],[46.7078,57.424],[46.7808,57.5084],[47.2516,57.5863],[47.4716,57.5435],[47.6015,57.8377],[47.7784,57.9448],[47.0864,58.0349],[46.406,58.0279],[46.3469,58.1036],[46.4863,58.236],[46.4379,58.3133],[46.5106,58.3619],[46.4346,58.3859],[46.6195,58.4311],[46.5905,58.506],[46.6824,58.6095],[47.0514,58.6334],[47.0252,58.7064],[47.3621,58.7992],[47.2953,58.9104],[47.6347,58.9403],[47.4588,59.1665],[47.3287,59.1539],[47.2634,59.222],[47.2799,59.3415],[47.0694,59.3596],[47.1388,59.7126],[46.8857,59.7951],[47.0428,60.1541],[46.7278,60.041],[46.4178,60.1182],[46.3295,60.2382],[46.8005,60.2748],[46.8883,60.4992],[47.0694,60.5926],[47.0018,60.7601],[47.187,61.0593],[47.6543,61.0512]]]}},{"type":"Feature","properties":{"id":36,"name":"Komi","neighbors":[5,33,34,51,60,71,87]},"geometry":{"type":"Polygon","coordinates":[[[65.142,68.394],[65.4862,68.4089],[65.3333,68.2846],[65.3811,67.9744],[65.5747,67.9065],[66.0702,67.9472],[66.1284,67.8972],[66.0257,67.8074],[66.2665,67.6706],[65.8246,67.5951],[66.0638,67.5608],[66.1368,67.4523],[65.0542,67.0696],[65.1189,66.9011],[63.3942,66.4553],[63.2403,66.3233],[63.3236,66.2289],[63.0644,66.1856],[62.8348,66.022],[62.8965,65.9648],[62.7754,65.8558],[61.6259,65.554],[61.3498,65.3604],[61.3737,65.2338],[60.7648,64.9476],[60.598,64.9036],[60.463,65.0273],[60.192,65.0719],[60.037,65.0131],[60.0393,64.9315],[59.6394,64.8012],[59.6313,64.7337],[59.7461,64.6785],[59.4965,64.5053],[59.6364,64.4399],[59.6784,64.1479],[59.8407,64.1454],[59.897,64.0745],[59.4762,63.8089],[59.4698,63.564],[59.3893,63.324],[59.3125,63.2974],[59.3552,63.236],[59.272,63.1815],[59.3191,63.0781],[59.2341,63.0185],[59.4852,62.8409],[59.4825,62.7579],[59.3696,62.6987],[59.4484,62.5274],[59.6318,62.4263],[59.635,62.3064],[59.4866,62.2666],[59.447,62.1641],[59.4647,61.9473],[59.3571,61.8131],[59.3951,61.6983],[58.8498,61.5189],[57.11,61.5023],[56.7436,61.56],[56.5842,61.4503],[56.4555,61.4593],[56.2958,61.2491],[55.9068,61.2958],[55.7725,61.1427],[55.3171,61.1586],[54.9895,60.9036],[53.8814,60.9869],[53.8289,60.8596],[53.3423,60.9001],[53.4354,61.0537],[52.8703,61.0907],[52.7802,60.9697],[52.4734,60.9816],[52.3478,60.8591],[51.9085,60.9],[51.7679,60.612],[52.3433,60.4547],[52.3727,60.3391],[52.2859,60.2661],[51.9558,60.3252],[51.519,59.9503],[51.4314,59.9474],[51.307,60.0725],[51.092,60.0894],[50.8439,59.8975],[49.9879,59.7912],[50.0334,59.7033],[49.8211,59.6721],[49.8422,59.3509],[49.7561,59.236],[49.5026,59.2589],[49.5502,59.4112],[49.0066,59.4991],[49.035,59.6729],[48.465,59.722],[48.4229,60.1713],[48.7037,60.3397],[48.5059,60.4603],[48.5161,60.5951],[48.3323,60.8559],[48.377,60.991],[48.5155,61.0629],[48.768,61.1502],[49.2463,61.1783],[49.513,61.6095],[49.0477,61.6744],[49.586,62.769],[48.7266,62.8353],[48.6159,62.7298],[48.3352,62.7248],[48.1938,62.4809],[48.2784,62.423],[48.2767,62.3281],[47.6464,62.3325],[47.5959,62.215],[47.3757,62.2176],[47.3486,62.3463],[47.1662,62.3456],[47.2014,62.6585],[47.0313,62.8861],[47.5448,63.1243],[47.0189,63.2941],[46.854,63.4648],[47.0065,63.5557],[46.9716,63.6963],[46.3776,63.931],[45.6932,64.0245],[45.4244,64.228],[45.9348,64.3275],[46.363,64.2934],[46.5473,64.3664],[47.805,64.3981],[48.0928,64.3761],[48.108,64.2737],[48.3997,64.2433],[48.434,64.3603],[48.8187,64.3658],[48.9157,64.4967],[49.4004,64.4756],[49.5606,64.6098],[50.2645,64.5242],[50.4309,64.8544],[49.9882,64.9589],[49.6153,65.32],[49.0538,65.2736],[49.0009,66.0243],[48.9307,66.1087],[51.5544,66.7796],[51.5323,66.9069],[52.1658,67.0764],[55.9716,66.9781],[61.7049,67.0171],[62.9446,67.4036],[62.9684,67.5388],[63.3821,67.7718],[63.752,67.7517],[63.7406,67.8033],[63.9898,67.9163],[63.9344,68.0271],[64.6112,68.1966],[64.5842,68.3352],[65.142,68.394]]]}},{"type":"Feature","properties":{"id":38,"name":"Kostroma","neighbors":[22,34,52,85,88]},"geometry":{"type":"Polygon","coordinates":[[[47.1232,59.6086],[47.0694,59.3596],[47.2799,59.3415],[47.2634,59.222],[47.3287,59.1539],[47.4588,59.1665],[47.6194,58.9063],[47.3261,58.9218],[47.3621,58.7992],[47.0252,58.7064],[47.0514,58.6334],[46.6824,58.6095],[46.5905,58.506],[46.6195,58.4311],[46.4346,58.3859],[46.5106,58.3619],[46.4379,58.3133],[46.4863,58.236],[46.33,58.131],[46.3903,58.08],[45.8651,58.0447],[45.699,57.9205],[45.4667,58.0338],[44.8873,58.0661],[44.8772,57.8673],[44.7758,57.7039],[44.6115,57.7028],[44.3894,57.5167],[44.079,57.4408],[43.7282,57.4483],[43.4708,57.5458],[43.2367,57.4337],[43.2079,57.6296],[43.1343,57.5582],[43.1458,57.4206],[42.8815,57.3917],[42.7739,57.4506],[42.8592,57.4961],[42.8418,57.6657],[42.1341,57.5698],[41.6182,57.7124],[41.6089,57.4687],[41.1571,57.4246],[41.0351,57.308],[40.4995,57.2833],[40.4058,57.3963],[40.5236,57.5998],[40.6942,57.617],[40.6103,57.6988],[40.6987,57.7922],[40.6209,57.8929],[40.7713,57.9531],[40.76,58.0616],[41.2176,58.3476],[40.9751,58.5268],[41.287,58.72],[41.1793,58.7863],[41.283,58.8373],[41.2124,58.9163],[41.3403,58.9987],[41.3807,58.941],[41.6593,59.0617],[42.0946,59.1095],[42.1107,59.2349],[41.9724,59.2828],[42.075,59.4249],[42.2157,59.4052],[42.3209,59.2645],[42.6191,59.3261],[42.8379,59.1462],[43.1621,59.2673],[43.3624,59.2172],[43.3558,59.2696],[43.515,59.304],[43.551,59.1833],[43.7992,59.2796],[43.8019,59.2219],[44.1705,59.2228],[44.316,59.1357],[44.9981,59.1198],[45.066,59.1887],[45.3263,59.2221],[45.9361,59.1853],[46.0582,59.3292],[46.3926,59.3698],[46.4282,59.5918],[47.1232,59.6086]]]}},{"type":"Feature","properties":{"id":39,"name":"Krasnodar","neighbors":[1,28,63,70]},"geometry":{"type":"MultiPolygon","coordinates":[[[[36.649028778076456,45.31486129760748],[36.649028778076456,45.314582824707315],[36.649307250976676,45.314582824707315],[36.649307250976676,45.313751220703125],[36.64958190917986,45.313751220703125],[36.64958190917986,45.31291580200201],[36.649307250976676,45.31291580200201],[36.649307250976676,45.31263732910179],[36.648750305176065,45.31263732910179],[36.648750305176065,45.311248779296875],[36.64764022827154,45.311248779296875],[36.64764022827154,45.311805725097656],[36.64736175537115,45.311805725097656],[36.64736175537115,45.31208419799822],[36.64708328247076,45.31208419799822],[36.64708328247076,45.31236267089861],[36.64680480957037,45.31236267089861],[36.64680480957037,45.31291580200201],[36.64708328247076,45.31291580200201],[36.64708328247076,45.313751220703125],[36.64736175537115,45.313751220703125],[36.64736175537115,45.314304351806925],[36.64764022827154,45.314304351806925],[36.64764022827154,45.31486129760748],[36.649028778076456,45.31486129760748]]],[[[36.66736221313505,45.31819534301758],[36.66736221313505,45.31791687011719],[36.66791534423845,45.31791687011719],[36.66791534423845,45.3176383972168],[36.66847229003923,45.3176383972168],[36.66847229003923,45.31735992431658],[36.669029235840014,45.31735992431658],[36.669029235840014,45.317085266113395],[36.669582366943416,45.317081451416016],[36.669582366943416,45.316806793213004],[36.6701393127442,45.316806793213004],[36.6701393127442,45.316528320312784],[36.67069625854492,45.316528320312784],[36.67069625854492,45.31624984741222],[36.67124938964872,45.31624984741222],[36.67124938964872,45.316528320312784],[36.672359466552734,45.316528320312784],[36.672359466552734,45.31597137451166],[36.672084808349666,45.31597137451166],[36.672084808349666,45.31569290161127],[36.66986083984381,45.31569290161127],[36.66986083984381,45.31541824340843],[36.66847229003923,45.31541824340843],[36.66847229003923,45.31569290161127],[36.66791534423845,45.31569290161127],[36.66791534423845,45.316806793213004],[36.66764068603544,45.316806793213004],[36.66764068603544,45.317081451416016],[36.66652679443354,45.317081451416016],[36.66652679443354,45.31735992431658],[36.666248321533146,45.31735992431658],[36.666248321533146,45.31819534301758],[36.66736221313505,45.31819534301758]]],[[[36.704860687255916,45.33235931396513],[36.704860687255916,45.332084655761776],[36.706806182861385,45.332084655761776],[36.706806182861385,45.331806182861555],[36.7081947326663,45.331806182861555],[36.7081947326663,45.331249237060774],[36.70791625976557,45.331249237060774],[36.70791625976557,45.33097076416021],[36.704860687255916,45.33097076416021],[36.704860687255916,45.331249237060774],[36.70291519165056,45.331249237060774],[36.70291519165056,45.331527709961165],[36.701248168945256,45.331527709961165],[36.701248168945256,45.33235931396513],[36.704860687255916,45.33235931396513]]],[[[37.59680557251005,45.466526031494254],[37.59680557251005,45.46625137329124],[37.59736251831083,45.46625137329124],[37.59736251831083,45.46597290039085],[37.59763717651384,45.46597290039085],[37.59763717651384,45.46569442749029],[37.59791564941423,45.46569442749029],[37.59791564941423,45.46541595459007],[37.59875106811518,45.46541595459007],[37.59875106811518,45.46513748168968],[37.59902954101557,45.46513748168968],[37.59902954101557,45.46458435058594],[37.59930419921881,45.46458435058594],[37.59930419921881,45.464027404785156],[37.59902954101557,45.464027404785156],[37.59902954101557,45.463470458984375],[37.59875106811518,45.463470458984375],[37.59875106811518,45.463195800781364],[37.598472595214844,45.463195800781364],[37.598472595214844,45.462917327881144],[37.598194122314624,45.462917327881144],[37.598194122314624,45.46263885498058],[37.59708404541044,45.46263885498058],[37.59708404541044,45.46208190917963],[37.59680557251005,45.46208190917963],[37.59680557251005,45.46180725097679],[37.595973968505916,45.46180725097679],[37.595973968505916,45.46208190917963],[37.59458160400396,45.46208190917963],[37.59458160400396,45.46236038208002],[37.59402847290056,45.46236038208002],[37.59402847290056,45.462917327881144],[37.59430694580095,45.462917327881144],[37.59430694580095,45.463470458984375],[37.59458160400396,45.463470458984375],[37.59458160400396,45.464027404785156],[37.594860076904354,45.464027404785156],[37.594860076904354,45.46458435058594],[37.595138549804744,45.46458435058594],[37.595138549804744,45.4648628234865],[37.595417022705135,45.4648628234865],[37.595417022705135,45.46541595459007],[37.595695495605526,45.46541595459007],[37.595695495605526,45.46569442749029],[37.595973968505916,45.46569442749029],[37.595973968505916,45.46625137329124],[37.59652709960966,45.46625137329124],[37.59652709960966,45.466526031494254],[37.59680557251005,45.466526031494254]]],[[[38.28013992309576,46.226249694824276],[38.28013992309576,46.225971221924055],[38.280971527099894,46.225971221924055],[38.280971527099894,46.225692749023665],[38.281250000000284,46.225692749023665],[38.281250000000284,46.22541809082048],[38.281806945800895,46.22541809082048],[38.281806945800895,46.22513961791992],[38.28208160400408,46.22513961791992],[38.28208160400408,46.22486114501953],[38.28236007690447,46.22486114501953],[38.28236007690447,46.22375106811535],[38.28208160400408,46.22375106811535],[38.28208160400408,46.22208404541021],[38.281806945800895,46.22208404541021],[38.281806945800895,46.22180557250982],[38.281528472900675,46.22180557250982],[38.281528472900675,46.22152709960966],[38.281250000000284,46.22152709960966],[38.281250000000284,46.22124862670927],[38.280971527099894,46.22124862670927],[38.280971527099894,46.22097396850586],[38.28041839599615,46.22097396850586],[38.28041839599615,46.22069549560547],[38.27986145019537,46.22069549560547],[38.27986145019537,46.220417022705305],[38.27930450439459,46.220417022705305],[38.27930450439459,46.220138549804915],[38.27736282348661,46.220138549804915],[38.27736282348661,46.219860076904354],[38.27375030517584,46.219860076904354],[38.27375030517584,46.220138549804915],[38.27347183227545,46.220138549804915],[38.27347183227545,46.220417022705305],[38.272914886474666,46.220417022705305],[38.272914886474666,46.22069549560547],[38.272640228271655,46.22069549560547],[38.272640228271655,46.22097396850586],[38.272361755371264,46.22097396850586],[38.272361755371264,46.22124862670927],[38.272083282470874,46.22124862670927],[38.272083282470874,46.22319412231457],[38.272361755371264,46.22319412231457],[38.272361755371264,46.22347259521513],[38.272640228271655,46.22347259521513],[38.272640228271655,46.22402954101574],[38.272914886474666,46.22402954101574],[38.272914886474666,46.22430419921892],[38.27347183227545,46.22430419921892],[38.27347183227545,46.22458267211914],[38.27402877807623,46.22458267211914],[38.27402877807623,46.22486114501953],[38.27458190917997,46.22486114501953],[38.27458190917997,46.22513961791992],[38.27486038208036,46.22513961791992],[38.27486038208036,46.22541809082048],[38.27569580078131,46.22541809082048],[38.27569580078131,46.225692749023665],[38.2765274047851,46.225692749023665],[38.2765274047851,46.225971221924055],[38.27736282348661,46.225971221924055],[38.27736282348661,46.226249694824276],[38.28013992309576,46.226249694824276]]],[[[38.5013,46.8799],[38.8893,46.8347],[38.8004,46.6285],[39.0781,46.6733],[39.1893,46.803],[39.3837,46.8782],[39.8718,46.8195],[40.0262,46.754],[39.9572,46.5875],[40.1663,46.5233],[40.1912,46.3769],[40.2829,46.2982],[40.9768,46.276],[40.9781,46.1625],[41.1122,46.0863],[41.1749,45.8912],[41.3017,45.797],[41.1379,45.6757],[40.8763,45.6876],[40.8451,45.5637],[41.0385,45.4163],[41.0773,45.2333],[41.42,45.204],[41.4175,45.1159],[41.5415,44.9948],[41.7365,44.9204],[41.7476,44.8212],[41.5103,44.6782],[41.8698,44.4412],[41.6994,44.3498],[41.8157,44.2185],[41.7241,44.0554],[41.5063,43.9497],[41.3788,44.0471],[40.9702,44.1106],[40.9338,43.9437],[40.8191,43.9114],[40.7238,43.7308],[40.7162,43.5309],[40.1019,43.5677],[39.9938,43.3851],[38.7918,44.281],[38.2018,44.4171],[37.8015,44.7337],[37.7371,44.6496],[37.4821,44.6943],[37.236,44.9907],[36.6329,45.1401],[36.6068,45.2132],[36.9918,45.2887],[36.7993,45.3029],[36.7654,45.3757],[36.8568,45.379],[36.7643,45.4146],[36.6221,45.3054],[36.7854,45.4424],[37.3821,45.3187],[37.546,45.3896],[37.6151,45.6643],[37.8338,45.756],[37.9726,46.034],[38.1135,46.0554],[38.1074,45.9504],[38.2749,46.2607],[38.2565,46.154],[38.581,46.0385],[38.569,46.1143],[38.1504,46.3713],[37.9162,46.4074],[37.7274,46.6874],[38.0007,46.6351],[38.2926,46.7415],[38.3349,46.6629],[38.5951,46.6665],[38.5124,46.7499],[38.3954,46.726],[38.5013,46.8799]],[[39.6179,45.1819],[39.1855,45.0073],[38.6319,45.0893],[38.5701,45.0325],[39.0011,44.8498],[39.4196,44.8231],[39.5811,44.8597],[39.6698,45.0563],[39.9295,44.9925],[39.8981,44.9359],[40.0063,44.8594],[39.9548,44.8203],[40.0487,44.7732],[39.8408,44.5841],[39.8607,44.3721],[40.0903,44.2741],[40.0954,44.1492],[39.9465,44.0899],[39.7704,44.2286],[39.7121,44.1999],[39.7935,44.0989],[39.6476,43.9891],[40.354,43.8088],[40.4757,43.9757],[40.4163,44.1881],[40.5004,44.3591],[40.3606,44.6142],[40.4304,44.7417],[40.5286,44.7478],[40.6802,44.5816],[40.6831,44.4882],[40.7842,44.4493],[40.7279,44.6599],[40.7365,44.4929],[40.6435,44.6521],[40.7144,44.6772],[40.5387,44.932],[40.3005,45.0952],[40.0292,45.0625],[39.6179,45.1819]]]]}},{"type":"Feature","properties":{"id":1,"name":"Adygey","neighbors":[39]},"geometry":{"type":"Polygon","coordinates":[[[39.6479,45.1642],[40.0292,45.0625],[40.3005,45.0952],[40.5387,44.932],[40.7144,44.6772],[40.6435,44.6521],[40.7365,44.4929],[40.7158,44.6754],[40.757,44.6056],[40.8153,44.4747],[40.7608,44.4455],[40.5627,44.7291],[40.3996,44.6969],[40.3565,44.5881],[40.5004,44.3591],[40.4163,44.1881],[40.4757,43.9757],[40.354,43.8088],[39.6476,43.9891],[39.7935,44.0989],[39.7121,44.1999],[39.7704,44.2286],[39.9465,44.0899],[40.0954,44.1492],[40.0903,44.2741],[39.8607,44.3721],[39.8408,44.5841],[40.0487,44.7732],[39.9548,44.8203],[40.0063,44.8594],[39.8981,44.9359],[39.9295,44.9925],[39.6698,45.0563],[39.5811,44.8597],[39.4196,44.8231],[39.0011,44.8498],[38.5701,45.0325],[38.6319,45.0893],[39.1855,45.0073],[39.6479,45.1642]]]}},{"type":"Feature","properties":{"id":5,"name":"Arkhangel'sk","neighbors":[29,34,36,51,85]},"geometry":{"type":"MultiPolygon","coordinates":[[[[37.8936386108399,64.00375366210949],[37.89941787719732,64.00000000000034],[37.88728332519548,64.0000228881836],[37.875183105469034,64.00222015380905],[37.87048339843767,64.00462341308594],[37.873386383056925,64.00742340087885],[37.884086608886776,64.00691986084007],[37.8936386108399,64.00375366210949]]],[[[39.57298660278332,64.54361724853516],[39.56178665161127,64.54742431640625],[39.57388687133795,64.54901885986351],[39.587486267090014,64.55062103271496],[39.59618377685575,64.54852294921886],[39.57298660278332,64.54361724853516]]],[[[40.276473999023494,64.55913543701195],[40.23899841308588,64.55566406250023],[40.23011016845709,64.55605316162132],[40.22375106811529,64.5584182739259],[40.241283416748104,64.56352233886741],[40.270984649658374,64.56411743164091],[40.2760848999024,64.56282043457043],[40.276473999023494,64.55913543701195]]],[[[40.4931831359865,64.56552124023455],[40.47817993164057,64.56171417236362],[40.48536300659197,64.57691955566418],[40.490806579590014,64.57460784912138],[40.4931831359865,64.56552124023455]]],[[[40.48478317260759,64.5855178833009],[40.47878646850597,64.58482360839844],[40.466583251953296,64.5979995727539],[40.46841812133789,64.60175323486322],[40.474472045898494,64.60214233398455],[40.47797012329107,64.600624084473],[40.484443664551065,64.59780883789062],[40.48768615722685,64.593017578125],[40.48478317260759,64.5855178833009]]],[[[40.05768585205084,64.62191772460983],[40.05598449707037,64.61762237548828],[40.040306091308764,64.62133026123053],[40.02530670166021,64.62069702148438],[40.024883270263956,64.62561798095703],[40.04208374023443,64.62782287597685],[40.05768585205084,64.62191772460983]]],[[[40.2436,64.6277],[40.279,64.5728],[40.1421,64.5778],[40.2436,64.6277]]],[[[40.07472229003935,64.6333618164067],[40.08916854858393,64.62677764892578],[40.09563827514677,64.62832641601562],[40.10191726684599,64.62983703613281],[40.10544204711931,64.62590026855474],[40.12358474731451,64.60591888427746],[40.116085052490405,64.60362243652355],[40.08649826049799,64.61630249023438],[40.073986053466854,64.6239242553711],[40.067783355713175,64.62952423095709],[40.070735931396484,64.63114929199219],[40.07086563110346,64.6312179565432],[40.07472229003935,64.6333618164067]]],[[[40.3223,64.6325],[40.4403,64.6174],[40.4739,64.5373],[40.2885,64.5823],[40.3223,64.6325]]],[[[35.7155838012697,64.61711883544945],[35.71268463134783,64.61552429199219],[35.704586029052905,64.61582183837902],[35.678386688232706,64.62312316894548],[35.64808654785162,64.62782287597685],[35.64438629150385,64.63021850585938],[35.644184112548885,64.64051818847656],[35.64978408813505,64.64092254638695],[35.65087890625,64.64133453369163],[35.65980529785185,64.6446685791015],[35.66997146606451,64.63671875],[35.686973571777514,64.63375091552746],[35.69080734252958,64.62944793701172],[35.68888854980469,64.62564086914062],[35.69989013671869,64.62041473388683],[35.7155838012697,64.61711883544945]]],[[[40.291484832763786,64.65892028808639],[40.28452682495134,64.6588363647461],[40.2799835205081,64.6628189086914],[40.279872894287394,64.66313934326183],[40.278285980224666,64.66771697998058],[40.28208541870123,64.67031860351585],[40.287586212158374,64.67002105712902],[40.29136276245117,64.65926361084007],[40.291484832763786,64.65892028808639]]],[[[40.2747230529788,64.6363296508789],[40.27616500854498,64.6322479248048],[40.26578521728521,64.62772369384766],[40.229984283447436,64.63601684570318],[40.22098541259771,64.63532257080072],[40.21286010742182,64.6322479248048],[40.20969390869146,64.63194274902344],[40.206184387206974,64.63162231445318],[40.20041656494169,64.63391876220709],[40.18998336791998,64.63802337646484],[40.2021865844726,64.64662170410156],[40.20255661010748,64.6506118774414],[40.19498443603533,64.65862274169922],[40.195163726806754,64.66361236572266],[40.19518280029314,64.6641235351562],[40.20088577270519,64.6719207763673],[40.214084625244425,64.67262268066429],[40.21825027465849,64.67761230468795],[40.22511291503923,64.6778640747072],[40.23286056518555,64.68074798583984],[40.23938751220703,64.68061065673851],[40.24208450317394,64.67842102050776],[40.23868560791021,64.6748199462894],[40.23968505859381,64.67092132568365],[40.25568389892584,64.66481781005865],[40.27038574218756,64.65351867675804],[40.2655868530274,64.64501953125011],[40.26636123657221,64.64033508300781],[40.2747230529788,64.6363296508789]]],[[[35.600028991699276,64.67211151123058],[35.58778381347673,64.66712188720749],[35.57961273193365,64.66722106933594],[35.53858566284208,64.6821212768557],[35.51091766357439,64.68680572509777],[35.50841522216814,64.69052886962913],[35.51102828979492,64.69472503662132],[35.51830673217779,64.69733428955078],[35.55655670166021,64.70083618164085],[35.563137054443416,64.69650268554699],[35.578483581543026,64.69112396240257],[35.591026306152514,64.68250274658226],[35.60218429565447,64.67861938476557],[35.604694366455135,64.67494201660202],[35.600028991699276,64.67211151123058]]],[[[39.9195,64.7163],[40.1763,64.5967],[39.8137,64.6798],[39.9195,64.7163]]],[[[40.023185729980526,64.7031173706057],[40.0175857543947,64.70072174072277],[40.00088500976568,64.70172119140625],[40.00003433227545,64.70214843750023],[39.98508453369169,64.70961761474632],[39.97780609130865,64.71549987792991],[39.98038482666033,64.71862030029342],[39.98698425292997,64.72092437744152],[39.99999618530279,64.72230529785173],[40.001083374023494,64.72241973876959],[40.01690673828131,64.71740722656273],[40.01748657226568,64.71722412109398],[40.01648330688505,64.71082305908214],[40.01684951782255,64.7106399536134],[40.023986816406534,64.7071228027346],[40.023185729980526,64.7031173706057]]],[[[40.407085418701456,64.70892333984386],[40.395473480224894,64.70644378662121],[40.38969421386736,64.70705413818393],[40.381416320800895,64.71347045898483],[40.38144302368164,64.71863555908214],[40.38297271728544,64.72605895996139],[40.38874816894548,64.72802734375017],[40.39125061035173,64.72709655761719],[40.391986846923885,64.72682189941452],[40.39638900756847,64.71958160400402],[40.404285430908374,64.71952056884788],[40.407085418701456,64.70892333984386]]],[[[40.37928390502924,64.73492431640625],[40.37208175659197,64.73447418212902],[40.36624908447283,64.73786163330084],[40.360683441162166,64.75092315673862],[40.34094619750971,64.75941467285162],[40.34313964843744,64.76233673095714],[40.3768844604495,64.75942993164091],[40.37698364257818,64.75942230224615],[40.382286071777514,64.75022125244163],[40.37928390502924,64.73492431640625]]],[[[40.03886032104509,64.73867034912121],[40.038528442382756,64.73447418212902],[40.016082763672046,64.73494720458984],[40.00535964965826,64.73383331298851],[40.0,64.73219299316418],[39.949485778808764,64.7168197631836],[39.94105529785185,64.7207489013673],[39.918884277343864,64.72151947021496],[39.90861129760742,64.72191619873041],[39.902183532715014,64.72422027587925],[39.90719604492193,64.72697448730491],[39.916721343994425,64.72849273681663],[39.9181861877442,64.72872161865263],[39.92738342285173,64.72631835937534],[39.92787170410185,64.73347473144537],[39.92791748046875,64.73413085937517],[39.9473609924317,64.75372314453136],[39.96958160400396,64.76513671875006],[39.97824859619169,64.76316833496094],[39.99380493164068,64.75627899169922],[39.99998474121122,64.75482177734398],[40.0100860595706,64.75241851806652],[40.01991653442411,64.7459182739259],[40.034385681152514,64.74192047119152],[40.03886032104509,64.73867034912121]]],[[[40.3194,64.7689],[40.4004,64.6297],[40.1122,64.7428],[40.3194,64.7689]]],[[[40.21305465698248,64.76769256591791],[40.22218322753935,64.76432037353516],[40.20572280883789,64.76225280761741],[40.20429992675798,64.76036834716803],[40.203884124755916,64.75981903076217],[40.19690704345703,64.75667572021484],[40.19588470458979,64.75621795654308],[40.17877960205095,64.75592041015625],[40.16008377075224,64.75881958007835],[40.11532974243181,64.76120758056635],[40.115081787109375,64.76122283935581],[40.061527252197266,64.75846862792974],[40.03938674926752,64.75732421875006],[40.044387817382926,64.76147460937523],[40.07400512695307,64.76961517334018],[40.0777206420899,64.77063751220726],[40.09044265747076,64.76630401611374],[40.09872055053711,64.76527404785156],[40.1372833251956,64.76782226562528],[40.14385986328142,64.76938629150402],[40.16483306884783,64.77124786376959],[40.194442749023494,64.77163696289091],[40.20133209228521,64.77016448974604],[40.21305465698248,64.76769256591791]]],[[[40.156360626220874,64.77317047119186],[40.13066482543951,64.77146911621105],[40.11630630493181,64.7729187011721],[40.126304626465014,64.77594757080078],[40.160686492920206,64.780517578125],[40.172885894775675,64.78131866455101],[40.18068313598661,64.77882385253929],[40.17336273193388,64.77603149414108],[40.156360626220874,64.77317047119186]]],[[[35.6456832885745,64.95101928710938],[35.635028839111385,64.9494705200197],[35.62858581542986,64.9596176147461],[35.631546020507926,64.9608612060548],[35.63548660278349,64.9625167846682],[35.64808654785162,64.95902252197266],[35.654834747314624,64.9549179077149],[35.649383544922046,64.95401763916027],[35.6456832885745,64.95101928710938]]],[[[35.67633438110346,64.9604187011721],[35.672721862793026,64.95980834960938],[35.66798400878935,64.96231842041038],[35.654884338378906,64.96382141113281],[35.64672088623064,64.96721649169956],[35.65697097778326,64.96894073486328],[35.66386032104498,64.97274780273472],[35.67922210693365,64.9683303833009],[35.679000854492244,64.96133422851562],[35.67633438110346,64.9604187011721]]],[[[40.3166,64.8793],[40.2704,64.8548],[40.2034,64.9792],[40.3166,64.8793]]],[[[35.999984741210994,64.99211883544928],[35.999984741210994,64.98761749267595],[35.98998641967779,64.9893188476562],[35.989837646484546,64.98941040039085],[35.98297119140642,64.99343872070335],[35.99940872192411,64.99216461181652],[35.999984741210994,64.99211883544928]]],[[[40.19818496704107,64.97982025146484],[40.189334869384936,64.97758483886741],[40.18398666381853,64.9843215942384],[40.1838760375976,64.98594665527344],[40.18318557739286,64.99591827392601],[40.183307647705135,64.99679565429688],[40.183761596679744,65.0],[40.183849334716854,65.00062561035156],[40.19008636474615,65.00362396240229],[40.193363189697436,65.00044250488281],[40.19325637817394,65.0],[40.192184448242244,64.995620727539],[40.191112518310604,64.99097442626959],[40.19818496704107,64.97982025146484]]],[[[35.98858642578131,65.04631805419933],[35.999984741210994,65.04302215576195],[36.01044464111345,65.04180908203125],[36.01578521728533,65.03632354736351],[36.015686035156364,65.0248184204105],[36.00711059570341,65.01597595214889],[35.999984741210994,65.01471710205078],[35.99777603149431,65.01291656494169],[35.990528106689624,65.01171875000023],[35.96338653564459,65.0168228149414],[35.95883178710943,65.01772308349621],[35.934360504150675,65.01953125000023],[35.91852951049833,65.01775360107439],[35.90641784667997,65.01139068603544],[35.89852905273443,65.01175689697271],[35.89718627929693,65.01181793212902],[35.8938941955567,65.01824188232428],[35.893085479736385,65.0198211669923],[35.8860054016115,65.02428436279297],[35.885532379150675,65.0245819091798],[35.882499694824276,65.02927398681663],[35.886886596679744,65.03352355957077],[35.897384643554744,65.03681945800776],[35.915779113769815,65.03808593750006],[35.94572067260748,65.04467010498047],[35.96668624877947,65.0434188842774],[35.97002029418974,65.0440902709961],[35.9826850891115,65.0466232299807],[35.98858642578131,65.04631805419933]]],[[[35.8232,65.1268],[35.8473,65.036],[35.7944,65.0827],[35.7511,65.039],[35.8631,64.982],[35.7558,64.9531],[35.4957,65.1124],[35.7525,65.1728],[35.8232,65.1268]]],[[[35.9602,65.1703],[36.264,65.1596],[36.0659,65.121],[35.9602,65.1703]]],[[[39.573,64.5436],[39.843,64.584],[39.7606,64.5809],[39.8133,64.6681],[40.1552,64.5504],[40.5318,64.5228],[40.664,64.6675],[40.5028,64.5614],[40.428,64.7442],[40.6027,64.7019],[40.4357,64.7841],[40.3942,64.9244],[39.7227,65.3389],[39.7184,65.4938],[39.7957,65.5913],[40.4761,65.8052],[40.7385,65.9829],[41.4977,66.1112],[41.9775,66.3456],[42.1015,66.4836],[42.2592,66.515],[42.6377,66.4158],[42.5231,66.3793],[43.2719,66.4053],[43.6803,66.2374],[43.3137,66.0918],[43.3472,66.0385],[43.4658,66.1321],[43.8474,66.185],[44.078,66.0632],[44.0208,66.0054],[44.1321,65.8855],[44.1856,65.8935],[44.0866,65.986],[44.1658,66.0828],[44.0629,66.2295],[44.2181,66.4007],[45.607,66.0891],[45.8568,66.1156],[46.1478,66.0293],[46.4111,66.0748],[47.1371,65.8354],[47.75,65.8387],[47.8012,65.8584],[47.6782,65.9425],[48.1078,66.1346],[48.9307,66.1087],[49.0009,66.0243],[49.0538,65.2736],[49.6153,65.32],[49.9882,64.9589],[50.4309,64.8544],[50.2645,64.5242],[49.5606,64.6098],[49.4004,64.4756],[48.9157,64.4967],[48.8187,64.3658],[48.434,64.3603],[48.3997,64.2433],[48.108,64.2737],[48.0928,64.3761],[47.805,64.3981],[46.5473,64.3664],[46.363,64.2934],[45.9348,64.3275],[45.4244,64.228],[45.6932,64.0245],[46.3776,63.931],[46.9716,63.6963],[47.0065,63.5557],[46.854,63.4648],[47.0189,63.2941],[47.5448,63.1243],[47.0313,62.8861],[47.2014,62.6585],[47.1662,62.3456],[47.3486,62.3463],[47.3757,62.2176],[47.5959,62.215],[47.6464,62.3325],[48.2767,62.3281],[48.2784,62.423],[48.1938,62.4809],[48.3352,62.7248],[48.6159,62.7298],[48.7266,62.8353],[49.586,62.769],[49.0477,61.6744],[49.513,61.6095],[49.2463,61.1783],[48.768,61.1502],[48.5155,61.0629],[48.377,60.991],[48.3323,60.8559],[47.9605,60.888],[47.8949,61.0197],[47.4824,61.0743],[47.187,61.0593],[47.0713,60.8604],[46.8769,60.8548],[46.7407,60.8966],[46.7952,60.9578],[46.4947,61.0284],[46.0068,60.9626],[45.7368,61.0368],[45.8052,61.1678],[45.2834,61.2024],[45.2044,60.9091],[44.2317,60.9571],[44.1478,61.0462],[44.01,61.0496],[43.7435,60.9968],[43.4725,60.8018],[43.1344,60.8265],[43.0056,60.7362],[42.7139,60.8824],[42.3942,60.7691],[41.8242,60.9276],[41.7659,60.8457],[41.5981,60.9237],[41.3867,60.8501],[41.4327,60.7817],[41.1854,60.6756],[40.4383,60.797],[40.3148,60.7197],[39.9901,60.6886],[39.7549,60.772],[39.1682,60.6858],[38.679,60.742],[38.3943,60.8645],[38.3809,60.996],[38.2936,60.9368],[38.1472,60.9755],[38.2029,61.0893],[37.9738,61.1964],[37.7681,61.4329],[37.7982,61.6905],[37.9319,61.7652],[37.8582,61.8255],[37.9499,62.0136],[37.8484,62.0516],[37.7451,62.2333],[37.4778,62.2944],[37.6156,62.4515],[37.6018,62.6223],[37.4875,62.7048],[37.1053,62.6992],[36.6599,62.8238],[36.3514,63.0254],[36.3239,63.1386],[36.4616,63.2497],[36.306,63.2393],[36.3724,63.3204],[35.9685,63.6297],[36.4085,63.6183],[36.6634,63.7801],[36.6118,63.9425],[37.2041,63.8769],[37.447,63.7852],[38.0781,64.0],[37.8939,64.2022],[38.05,64.2891],[37.9161,64.3206],[38.0422,64.3265],[37.7887,64.3708],[37.8442,64.4475],[37.3308,64.3424],[37.1054,64.411],[36.7079,64.7011],[36.5365,64.7141],[36.5021,64.817],[36.559,64.8124],[36.4321,64.9153],[36.8093,64.9598],[36.8311,65.1485],[37.3852,65.0989],[38.0616,64.8477],[38.3705,64.8389],[38.3753,64.7653],[38.0164,64.7575],[38.1213,64.6737],[38.0163,64.5823],[38.1714,64.711],[38.4991,64.7358],[38.4386,64.809],[39.573,64.5436]]],[[[42.6371,66.6712],[42.4046,66.7675],[42.6016,66.7572],[42.6371,66.6712]]],[[[57.326286315918026,70.48502349853516],[57.319484710693416,70.48271942138672],[57.280586242675724,70.48931884765636],[57.27218627929682,70.49382019042991],[57.27588653564459,70.49581909179699],[57.27921676635742,70.49600219726574],[57.28377914428728,70.49624633789062],[57.30014038085943,70.49105834960949],[57.313526153564624,70.48891448974638],[57.326286315918026,70.48502349853516]]],[[[56.44508361816412,70.48782348632807],[56.43380737304693,70.48391723632835],[56.4207839965822,70.48561859130882],[56.39844512939453,70.49841308593773],[56.38333511352539,70.502723693848],[56.38236236572294,70.50885772705078],[56.39416503906256,70.5088195800783],[56.40597152709955,70.50878143310558],[56.41638565063482,70.50642395019554],[56.43052673339861,70.4936981201173],[56.43918609619146,70.49311828613327],[56.44444274902361,70.491195678711],[56.44508361816412,70.48782348632807]]],[[[56.32069396972662,70.50971984863293],[56.32258605957031,70.49922180175827],[56.312385559082315,70.50231933593744],[56.30133438110357,70.502723693848],[56.297222137451456,70.51016998291016],[56.30625152587902,70.51435852050815],[56.32069396972662,70.50971984863293]]],[[[56.67318344116205,70.51181793212902],[56.66822052001959,70.50924682617188],[56.65368652343767,70.51001739501953],[56.64948654174833,70.50801849365246],[56.65618515014677,70.50341796875045],[56.65028381347662,70.49992370605491],[56.62638473510748,70.50082397460938],[56.59478378295927,70.49822235107445],[56.577686309814624,70.49981689453136],[56.568000793456974,70.50969696044928],[56.5704727172851,70.51355743408214],[56.58528518676775,70.51712036132835],[56.59085845947294,70.51776123046886],[56.59568405151373,70.51831817626964],[56.621986389160156,70.517318725586],[56.6331405639649,70.5155258178711],[56.67083358764654,70.51349639892601],[56.67318344116205,70.51181793212902]]],[[[56.739986419677905,70.53771972656273],[56.73418426513689,70.53452301025402],[56.69335937500017,70.53453063964855],[56.68991851806658,70.5330810546875],[56.69248580932634,70.53002166748047],[56.71698760986345,70.52412414550781],[56.67118453979498,70.52491760253929],[56.67034912109381,70.52473449707054],[56.660984039306584,70.52272033691418],[56.63088607788103,70.52291870117182],[56.61968612670904,70.52442169189464],[56.63008499145502,70.52747344970714],[56.66728591918945,70.54122161865246],[56.680484771728686,70.5435180664062],[56.68803787231474,70.54406738281261],[56.69989013671881,70.54494476318382],[56.729667663574276,70.54380798339866],[56.73858642578131,70.54051971435547],[56.739986419677905,70.53771972656273]]],[[[57.2378883361817,70.52896881103544],[57.232749938965014,70.5262222290039],[57.22311019897478,70.52896881103544],[57.19889068603527,70.53233337402344],[57.19077682495123,70.53602600097685],[57.17328643798834,70.5367202758789],[57.157184600830135,70.54611968994146],[57.16118621826166,70.54731750488293],[57.20568466186552,70.54451751708984],[57.234283447265796,70.54012298583984],[57.22255706787138,70.53553009033237],[57.2378883361817,70.52896881103544]]],[[[57.3488,70.5344],[57.4489,70.5126],[57.2916,70.5335],[57.3488,70.5344]]],[[[56.27848434448248,70.5601196289062],[56.28058624267595,70.55571746826183],[56.26308441162115,70.54921722412121],[56.255485534668026,70.54952239990257],[56.24198532104509,70.55731964111328],[56.24908447265619,70.55902099609375],[56.26091766357416,70.5589752197265],[56.26828384399431,70.56342315673828],[56.277183532715014,70.56372070312511],[56.28128433227556,70.56182098388683],[56.27848434448248,70.5601196289062]]],[[[56.512,70.5632],[56.6103,70.558],[56.3431,70.5614],[56.512,70.5632]]],[[[55.68918609619146,70.55882263183594],[55.684360504150504,70.5563888549807],[55.67525100708036,70.55963897705101],[55.66518402099615,70.56781768798851],[55.67118453979498,70.56982421875011],[55.68918609619146,70.55882263183594]]],[[[56.68348312377924,70.57472229003929],[56.68188476562517,70.57182312011741],[56.64238357543951,70.57952117919967],[56.63628387451166,70.58251953125023],[56.639385223388956,70.5845184326173],[56.65558624267595,70.5851211547855],[56.68348312377924,70.57472229003929]]],[[[56.8914,70.5764],[57.1918,70.5066],[56.945,70.5003],[56.7925,70.5885],[56.8914,70.5764]]],[[[57.28608322143555,70.59031677246094],[57.26158523559599,70.59001922607433],[57.25613784790039,70.59119415283214],[57.259334564209155,70.5934448242192],[57.276638031006144,70.5968627929688],[57.28009796142584,70.5963516235351],[57.28394317626959,70.59577941894526],[57.28198623657255,70.59371948242188],[57.28608322143555,70.59031677246094]]],[[[57.455890655517635,70.59513854980474],[57.44660949707037,70.59413909912132],[57.43598556518572,70.59751892089878],[57.43048477172857,70.60331726074241],[57.443984985351676,70.60292053222679],[57.455890655517635,70.59513854980474]]],[[[56.675445556640625,70.60858154296909],[56.6721839904788,70.60411834716825],[56.67658233642595,70.60322570800776],[56.709911346435604,70.60112762451166],[56.69468688964861,70.59191894531295],[56.68650054931658,70.59239196777344],[56.67625045776367,70.59533691406256],[56.66338729858404,70.59583282470703],[56.65124893188471,70.59333038330078],[56.6432723999024,70.59421539306652],[56.64883422851591,70.60013580322277],[56.6391677856447,70.60483551025413],[56.62491607666021,70.60477447509766],[56.608585357666186,70.60031890869152],[56.601486206054744,70.60031890869152],[56.59428405761747,70.60202026367216],[56.592945098877124,70.6050033569336],[56.598110198974666,70.60794067382858],[56.61849975585966,70.61033630371094],[56.670696258545206,70.61033630371094],[56.675445556640625,70.60858154296909]]],[[[57.098384857177905,70.61862182617233],[57.088684082031534,70.6174240112307],[57.06237030029325,70.62374877929693],[57.06728363037121,70.62651824951172],[57.07508468627947,70.62622070312523],[57.098384857177905,70.61862182617233]]],[[[56.0927,70.6336],[56.1664,70.5948],[55.9992,70.627],[56.0927,70.6336]]],[[[56.06952667236334,70.5881652832033],[56.0638046264649,70.58499908447288],[56.053985595703296,70.58572387695312],[56.02855682373075,70.59349822998041],[55.97888565063505,70.6052169799807],[55.957386016845874,70.61251831054733],[55.92789077758795,70.61880493164091],[55.915386199951456,70.62361907958996],[55.88228607177763,70.63652038574241],[55.865665435791186,70.64038848876964],[55.85935974121105,70.64316558837913],[55.86478424072283,70.645317077637],[55.87568664550798,70.64601898193382],[55.89262771606451,70.6410827636721],[55.899684906005916,70.63902282714872],[55.93677902221697,70.6246109008789],[55.970684051513956,70.6209182739259],[56.0066108703615,70.60685729980486],[56.02663803100603,70.60263824462902],[56.06952667236334,70.5881652832033]]],[[[55.594223022460994,70.63941955566418],[55.5736846923831,70.6381225585937],[55.557884216308764,70.64511871337896],[55.54678344726591,70.64762115478527],[55.516139984131144,70.64839172363293],[55.51968383789091,70.65242004394543],[55.541286468505916,70.6535186767581],[55.5882835388183,70.64331817626953],[55.594223022460994,70.63941955566418]]],[[[53.555221557617244,70.88833618164074],[53.552944183349894,70.88583374023466],[53.528110504150675,70.8906631469726],[53.47758483886719,70.91191864013695],[53.46827697753912,70.91661071777361],[53.470470428466854,70.9187240600586],[53.48344421386719,70.9174728393557],[53.513286590576115,70.90721893310558],[53.550998687744425,70.89135742187506],[53.555221557617244,70.88833618164074]]],[[[53.450553894043026,71.07238769531261],[53.42438507080084,71.0552215576173],[53.409442901611385,71.05928039550798],[53.40758514404297,71.06224822998053],[53.43191528320341,71.06964111328148],[53.44850158691435,71.07752990722702],[53.45447158813482,71.07722473144531],[53.450553894043026,71.07238769531261]]],[[[53.96948623657255,71.09671783447266],[53.99218368530302,71.09201812744169],[54.01366806030279,71.09352874755865],[54.02458190917986,71.09091949462902],[54.027610778808594,71.0881118774414],[54.01598358154314,71.08482360839838],[54.00383377075224,71.08452606201195],[53.97966766357433,71.08744812011764],[53.977264404297046,71.08667755126982],[53.974472045898494,71.08577728271479],[53.96169281005865,71.08550262451195],[53.95108413696289,71.0896224975586],[53.94955444335966,71.09380340576189],[53.95752716064459,71.09716796875028],[53.9657745361331,71.09685516357439],[53.96948623657255,71.09671783447266]]],[[[53.6392,71.1066],[53.4511,71.1201],[53.599,71.1053],[53.5665,71.1654],[53.6392,71.1066]]],[[[53.42797088623064,71.21038818359375],[53.42648315429693,71.20552062988293],[53.39925003051775,71.20644378662115],[53.3938064575197,71.20205688476568],[53.391384124756144,71.20011901855491],[53.370685577392635,71.20642089843773],[53.37458419799833,71.20792388916038],[53.387973785400334,71.2078323364259],[53.392284393310604,71.21162414550793],[53.378284454345874,71.21492004394548],[53.379001617431584,71.22508239746094],[53.36666488647478,71.25064086914062],[53.37555694580084,71.24927520751953],[53.4113845825197,71.22582244873047],[53.42797088623064,71.21038818359375]]],[[[53.16086196899431,71.27977752685581],[53.163166046142635,71.27208709716808],[53.11088562011747,71.28362274169922],[53.10358428955084,71.28752136230497],[53.10414886474615,71.28819274902344],[53.10663986206049,71.29116821289074],[53.13035964965826,71.2870025634765],[53.14638519287138,71.28102111816412],[53.16086196899431,71.27977752685581]]],[[[53.24347305297857,71.2741394042971],[53.239528656006144,71.27263641357428],[53.176250457763615,71.28755187988293],[53.16788482666021,71.29512023925804],[53.14917755126959,71.30561828613304],[53.16366577148443,71.30975341796875],[53.172321319580135,71.30944824218756],[53.176418304443644,71.30930328369152],[53.19778442382818,71.30541992187523],[53.2247848510745,71.29592132568405],[53.24558639526373,71.29271697998058],[53.24336242675781,71.28375244140636],[53.23527908325201,71.28291320800804],[53.231884002685604,71.28082275390648],[53.24347305297857,71.2741394042971]]],[[[53.257,71.346],[53.4016,71.2776],[53.1564,71.3556],[53.257,71.346]]],[[[53.043685913085994,71.36641693115234],[53.03998565673828,71.3554229736331],[53.030918121337834,71.35622406005871],[53.01058197021513,71.37383270263672],[53.00378417968767,71.38101959228527],[53.008586883545206,71.38372039794939],[53.01848602294922,71.384521484375],[53.02848434448259,71.37101745605491],[53.043685913085994,71.36641693115234]]],[[[52.7658,71.3848],[53.0818,71.2496],[52.8485,71.3497],[52.9238,71.3159],[52.8299,71.2984],[53.227,71.2399],[53.2401,71.143],[53.0613,71.0323],[53.1812,70.9499],[53.0453,70.94],[52.8065,71.0697],[52.6352,71.2747],[52.3904,71.2146],[52.2394,71.2894],[52.5809,71.3875],[52.7747,71.3317],[52.7107,71.3737],[52.7658,71.3848]]],[[[53.1116676330567,71.37325286865234],[53.10358428955084,71.37258148193365],[53.09405517578131,71.37413787841808],[53.06741714477545,71.38344573974615],[53.04944610595709,71.39316558837913],[53.04508209228544,71.399917602539],[53.051666259765796,71.4025268554688],[53.05297470092779,71.40242767333984],[53.06138610839861,71.40181732177746],[53.08498382568354,71.39621734619163],[53.10566711425787,71.38805389404308],[53.11058425903332,71.38463592529308],[53.106861114502124,71.38077545166021],[53.114585876465014,71.37592315673828],[53.1116676330567,71.37325286865234]]],[[[53.2044,71.4045],[53.2978,71.3512],[53.1426,71.3925],[53.2044,71.4045]]],[[[52.67308425903349,71.38842010498075],[52.66688537597685,71.38771820068354],[52.65208435058594,71.39151763916027],[52.649280548095874,71.39762115478527],[52.64018630981451,71.40222167968767],[52.6533584594726,71.40487670898432],[52.65408325195341,71.40502166748092],[52.67538452148443,71.39172363281244],[52.67308425903349,71.38842010498075]]],[[[52.49916839599615,71.42514038085938],[52.51372146606451,71.4237518310548],[52.52368545532232,71.42462158203148],[52.53318405151373,71.42192077636719],[52.54888534545927,71.41181945800804],[52.56277847290045,71.39341735839855],[52.5341110229495,71.40325164794945],[52.514831542969034,71.41432952880882],[52.49727630615246,71.42044067382835],[52.49916839599615,71.42514038085938]]],[[[53.23668670654297,71.4308242797851],[53.235485076904354,71.4241180419923],[53.22694396972673,71.42430877685558],[53.20648574829107,71.43701934814476],[53.203884124756144,71.4398193359375],[53.209186553955135,71.44171905517578],[53.23668670654297,71.4308242797851]]],[[[53.07038497924833,71.47702026367188],[53.077686309814624,71.46842193603516],[53.060283660888615,71.4701232910158],[53.05891799926786,71.47683715820312],[53.05798339843756,71.4814224243164],[53.07038497924833,71.47702026367188]]],[[[52.65858459472662,71.45512390136741],[52.654384613037394,71.45162200927751],[52.642185211181925,71.45221710205078],[52.61441802978544,71.46438598632807],[52.617885589599666,71.46681976318405],[52.6329994201663,71.46919250488281],[52.63808441162138,71.47402191162132],[52.634384155273494,71.4786224365235],[52.63740921020536,71.4804077148437],[52.63916778564459,71.48144531250023],[52.655582427978686,71.47177886962936],[52.65858459472662,71.45512390136741]]],[[[52.644985198974666,71.50521850585955],[52.65738677978533,71.49622344970714],[52.64530563354509,71.49744415283203],[52.63398361206083,71.50341796875006],[52.636184692382756,71.50732421875034],[52.644985198974666,71.50521850585955]]],[[[52.619026184081974,71.50350189209001],[52.62538528442411,71.49262237548822],[52.59402847290045,71.50133514404325],[52.58847045898466,71.50553131103544],[52.59305572509794,71.50722503662132],[52.604251861572266,71.5078582763673],[52.617610931396655,71.50392150878906],[52.619026184081974,71.50350189209001]]],[[[52.338634490966854,72.08540344238293],[52.33948516845709,72.08312225341808],[52.35868453979498,72.08351898193354],[52.362884521484546,72.08091735839866],[52.352722167969034,72.07221984863293],[52.33608627319353,72.07932281494135],[52.320484161377124,72.07911682128918],[52.314785003662166,72.08181762695347],[52.31894302368181,72.08728027343795],[52.33207321166992,72.09065246582054],[52.33628463745134,72.09172058105463],[52.338634490966854,72.08540344238293]]],[[[52.38238525390625,72.08702087402366],[52.37518310546881,72.08651733398483],[52.366386413574276,72.09101867675781],[52.382984161376896,72.10021972656273],[52.39118576049799,72.09872436523483],[52.38938522338873,72.09452056884794],[52.38238525390625,72.08702087402366]]],[[[52.31408309936552,72.10891723632812],[52.32298660278326,72.1042175292971],[52.323112487793026,72.09755706787115],[52.31705474853544,72.09774780273443],[52.30680465698248,72.10533142089866],[52.297721862793026,72.10241699218784],[52.29068374633789,72.10462188720709],[52.311283111572266,72.11662292480491],[52.318786621094034,72.1132202148442],[52.31408309936552,72.10891723632812]]],[[[52.389888763427905,72.12574768066429],[52.396251678466854,72.12327575683616],[52.4141387939456,72.1233596801759],[52.4216384887697,72.11838531494152],[52.418685913085994,72.11502075195312],[52.40669631958025,72.11360931396496],[52.40578460693354,72.107421875],[52.39497375488281,72.10827636718761],[52.392139434814396,72.11274719238281],[52.374885559081974,72.11772155761719],[52.37052917480486,72.12078094482445],[52.389888763427905,72.12574768066429]]],[[[52.40789031982422,72.15799713134788],[52.41578674316412,72.1537170410158],[52.41288757324236,72.15039062500006],[52.400112152099894,72.15374755859375],[52.38294601440458,72.15208435058616],[52.380638122558764,72.15383148193365],[52.385883331299,72.16661834716825],[52.37985992431658,72.17330932617199],[52.38205718994146,72.17822265625023],[52.39066696167009,72.17905426025402],[52.39497375488281,72.17786407470709],[52.39441680908209,72.17416381835938],[52.405418395996264,72.17302703857422],[52.41086196899431,72.16935729980486],[52.40789031982422,72.15799713134788]]],[[[52.488285064697266,72.17681884765625],[52.4871940612793,72.17266845703148],[52.475887298583984,72.17285919189476],[52.46768569946289,72.17752075195324],[52.46710968017584,72.1776733398438],[52.45281982421881,72.18151092529308],[52.4581832885745,72.18362426757824],[52.48078536987333,72.18182373046898],[52.488285064697266,72.17681884765625]]],[[[52.456684112548885,72.22602081298828],[52.449859619140796,72.22455596923851],[52.440971374511776,72.22922515869152],[52.443111419677905,72.23596954345703],[52.44816589355486,72.23641967773443],[52.458637237548885,72.23000335693354],[52.456684112548885,72.22602081298828]]],[[[55.49238967895525,72.24861145019554],[55.496383666992244,72.23731994628929],[55.51968383789091,72.23432159423834],[55.526912689209155,72.23011016845726],[55.504283905029354,72.23072052001964],[55.481685638427905,72.2367172241211],[55.45908355712908,72.24002075195335],[55.45922088623075,72.2403335571289],[55.46038436889654,72.2430191040039],[55.476184844970874,72.24272155761747],[55.47635650634771,72.24768066406278],[55.47650146484381,72.25183105468773],[55.48714065551769,72.251220703125],[55.49238967895525,72.24861145019554]]],[[[52.576057434082315,72.33025360107428],[52.57949829101591,72.32605743408209],[52.57511138916044,72.32241821289085],[52.55466842651384,72.32752990722656],[52.540683746338175,72.32511901855497],[52.531085968017635,72.32952117919933],[52.53588867187517,72.3421096801759],[52.54727935791044,72.34855651855491],[52.55608367919916,72.3491668701173],[52.5619430541995,72.3347244262697],[52.576057434082315,72.33025360107428]]],[[[52.6914176940918,72.39430236816429],[52.68468475341814,72.38732147216808],[52.684028625488565,72.38044738769543],[52.67266845703142,72.37882995605469],[52.662223815918026,72.38183593750017],[52.655479431152514,72.38120269775436],[52.64913940429716,72.38060760498053],[52.6331863403322,72.37741851806652],[52.62898635864286,72.3749237060548],[52.63999938964838,72.37242889404342],[52.615383148193416,72.37001800537143],[52.6085853576663,72.37661743164091],[52.61588668823242,72.38062286376982],[52.638786315918026,72.38342285156273],[52.6364860534668,72.39341735839855],[52.64168548584013,72.3936233520509],[52.661785125732536,72.38941955566418],[52.665985107422046,72.39372253417991],[52.6770858764649,72.39762115478527],[52.68208312988287,72.39482116699219],[52.6914176940918,72.39430236816429]]],[[[55.581386566162394,72.43952178955101],[55.57738876342802,72.43511199951195],[55.570251464844034,72.43630218505865],[55.55698394775396,72.44551849365246],[55.559783935546875,72.44882202148438],[55.5702857971192,72.44911956787121],[55.581386566162394,72.43952178955101]]],[[[52.87363815307623,72.52883148193405],[52.84416580200224,72.52652740478521],[52.8374862670899,72.52781677246116],[52.83800125122076,72.53177642822266],[52.850887298584155,72.53366851806675],[52.85344314575201,72.53652954101597],[52.84878540039068,72.54182434082043],[52.86358642578142,72.54292297363287],[52.880683898926065,72.53372192382835],[52.87902832031267,72.53044128417969],[52.87363815307623,72.52883148193405]]],[[[52.657184600830135,72.62201690673828],[52.65018463134771,72.62032318115257],[52.643527984619084,72.62488555908203],[52.64997100830095,72.63594818115234],[52.660778045654354,72.63913726806658],[52.66494369506853,72.63677978515653],[52.657184600830135,72.62201690673828]]],[[[53.27248382568354,72.89772033691418],[53.2923316955567,72.89321899414062],[53.29648590087919,72.89082336425787],[53.28508377075201,72.8883590698245],[53.25988769531244,72.88903045654297],[53.25555419921892,72.8882980346682],[53.24613952636747,72.88669586181635],[53.238285064697436,72.88131713867199],[53.20016479492216,72.87786102294928],[53.195556640625114,72.87952423095726],[53.20258331298834,72.88481903076172],[53.202816009521655,72.8848800659182],[53.223285675048885,72.89012145996105],[53.20548629760759,72.89251708984398],[53.207313537597656,72.89357757568376],[53.21605682373064,72.89863586425804],[53.221340179443416,72.89791107177746],[53.23838806152361,72.89558410644554],[53.249500274658146,72.89691925048851],[53.26088333129894,72.90302276611351],[53.26701736450224,72.90309906005854],[53.26858520507818,72.90312194824253],[53.27248382568354,72.89772033691418]]],[[[53.12947082519548,73.07319641113293],[53.08298492431646,73.05191802978516],[53.079692840576456,73.05760955810564],[53.092582702637,73.06147003173828],[53.09099960327143,73.07105255126976],[53.10877609252947,73.06955718994169],[53.126640319824276,73.0771408081057],[53.12947082519548,73.07319641113293]]],[[[55.2005,73.3746],[55.7941,73.3124],[55.9492,73.2688],[55.9205,73.2162],[56.3459,73.2283],[56.5654,73.1336],[55.79,73.0508],[56.4205,73.0261],[56.3153,72.9921],[55.5185,72.9399],[56.2398,72.9469],[56.0995,72.7826],[55.4533,72.8068],[55.5437,72.7827],[55.4477,72.7612],[55.8259,72.7411],[55.9062,72.6514],[55.6342,72.6834],[55.6765,72.5972],[55.6198,72.6091],[55.5884,72.5228],[55.0815,72.5821],[55.4387,72.549],[55.5501,72.4693],[55.1218,72.4477],[55.4505,72.4379],[55.4688,72.3628],[55.2925,72.2769],[55.4499,72.2662],[55.5736,72.1711],[55.3244,72.0634],[55.4411,72.0539],[55.33,71.9814],[55.4147,71.932],[55.1428,71.9081],[55.5059,71.8863],[55.6326,71.6248],[56.1982,71.1861],[57.5798,70.7052],[57.3384,70.6063],[57.4006,70.586],[56.7378,70.6689],[57.2877,70.5451],[56.5551,70.6531],[56.6572,70.6175],[56.587,70.617],[56.484,70.6591],[56.5899,70.7153],[56.5086,70.7379],[56.207,70.7408],[56.3018,70.6894],[56.1556,70.6843],[56.6291,70.5699],[55.791,70.6744],[56.0067,70.5629],[55.6995,70.6041],[55.5616,70.6743],[55.8537,70.6146],[55.4111,70.7371],[55.3302,70.7075],[55.4811,70.6338],[55.2718,70.6813],[55.2182,70.6543],[55.3192,70.6011],[55.1876,70.5451],[54.8083,70.6377],[54.5042,70.8072],[54.555,70.7552],[54.4219,70.7283],[54.7832,70.6387],[54.2704,70.7687],[54.3148,70.7257],[53.609,70.8321],[53.5423,70.7857],[53.3366,70.8648],[53.5675,70.8834],[53.7383,70.8124],[53.6754,70.8782],[53.7685,70.9362],[53.5099,71.0855],[53.9566,71.0133],[53.808,71.1119],[54.2467,71.1014],[54.0031,71.1399],[54.211,71.1496],[54.0697,71.1808],[54.1987,71.1732],[54.131,71.2072],[53.8176,71.1847],[53.8202,71.1328],[53.5193,71.2136],[53.2693,71.4443],[53.4997,71.5462],[53.2262,71.4988],[53.1595,71.4081],[53.0075,71.5051],[53.1085,71.4431],[52.9351,71.4702],[53.0243,71.4038],[52.9175,71.4121],[52.9458,71.3714],[52.9062,71.4481],[52.7895,71.4536],[52.8472,71.4105],[52.6531,71.4881],[52.716,71.5238],[52.5811,71.5809],[52.5448,71.7139],[52.5233,71.5629],[52.3943,71.5474],[52.4514,71.4611],[52.2631,71.5985],[52.1723,71.5229],[52.2876,71.4655],[51.9043,71.4574],[51.6122,71.5411],[51.4277,71.7944],[51.5821,72.0633],[51.8613,72.1507],[52.4533,72.0509],[52.4024,72.1456],[52.5627,72.135],[52.4352,72.1961],[52.5444,72.1836],[52.4484,72.2734],[52.642,72.2396],[52.5991,72.2862],[52.7237,72.3141],[52.5732,72.3613],[52.7569,72.3224],[52.6895,72.4119],[52.8318,72.4313],[52.7087,72.4703],[52.9695,72.5712],[53.2834,72.5627],[52.7435,72.5399],[52.851,72.6071],[52.7037,72.6193],[53.6941,72.6429],[52.6235,72.655],[52.4001,72.7158],[52.5709,72.8474],[52.9275,72.9064],[53.6216,72.8813],[53.0839,72.9299],[53.1052,73.0036],[53.374,73.0107],[53.166,73.0686],[53.1728,73.1335],[53.8591,73.2885],[54.4718,73.2627],[54.3976,73.3023],[54.8913,73.4246],[55.2005,73.3746]]],[[[54.088,73.4288],[54.1418,73.4243],[53.974,73.4172],[54.088,73.4288]]],[[[54.60480499267595,73.64683532714844],[54.59618377685541,73.64611816406273],[54.58977890014677,73.64800262451195],[54.5731849670413,73.64881896972685],[54.56198501586931,73.65292358398438],[54.565685272216854,73.6562194824221],[54.585285186767635,73.66001892089866],[54.59297180175798,73.65814208984398],[54.61388397216825,73.65302276611374],[54.60480499267595,73.64683532714844]]],[[[57.975139617919865,73.84322357177746],[57.973445892334155,73.83866882324236],[57.96268463134783,73.83921813964855],[57.95678329467802,73.8455200195312],[57.95928573608427,73.8503189086914],[57.96908569335966,73.85021972656256],[57.975139617919865,73.84322357177746]]],[[[58.268276214599894,73.98305511474626],[58.25848388671869,73.98271942138672],[58.23511123657221,73.98427581787132],[58.22138977050787,73.98774719238287],[58.22352600097685,73.9900588989259],[58.234973907470874,73.99066925048822],[58.26447296142584,73.98644256591808],[58.268276214599894,73.98305511474626]]],[[[58.35048675537115,74.04182434082031],[58.34066772460966,74.0408325195312],[58.336784362793026,74.04441833496105],[58.341884613037394,74.04932403564476],[58.33558273315458,74.05308532714844],[58.32208633422846,74.05492401123058],[58.3206863403322,74.05862426757812],[58.33218383789068,74.05921936035179],[58.35188674926775,74.05461883544922],[58.36080551147455,74.05039215087925],[58.35048675537115,74.04182434082031]]],[[[58.60502624511747,74.15863800048834],[58.590972900390796,74.15144348144543],[58.575084686279354,74.15196990966803],[58.56375122070318,74.14933013916027],[58.55841827392584,74.15203094482416],[58.5691680908206,74.15875244140625],[58.59891510009794,74.16063690185581],[58.60502624511747,74.15863800048834]]],[[[55.34711074829107,74.1547775268557],[55.34368515014654,74.1526184082033],[55.30058670043951,74.15382385253929],[55.319583892822436,74.16211700439464],[55.32724761962919,74.16277313232422],[55.33013916015625,74.1630249023438],[55.33414077758795,74.15855407714844],[55.34711074829107,74.1547775268557]]],[[[58.79119491577154,74.32372283935547],[58.771286010742244,74.32151794433616],[58.75598526001005,74.32272338867199],[58.74774932861345,74.32788848876947],[58.75347137451189,74.33613586425781],[58.74375152587908,74.33992004394548],[58.75277709960943,74.341835021973],[58.774555206299,74.3429412841798],[58.79486083984392,74.34219360351557],[58.80778503417997,74.33271789550781],[58.80335998535185,74.32746887207043],[58.79119491577154,74.32372283935547]]],[[[59.01488494873075,74.38072204589838],[58.994686126708984,74.3678207397461],[58.989486694335994,74.37052154541038],[58.99618530273449,74.37442016601574],[58.99900054931646,74.3794174194336],[59.03605651855497,74.39655303955072],[59.04616546630888,74.39685821533226],[59.0505561828615,74.39530181884788],[59.038585662841854,74.38842010498047],[59.01488494873075,74.38072204589838]]],[[[59.1209,74.4024],[59.0474,74.3524],[59.1047,74.3365],[58.9619,74.3401],[59.1209,74.4024]]],[[[58.73544311523443,74.40025329589866],[58.7264862060548,74.39701843261741],[58.71928405761747,74.40102386474632],[58.706485748291016,74.40161895751976],[58.70286178588867,74.40357971191418],[58.707927703857706,74.40630340576206],[58.71714019775402,74.41124725341791],[58.7268333435058,74.4081420898442],[58.72558212280279,74.40472412109386],[58.73544311523443,74.40025329589866]]],[[[58.71838378906267,74.43511962890625],[58.69824981689459,74.42678070068382],[58.698783874511776,74.4224243164063],[58.69224929809582,74.42058563232416],[58.682182312011776,74.42575836181675],[58.680473327636776,74.42663574218778],[58.65977859497076,74.42277526855491],[58.65448379516613,74.42411804199241],[58.65752792358404,74.42710876464844],[58.64522171020525,74.43064117431669],[58.65750122070307,74.43394470214838],[58.67133331298834,74.43177795410162],[58.6881866455081,74.43261718750017],[58.71938323974615,74.44091796875023],[58.71838378906267,74.43511962890625]]],[[[59.25528335571295,74.43092346191406],[59.268001556396655,74.43030548095714],[59.280120849609375,74.43191528320335],[59.30233383178728,74.4348602294923],[59.312358856201456,74.43484497070358],[59.324386596679744,74.43482208251959],[59.3466110229495,74.4326400756836],[59.35394287109381,74.43585968017595],[59.3623886108399,74.43614196777366],[59.36509323120117,74.4349365234375],[59.36944580078131,74.43299865722673],[59.36238479614275,74.41702270507812],[59.34668350219755,74.4126205444336],[59.33778381347662,74.41712188720714],[59.325984954834155,74.41612243652366],[59.311283111572436,74.40962219238304],[59.32619476318388,74.40425109863281],[59.325832366943416,74.39878082275396],[59.31688690185564,74.3948211669923],[59.29674911499018,74.39291381835949],[59.285251617431925,74.38919067382835],[59.27536010742193,74.39575195312511],[59.271694183349666,74.40824890136719],[59.25468444824213,74.40972137451166],[59.246284484863565,74.41741943359398],[59.22472381591825,74.42227935791027],[59.22686004638689,74.42663574218778],[59.21778488159174,74.43312072753935],[59.224388122558764,74.4348068237307],[59.2280006408692,74.44055175781256],[59.23098373413103,74.44532012939459],[59.238677978515625,74.44580841064453],[59.243686676025675,74.44612121582043],[59.25528335571295,74.43092346191406]]],[[[59.2298,74.4866],[59.289,74.4892],[59.1611,74.4925],[59.2298,74.4866]]],[[[59.344944000244254,74.511001586914],[59.331386566162166,74.51022338867199],[59.32786178588884,74.51177978515659],[59.33958435058611,74.52394104003918],[59.349777221679744,74.52422332763672],[59.351665496826456,74.52331542968773],[59.358684539795206,74.51992034912121],[59.344944000244254,74.511001586914]]],[[[59.2331,74.5144],[59.1955,74.5423],[59.2719,74.575],[59.2331,74.5144]]],[[[59.482444763183764,74.58264160156256],[59.467472076416186,74.57730865478521],[59.45808410644537,74.57742309570312],[59.45618438720709,74.58001708984386],[59.473384857177905,74.58872222900413],[59.47388839721708,74.58875274658209],[59.487026214599666,74.5894699096682],[59.48969268798845,74.58814239501976],[59.482444763183764,74.58264160156256]]],[[[56.777584075927734,74.66751861572271],[56.768886566162394,74.66101837158226],[56.74578475952154,74.66402435302734],[56.763683319091854,74.67162322998047],[56.777584075927734,74.66751861572271]]],[[[58.55608367919939,75.79962158203159],[58.54228591918951,75.79882049560558],[58.538284301757756,75.80062103271484],[58.5458869934082,75.80591583251987],[58.55384063720709,75.80749511718773],[58.57474899291998,75.81163787841831],[58.578777313232706,75.80960845947288],[58.57388687133806,75.80481719970703],[58.55608367919939,75.79962158203159]]],[[[59.284084320068416,75.88497161865257],[59.27518463134771,75.88031768798828],[59.250785827636776,75.88182067871111],[59.2249832153322,75.87962341308616],[59.18941497802763,75.88053131103516],[59.18138885498058,75.87911987304699],[59.15188980102545,75.87391662597662],[59.13698577880888,75.87432098388717],[59.0979843139649,75.8813171386721],[59.08298492431669,75.88191986084007],[59.057983398437614,75.879920959473],[59.03369522094755,75.88041687011747],[59.02318572998064,75.88282012939453],[59.047222137451456,75.8863906860351],[59.065361022949276,75.8890533447265],[59.10028457641596,75.90202331542963],[59.16002655029308,75.91110992431646],[59.18044281005888,75.91236114501953],[59.211360931396484,75.90274810791027],[59.257137298583984,75.90258026123058],[59.273483276367244,75.8979187011721],[59.26788330078142,75.88851928710938],[59.284084320068416,75.88497161865257]]],[[[59.26105499267584,75.96572113037121],[59.25088882446295,75.95494079589866],[59.257083892822266,75.94930267333996],[59.273757934570256,75.95139312744152],[59.27408599853527,75.951431274414],[59.274387359619425,75.95140838623058],[59.28978347778326,75.95082092285168],[59.294666290283374,75.94836425781261],[59.28933334350603,75.94538879394531],[59.25048446655279,75.94081878662132],[59.24438476562494,75.93672180175793],[59.231483459472656,75.93392181396484],[59.20628356933611,75.93331909179705],[59.194484710693644,75.93002319335949],[59.15898513793974,75.92912292480486],[59.14248657226591,75.92601776123058],[59.10074996948248,75.92302703857456],[59.07336044311552,75.9171371459961],[59.04463958740263,75.9148864746096],[59.00728607177763,75.90711975097685],[58.96010971069336,75.9029159545899],[58.933483123779354,75.89862060546875],[58.881786346435604,75.89431762695335],[58.86738586425787,75.89762115478527],[58.82148361206072,75.8985214233399],[58.81308364868181,75.90569305419922],[58.81916809082037,75.90916442871116],[58.83308410644537,75.90994262695335],[58.8491401672365,75.90869140625011],[58.86594390869169,75.91613769531244],[58.895000457763786,75.91544342041016],[58.9049148559572,75.91094207763717],[58.928386688232706,75.91771697998047],[58.9393844604495,75.91951751709013],[58.98066711425781,75.92608642578125],[59.017944335937784,75.92725372314453],[59.05908203125006,75.93575286865246],[59.06158447265631,75.93872070312523],[59.04689025878912,75.9440841674807],[59.09438705444336,75.94644165039074],[59.1237220764163,75.9523315429692],[59.12878036499029,75.95436859130882],[59.13986206054682,75.95883178710949],[59.18308258056646,75.95796966552734],[59.229331970214844,75.96416473388683],[59.26105499267584,75.96572113037121]]],[[[60.729183197021655,75.98741912841825],[60.64592361450201,75.98170471191452],[60.643283843994425,75.98152160644543],[60.63643264770536,75.98281860351585],[60.66324996948248,75.98596954345737],[60.66764068603544,75.98925018310547],[60.5817489624024,75.98963928222656],[60.56261062622099,75.99375152587902],[60.56080627441435,75.9977493286134],[60.57118606567411,76.00071716308616],[60.601554870605526,76.00430297851562],[60.62638473510759,76.0051193237307],[60.66878509521513,76.00662231445335],[60.713283538818644,76.00531768798851],[60.75818634033209,75.99892425537104],[60.76268386840849,75.99481964111351],[60.75578689575201,75.98902130126987],[60.729183197021655,75.98741912841825]]],[[[59.5845,76.0273],[59.5286,76.0316],[59.728,76.05],[59.5845,76.0273]]],[[[59.3581,76.0209],[59.3097,76.025],[59.4993,76.0545],[59.3581,76.0209]]],[[[59.007186889648494,76.05772399902344],[58.99502944946306,76.05674743652344],[58.987251281738565,76.05874633789068],[58.999984741210994,76.06291961669945],[59.010852813720874,76.06484985351568],[59.020286560058594,76.0665206909182],[59.033229827880916,76.06512451171909],[59.00757217407255,76.05783081054699],[59.007186889648494,76.05772399902344]]],[[[59.06728363037115,76.07682037353538],[59.03936004638672,76.07324981689482],[59.024944305419865,76.07519531250011],[59.06808471679693,76.08662414550793],[59.08768463134771,76.08931732177746],[59.09168624877958,76.08702087402355],[59.08560943603521,76.08222198486374],[59.06728363037115,76.07682037353538]]],[[[60.47248458862322,76.1521224975586],[60.446086883545206,76.14341735839866],[60.42718505859392,76.13992309570312],[60.32480621337896,76.13300323486322],[60.30688476562506,76.12882232666033],[60.27441787719755,76.1058044433596],[60.261283874511776,76.10211944580095],[60.19997406005854,76.09519195556686],[60.13798522949213,76.08292388916038],[60.11816787719732,76.08247375488298],[60.099166870117244,76.08472442626964],[60.09528350830095,76.08721923828136],[60.11178588867193,76.09912109375],[60.10218429565458,76.10182189941429],[60.085186004638786,76.1020202636721],[60.07138442993164,76.10082244873047],[60.04085922241228,76.09822082519537],[60.009860992431925,76.09291839599621],[60.0,76.09241485595703],[59.995685577392635,76.09222412109375],[59.971984863281364,76.093521118164],[59.94018554687494,76.08702087402355],[59.91848373413097,76.08631896972656],[59.90608215332048,76.08758544921886],[59.89728546142578,76.09252166748092],[59.897914886474894,76.09850311279331],[59.90983200073242,76.10536193847673],[59.9339866638183,76.11292266845732],[59.969638824463175,76.12058258056652],[59.999984741210994,76.12371826171875],[60.01678466796881,76.12551879882858],[60.060028076172046,76.13449859619152],[60.09398651123047,76.14652252197277],[60.11518478393549,76.15402221679688],[60.12263488769537,76.15447235107445],[60.13035964965826,76.1549453735351],[60.149612426757756,76.14861297607433],[60.17244338989275,76.14797210693382],[60.24263763427746,76.150863647461],[60.31372070312506,76.1564407348634],[60.364776611328125,76.16766357421903],[60.40948486328131,76.16861724853544],[60.47118377685575,76.17372131347679],[60.49398422241205,76.17401885986322],[60.50078582763689,76.16921997070324],[60.493286132812784,76.16322326660179],[60.48569488525385,76.15919494628906],[60.47248458862322,76.1521224975586]]],[[[62.57130432128912,76.22205352783214],[62.550285339355526,76.221923828125],[62.546859741210994,76.2251968383789],[62.55508422851568,76.22946929931686],[62.59188842773443,76.23305511474632],[62.59450149536161,76.23122406005871],[62.585983276367244,76.22512054443371],[62.57130432128912,76.22205352783214]]],[[[62.97028350830084,76.21981811523438],[62.94633483886747,76.21939086914074],[62.938720703125284,76.23152923584007],[62.950054168701456,76.2366638183596],[63.0121383666995,76.24202728271507],[63.01427841186529,76.23744201660179],[62.97916793823248,76.22158050537132],[62.97028350830084,76.21981811523438]]],[[[61.1567,76.2754],[61.0486,76.2813],[61.205,76.2842],[61.1567,76.2754]]],[[[61.313,76.276],[61.2604,76.2793],[61.4814,76.2887],[61.313,76.276]]],[[[60.7292,75.9874],[61.1835,76.1047],[60.9351,76.1423],[61.0254,76.1893],[60.9892,76.2388],[61.1566,76.2706],[62.3975,76.2538],[62.3878,76.1814],[62.5259,76.1666],[62.7616,76.2623],[63.02,76.1911],[63.6956,76.323],[64.0734,76.2926],[64.471,76.3836],[64.74,76.3433],[64.6379,76.3852],[64.8225,76.4719],[65.2297,76.4654],[65.4693,76.5638],[66.0029,76.506],[66.0622,76.5201],[65.7959,76.655],[66.443,76.831],[67.5618,76.9932],[68.4648,76.9603],[68.8354,76.8682],[68.776,76.8186],[69.0704,76.7047],[68.8008,76.5584],[68.9006,76.5386],[68.1991,76.2946],[68.3145,76.2651],[68.2728,76.2469],[63.7543,75.6224],[63.6266,75.7128],[63.3029,75.584],[62.0109,75.4426],[61.4435,75.212],[61.3887,75.2329],[61.413,75.3144],[61.3307,75.3198],[61.178,75.1997],[60.8088,75.1229],[60.8395,75.0762],[60.7607,75.0134],[60.5427,75.0936],[60.4022,75.0481],[60.4348,74.9991],[59.9921,74.9816],[60.6599,74.9114],[60.5149,74.8405],[60.1597,74.857],[60.3312,74.782],[60.3089,74.7405],[59.6734,74.7223],[59.4633,74.7928],[59.8576,74.652],[59.7704,74.5728],[59.085,74.7287],[59.2842,74.6183],[59.1508,74.6147],[59.0801,74.4623],[59.1511,74.422],[58.2672,74.5629],[58.2176,74.5363],[58.6383,74.4057],[58.6039,74.3717],[58.6835,74.3236],[58.629,74.2963],[58.7218,74.252],[58.6278,74.2402],[58.7291,74.2204],[58.4581,74.1845],[58.5217,74.14],[58.2514,74.1884],[58.5358,74.1158],[58.3417,74.0734],[58.1134,74.1428],[58.2115,74.0738],[58.0868,74.0402],[58.2803,73.9966],[58.1691,73.9744],[57.7209,74.0411],[57.4823,74.1876],[57.4092,74.1694],[57.537,74.08],[57.1903,74.0758],[57.5405,74.062],[57.8279,73.9372],[57.8899,73.9018],[57.7465,73.8823],[57.8683,73.8651],[57.8955,73.7688],[57.673,73.7126],[57.4959,73.8183],[56.5888,73.8816],[57.3182,73.8051],[57.5048,73.7475],[57.5994,73.5992],[57.153,73.5531],[56.4067,73.7371],[56.8976,73.5944],[56.7262,73.5793],[57.2278,73.48],[56.8996,73.2893],[56.7216,73.3427],[56.8093,73.3065],[56.7433,73.2331],[56.1261,73.2616],[56.071,73.3649],[55.7612,73.5146],[55.9464,73.4032],[55.9567,73.3045],[55.3967,73.3288],[54.8988,73.4399],[54.1798,73.3122],[54.0217,73.3678],[54.5541,73.4886],[54.2022,73.4858],[54.7259,73.6416],[55.3284,73.7083],[55.6391,73.6392],[55.6373,73.5474],[55.678,73.6444],[55.9896,73.6307],[55.1205,73.7001],[55.4082,73.7793],[54.1866,73.5959],[53.6386,73.7454],[53.9893,73.7835],[54.3147,73.9193],[54.6983,73.9596],[55.0448,73.9046],[54.5902,73.9964],[55.0293,74.1551],[56.35,74.0074],[55.8592,74.0914],[56.0979,74.1497],[55.876,74.1076],[55.1087,74.2416],[55.8391,74.2647],[55.2764,74.3542],[55.4108,74.4234],[56.2452,74.4857],[55.5292,74.5524],[55.5751,74.6294],[55.8122,74.6859],[56.9651,74.6798],[56.4451,74.7363],[56.5614,74.7967],[55.881,74.7873],[56.7286,74.9374],[56.3512,74.9167],[56.4002,74.9451],[56.309,74.9447],[56.4624,74.9832],[56.3821,75.0215],[55.9047,74.9628],[55.9838,75.0538],[55.7884,75.0703],[55.9214,75.1706],[56.3457,75.1704],[56.4544,75.0436],[56.9492,75.2248],[56.8982,75.2427],[56.9827,75.2594],[56.742,75.2958],[56.9819,75.3632],[57.8898,75.3141],[57.564,75.4755],[58.2532,75.5833],[57.9457,75.6242],[58.6599,75.7212],[58.5675,75.7539],[58.8079,75.7748],[58.72,75.8021],[58.8715,75.8503],[60.3178,75.9724],[60.3634,75.9904],[60.0829,76.0455],[60.8162,76.1113],[60.4446,75.9996],[60.7292,75.9874]]],[[[58.70098114013666,79.78085327148438],[58.64838409423845,79.7752227783206],[58.6244850158692,79.77941894531278],[58.61848449707037,79.78372192382812],[58.63232421874994,79.78527832031273],[58.65233612060575,79.78562927246094],[58.69098663330084,79.7862243652346],[58.704967498779354,79.78350830078125],[58.70700073242193,79.78305053710983],[58.701114654541186,79.78086853027344],[58.70098114013666,79.78085327148438]]],[[[59.9643,79.9279],[60.0731,79.9123],[59.8541,79.8991],[59.9643,79.9279]]],[[[58.7366,79.9588],[58.9959,79.9099],[58.2965,79.9456],[58.7366,79.9588]]],[[[49.26200485229492,80.03305816650413],[49.24531555175781,80.02766418457031],[49.24518966674833,80.02767181396484],[49.206283569335994,80.03031921386719],[49.18558502197294,80.02681732177746],[49.149719238281534,80.0253295898437],[49.13038635253912,80.02722167968761],[49.13047409057623,80.02730560302734],[49.13372802734369,80.03027343750011],[49.1549072265625,80.0328979492188],[49.17978668212896,80.03902435302746],[49.20298385620123,80.03922271728527],[49.26200485229492,80.03305816650413]]],[[[50.28088378906256,80.0742797851563],[50.25952148437506,80.06750488281284],[50.24572753906267,80.068115234375],[50.2470779418947,80.06983184814453],[50.25098419189459,80.07462310791038],[50.25091552734392,80.07470703125011],[50.206184387207315,80.08181762695312],[50.20634078979509,80.08187103271507],[50.21438598632841,80.084716796875],[50.2598876953125,80.08148193359398],[50.28300857543945,80.077407836914],[50.28088378906256,80.0742797851563]]],[[[59.9673,80.0],[60.0237,79.9965],[59.3609,79.9118],[58.7915,80.0001],[59.4643,80.0869],[59.9673,80.0]]],[[[49.508,80.0168],[49.294,80.0484],[49.6922,80.052],[49.508,80.0168]]],[[[51.242,80.0522],[51.3064,80.0503],[51.2032,79.9832],[51.4319,79.9191],[50.0558,79.9518],[50.4601,79.9674],[50.9787,80.1037],[51.242,80.0522]]],[[[52.81292724609381,80.10746765136724],[52.844684600830135,80.1064224243164],[52.88718414306669,80.10730743408214],[52.887329101562614,80.10730743408214],[52.887939453125284,80.10723114013695],[52.90070724487305,80.10560607910168],[52.86178588867216,80.09542083740257],[52.83528518676758,80.09481811523438],[52.769104003906534,80.1030883789063],[52.775764465332315,80.10488891601597],[52.77587890625006,80.10489654541016],[52.81278228759794,80.10747528076178],[52.81292724609381,80.10746765136724]]],[[[59.25843429565447,80.128646850586],[59.25531005859392,80.12371826171886],[59.2352943420413,80.12242889404314],[59.2351837158206,80.12242889404314],[59.179870605469034,80.12406921386724],[59.179779052734546,80.12406921386724],[59.112449645996264,80.11404418945347],[59.080684661865405,80.10933685302757],[59.08058547973644,80.10933685302757],[59.05728530883795,80.10842132568365],[59.04508590698248,80.10981750488293],[59.045227050781534,80.10990905761741],[59.049983978271655,80.11302185058639],[59.093078613281364,80.1207275390625],[59.10687255859369,80.13647460937528],[59.12417602539091,80.14064788818382],[59.12432861328131,80.14068603515636],[59.170185089111385,80.14031982421886],[59.17028808593756,80.14031219482433],[59.24308395385748,80.13462066650385],[59.25843429565447,80.128646850586]]],[[[60.1035,80.1851],[60.2411,80.1443],[59.9442,80.1781],[60.1035,80.1851]]],[[[50.3349,80.1299],[49.9689,80.0458],[49.5456,80.1521],[50.1117,80.2273],[50.3872,80.1916],[50.3349,80.1299]]],[[[58.90370559692383,80.27713775634766],[58.88531112670927,80.27513885498075],[58.8851852416995,80.27513885498075],[58.84527587890631,80.27552795410202],[58.84518432617182,80.27552795410202],[58.77949142456072,80.28469085693371],[58.776786804199276,80.28842163085938],[58.77693176269548,80.28845977783226],[58.815986633301065,80.29792022705078],[58.85438537597673,80.29652404785168],[58.90679168701166,80.2896881103515],[58.906909942627124,80.28964233398483],[58.92396545410156,80.28363037109375],[58.91458129882841,80.27835083007835],[58.90370559692383,80.27713775634766]]],[[[54.2574,80.3027],[54.4466,80.2657],[54.1905,80.1662],[54.0969,80.2629],[54.2574,80.3027]]],[[[55.429,80.3154],[55.5564,80.3058],[55.2734,80.2232],[54.9582,80.2447],[55.429,80.3154]]],[[[53.9628,80.2932],[53.8797,80.3234],[54.0875,80.3309],[53.9628,80.2932]]],[[[51.58946609497076,80.31570434570335],[51.58939361572294,80.31568145751953],[51.53308105468756,80.32310485839844],[51.532985687255916,80.3231201171875],[51.531986236572436,80.32592010498058],[51.53208923339844,80.32596588134766],[51.55668640136736,80.33702087402344],[51.57528686523466,80.33911895751953],[51.5885848999024,80.3350219726563],[51.59693527221708,80.3184204101563],[51.59698486328131,80.31832122802768],[51.5912704467774,80.31632995605474],[51.58946609497076,80.31570434570335]]],[[[61.18238449096697,80.3386688232423],[61.13848495483393,80.33222198486322],[61.12188720703131,80.33251953125023],[61.10477828979509,80.33506774902355],[61.10468673706083,80.33510589599643],[61.10090637207037,80.33676910400402],[61.09418487548845,80.33962249755871],[61.094490051269815,80.33963775634777],[61.123291015625284,80.34088134765648],[61.13077163696295,80.34327697753918],[61.130920410156534,80.34328460693354],[61.153285980224666,80.34422302246105],[61.17746734619169,80.33965301513683],[61.18238449096697,80.3386688232423]]],[[[57.0043,80.3503],[57.2026,80.3031],[57.1149,80.2196],[57.2116,80.1952],[57.0915,80.1745],[57.1195,80.1007],[57.0573,80.0635],[55.8251,80.0899],[56.1531,80.1776],[55.9478,80.3011],[57.0043,80.3503]]],[[[52.3907,80.3597],[52.6664,80.3247],[52.2552,80.3443],[52.3907,80.3597]]],[[[60.29398727416998,80.35353088378935],[60.333873748779354,80.3440933227539],[60.33418655395525,80.34401702880871],[60.31168365478527,80.34152221679733],[60.28328323364275,80.3426208496096],[60.22928619384777,80.34771728515625],[60.208686828613395,80.3479232788086],[60.09632110595709,80.3376388549807],[60.09618377685575,80.33764648437523],[60.084899902343864,80.3380737304688],[60.088485717773494,80.34152221679733],[60.18188476562517,80.35308837890648],[60.18487930297857,80.35440063476562],[60.19568634033209,80.35902404785179],[60.21736526489269,80.36157226562511],[60.22038650512701,80.36190795898443],[60.220520019531534,80.36192321777372],[60.258384704590014,80.36250305175827],[60.258487701416186,80.36250305175827],[60.275985717773494,80.3597183227539],[60.27611923217802,80.35967254638683],[60.29389572143583,80.35355377197277],[60.29398727416998,80.35353088378935]]],[[[53.3886,80.3789],[53.9475,80.2301],[53.4651,80.1321],[52.6918,80.1543],[52.2196,80.2443],[52.8426,80.2926],[52.9014,80.3271],[52.7504,80.3437],[52.9245,80.3771],[53.3886,80.3789]]],[[[54.7085,80.3506],[54.5975,80.3583],[54.9278,80.3975],[54.7085,80.3506]]],[[[55.9355,80.4119],[56.2934,80.3582],[55.7707,80.3839],[55.9355,80.4119]]],[[[55.3069,80.4299],[55.2747,80.375],[54.9717,80.4057],[55.3069,80.4299]]],[[[58.0792,80.4758],[58.9562,80.4138],[59.3167,80.3209],[58.1763,80.2637],[58.1013,80.231],[58.4911,80.1981],[58.4503,80.1435],[58.0111,80.1618],[58.0749,80.0894],[57.8569,80.0933],[57.3497,80.1531],[57.2539,80.3151],[57.294,80.3464],[57.0061,80.4464],[58.0792,80.4758]]],[[[54.5295,80.3753],[54.4453,80.3916],[54.613,80.4802],[54.849,80.4266],[54.5295,80.3753]]],[[[56.67648315429716,80.47261810302751],[56.55198669433594,80.4690170288086],[56.504283905029354,80.47012329101557],[56.46628570556669,80.47244262695312],[56.455184936523494,80.47312927246139],[56.455085754394474,80.47313690185558],[56.45011138916044,80.47399139404297],[56.44058609008795,80.47562408447277],[56.440635681152514,80.47572326660156],[56.442085266113565,80.47872161865251],[56.47039031982439,80.48490905761741],[56.470520019531534,80.48493957519537],[56.482017517090014,80.4860534667971],[56.60878372192383,80.49832153320324],[56.63568496704107,80.4972229003908],[56.68188476562517,80.48889160156273],[56.710628509521655,80.4808349609375],[56.70629882812517,80.47668457031273],[56.67648315429716,80.47261810302751]]],[[[54.9392,80.5268],[55.1214,80.4822],[54.9155,80.4441],[54.6171,80.5188],[54.9392,80.5268]]],[[[54.41018676757841,80.5545349121096],[54.38768386840826,80.55422210693371],[54.337284088134936,80.55982208251953],[54.31548309326172,80.5645217895509],[54.31072998046881,80.57110595703148],[54.32031250000006,80.57867431640659],[54.33997726440447,80.58068084716803],[54.34008407592802,80.58066558837913],[54.34630584716825,80.57967376708984],[54.44149017333979,80.56542205810553],[54.439048767090014,80.56075286865234],[54.43898391723633,80.56062316894554],[54.416900634765625,80.55593872070324],[54.41027069091814,80.5545349121096],[54.41018676757841,80.5545349121096]]],[[[54.3691,80.4938],[54.5423,80.4747],[54.344,80.4123],[53.9102,80.4452],[53.8927,80.4963],[53.9669,80.519],[53.827,80.5625],[54.2373,80.5865],[54.1256,80.5401],[54.4151,80.5133],[54.3691,80.4938]]],[[[58.7828,80.5621],[58.4881,80.5787],[58.8755,80.6245],[58.7828,80.5621]]],[[[57.8987,80.6205],[58.0839,80.6127],[57.8962,80.5301],[57.2786,80.5847],[57.8987,80.6205]]],[[[57.98248672485357,80.62641906738304],[57.96008300781256,80.62622070312523],[57.959987640380916,80.62623596191429],[57.93738555908209,80.62962341308594],[57.90868377685547,80.63941955566429],[57.908733367920206,80.63950347900385],[57.91157913208036,80.64412689208984],[57.96074676513666,80.63792419433639],[57.97192382812506,80.636474609375],[57.99169921875017,80.63189697265625],[57.98248672485357,80.62641906738304]]],[[[53.403,80.6178],[53.5607,80.5073],[53.3162,80.4854],[53.2162,80.5165],[53.3258,80.5843],[53.0631,80.6143],[53.403,80.6178]]],[[[58.93597793579107,80.640663146973],[58.894893646240405,80.63154602050781],[58.894794464111385,80.6315612792971],[58.884284973144474,80.63332366943365],[58.88432312011736,80.63346862792991],[58.8847084045413,80.63494110107456],[58.885383605957315,80.63751983642584],[58.88548278808611,80.63755798339855],[58.914173126220874,80.64765930175793],[58.91430664062506,80.64765930175793],[58.92958450317377,80.6478881835937],[58.92968368530279,80.64786529541027],[58.94287109375017,80.64471435546875],[58.93609619140631,80.64068603515625],[58.93597793579107,80.640663146973]]],[[[63.63109970092779,80.66533660888695],[63.63098526001005,80.66533660888695],[63.5872879028322,80.66581726074213],[63.634704589844034,80.67132568359386],[63.64410400390642,80.67028808593773],[63.66018676757818,80.66852569580078],[63.63109970092779,80.66533660888695]]],[[[56.4927,80.7601],[57.0142,80.673],[56.4133,80.5923],[55.632,80.6169],[55.5695,80.6273],[55.752,80.6817],[55.4149,80.6844],[56.4927,80.7601]]],[[[47.6647,80.8355],[48.497,80.798],[48.6126,80.7481],[48.4548,80.7336],[48.7862,80.6531],[48.1393,80.6481],[47.8701,80.7573],[47.6044,80.7629],[47.4492,80.7326],[47.5476,80.6753],[47.2633,80.6867],[47.4033,80.5855],[46.6022,80.5461],[46.529,80.5276],[46.5794,80.4897],[46.2755,80.4425],[46.0194,80.4545],[46.0653,80.5527],[45.5565,80.5075],[44.886,80.5939],[47.6647,80.8355]]],[[[62.1403,80.8271],[62.2126,80.7042],[62.0279,80.6125],[62.0741,80.5901],[61.6603,80.555],[61.5922,80.505],[61.6469,80.4685],[61.3229,80.4517],[61.4262,80.4416],[61.1573,80.3661],[60.3528,80.4508],[59.6857,80.3813],[59.3381,80.485],[59.4697,80.5205],[59.3575,80.6075],[59.6731,80.7405],[59.5997,80.7787],[59.7787,80.8077],[62.1403,80.8271]]],[[[60.13391113281256,80.86608886718744],[60.09552764892584,80.86242675781261],[60.078685760498104,80.86472320556652],[60.07848358154297,80.86791992187523],[60.13198852539068,80.87247467041038],[60.13207626342779,80.87248229980491],[60.141525268554744,80.8686447143557],[60.13391113281256,80.86608886718744]]],[[[55.3124,80.8396],[55.9736,80.7689],[54.8839,80.7109],[54.0379,80.8213],[55.3124,80.8396]]],[[[58.8839,80.8691],[59.023,80.8089],[58.5077,80.7205],[57.8452,80.7829],[58.8839,80.8691]]],[[[50.9762,80.8515],[50.2135,80.7488],[51.2603,80.7983],[51.8018,80.7131],[50.9865,80.5458],[49.6908,80.483],[49.8063,80.3872],[49.6255,80.3519],[48.7793,80.3725],[48.8077,80.3303],[48.5263,80.2803],[48.8917,80.2809],[48.9979,80.2362],[48.8501,80.2123],[49.1139,80.1696],[48.4735,80.1879],[48.5201,80.1229],[48.3427,80.0738],[48.1873,80.1207],[47.6544,80.075],[48.1554,80.1939],[47.8277,80.2037],[47.9871,80.2409],[47.1527,80.159],[46.7327,80.2953],[47.2173,80.3772],[47.3218,80.3609],[47.2726,80.3121],[48.0587,80.3009],[47.8764,80.3263],[48.1379,80.3379],[47.6055,80.3942],[48.3562,80.4006],[47.4167,80.4512],[47.9516,80.5297],[49.2107,80.5203],[49.2362,80.5861],[49.4295,80.5984],[49.2807,80.6319],[49.6852,80.6729],[49.2064,80.7072],[49.3333,80.7521],[49.0596,80.7181],[48.9843,80.7403],[49.1761,80.7721],[49.0074,80.7768],[49.8051,80.9075],[50.4376,80.9267],[49.9191,80.8824],[50.0985,80.8505],[50.8547,80.9495],[50.9762,80.8515]]],[[[63.14878082275408,80.9366760253908],[63.12218475341825,80.93521881103538],[63.09378051757841,80.94320678710938],[63.093681335449276,80.94323730468773],[63.04054260253935,80.94926452636736],[63.04431152343756,80.95227050781261],[63.06497573852545,80.95408630371094],[63.065120697021655,80.95407104492188],[63.12152099609375,80.94889831542969],[63.152885437012,80.94602203369158],[63.16478729248064,80.94324493408226],[63.14893341064453,80.9366836547855],[63.14878082275408,80.9366760253908]]],[[[58.063,80.9409],[57.9553,80.9639],[58.1554,80.958],[58.063,80.9409]]],[[[58.3294,81.074],[58.76,81.0042],[58.3774,80.9285],[57.8618,81.0399],[58.3294,81.074]]],[[[58.6412,81.0441],[58.5184,81.0864],[58.8459,81.0908],[58.6412,81.0441]]],[[[54.33747863769537,81.07685089111322],[54.3184814453125,81.0728759765625],[54.258728027344034,81.07507324218756],[54.24708557128935,81.07742309570307],[54.24710845947294,81.0775070190432],[54.25046539306646,81.08982849121088],[54.22358322143549,81.0966186523438],[54.22368240356451,81.096694946289],[54.22828674316423,81.10012054443354],[54.248485565185604,81.10172271728538],[54.29828643798845,81.09832000732445],[54.34729003906267,81.08367919921886],[54.337551116943416,81.07686614990251],[54.33747863769537,81.07685089111322]]],[[[54.9237,81.0773],[55.4752,80.9996],[56.2537,81.0081],[57.8312,80.7648],[57.1075,80.6695],[56.6693,80.7815],[54.4462,81.018],[54.6891,81.1033],[54.9237,81.0773]]],[[[56.4481,81.0843],[57.5753,81.0279],[58.341,80.9048],[57.5268,80.8312],[56.8021,81.0186],[56.1001,81.096],[56.4481,81.0843]]],[[[61.1447,81.1129],[61.6572,81.0889],[61.5259,81.0721],[61.5875,81.0341],[61.5327,81.003],[61.0007,80.8973],[60.0012,80.9735],[61.1447,81.1129]]],[[[58.4483,81.1451],[58.6267,81.1261],[58.133,81.1255],[58.4483,81.1451]]],[[[50.7481,81.1875],[51.0171,81.1223],[50.3815,81.0414],[50.4894,81.0808],[50.3677,81.1491],[50.7481,81.1875]]],[[[64.5755,81.1901],[65.2347,81.1238],[65.4023,81.0139],[65.1763,80.9771],[65.3849,80.9127],[64.5281,80.7183],[63.1641,80.6378],[62.5206,80.7802],[63.1913,80.9359],[64.1104,80.9673],[64.1883,81.0067],[64.1224,81.0665],[64.1895,81.1359],[64.5755,81.1901]]],[[[58.15948486328119,81.19101715087913],[58.14948654174805,81.18642425537132],[58.1196937561038,81.18796539306663],[58.11961364746122,81.18797302246116],[58.10178375244146,81.19841766357422],[58.1019363403322,81.19844818115257],[58.10206604003935,81.19847869873053],[58.13568115234392,81.19708251953125],[58.1593666076663,81.19104766845732],[58.15948486328119,81.19101715087913]]],[[[58.252319335937614,81.19329833984398],[58.221885681152514,81.19112396240268],[58.210483551025675,81.1931076049807],[58.22711181640631,81.19909667968761],[58.238334655761776,81.20185089111328],[58.273685455322436,81.21041870117188],[58.29229736328142,81.21008300781273],[58.30556488037138,81.20169830322288],[58.30568313598627,81.20162200927734],[58.26454925537138,81.19522857666021],[58.252319335937614,81.19329833984398]]],[[[59.2424,81.2134],[59.8121,81.1681],[59.0043,81.2026],[59.2424,81.2134]]],[[[57.9128,81.2237],[58.0927,81.1869],[57.6575,81.0995],[56.9245,81.1438],[57.9128,81.2237]]],[[[54.60108566284197,81.23812103271507],[54.58630371093767,81.2368774414062],[54.5651969909668,81.24127960205095],[54.56350708007824,81.24582672119152],[54.580692291259936,81.24931335449219],[54.580783843994425,81.24932861328125],[54.58385086059599,81.2494354248048],[54.596683502197436,81.24992370605491],[54.60428619384771,81.2491226196289],[54.60108566284197,81.23812103271507]]],[[[57.4982,81.2467],[57.4335,81.2471],[57.5445,81.2483],[57.4982,81.2467]]],[[[60.5617,81.2769],[60.6097,81.263],[59.8421,81.2859],[60.5617,81.2769]]],[[[54.5153,81.2717],[54.5657,81.2638],[54.2051,81.3434],[54.5153,81.2717]]],[[[55.75884246826183,81.3504562377932],[55.74909210205084,81.34076690673834],[55.695941925048885,81.3470382690432],[55.70453262329107,81.34970855712913],[55.71359252929693,81.35249328613281],[55.713684082031534,81.35252380371094],[55.74328613281267,81.35241699218795],[55.75884246826183,81.3504562377932]]],[[[54.8867,81.3753],[54.8413,81.3781],[54.9558,81.3883],[54.8867,81.3753]]],[[[56.6541,81.4083],[57.9607,81.2947],[56.5197,81.1564],[55.5987,81.1979],[55.6145,81.2557],[55.4601,81.2649],[55.6937,81.3345],[56.6392,81.2557],[56.4115,81.3056],[56.4946,81.3415],[56.3671,81.3962],[56.6541,81.4083]]],[[[59.0165,81.4225],[59.2529,81.4202],[59.1602,81.4052],[59.3577,81.3343],[58.9756,81.2929],[58.5289,81.3454],[59.0165,81.4225]]],[[[58.794185638427905,81.44112396240246],[58.771286010742244,81.4396209716798],[58.74688720703131,81.44310760498047],[58.746784210205135,81.44312286376953],[58.709095001220646,81.44491577148466],[58.771911621094034,81.45587158203125],[58.80444335937506,81.44539642333984],[58.804683685302905,81.44532012939464],[58.794185638427905,81.44112396240246]]],[[[58.3227,81.527],[58.4063,81.5173],[58.2291,81.5195],[58.3227,81.527]]],[[[56.82999420166021,81.5386734008789],[56.799484252929744,81.53151702880905],[56.7606849670413,81.53532409667997],[56.78268432617193,81.53652191162104],[56.809196472168026,81.54105377197311],[56.80932235717802,81.54103851318365],[56.82999420166021,81.5386734008789]]],[[[57.6672,81.5628],[58.5835,81.4218],[57.8958,81.3757],[56.8344,81.4652],[57.0352,81.5412],[57.6672,81.5628]]],[[[62.1608,81.5188],[61.8095,81.574],[62.3171,81.5491],[62.1608,81.5188]]],[[[58.76308822631853,81.61962127685553],[58.751083374023494,81.61942291259771],[58.71630859375,81.62707519531295],[58.723270416259766,81.62812805175781],[58.733684539795206,81.62962341308628],[58.75158309936552,81.62802124023466],[58.7697944641115,81.6196899414062],[58.76308822631853,81.61962127685553]]],[[[61.98374176025408,81.61180877685575],[61.98150634765631,81.61151123046875],[61.95288467407255,81.61192321777344],[61.90307617187517,81.6224975585942],[61.90259552001959,81.62337493896484],[61.89998626708979,81.62792205810547],[61.90008544921881,81.62793731689453],[61.927783966064624,81.63232421875],[61.92791748046881,81.63233184814453],[61.92951583862322,81.63237762451195],[61.97238540649414,81.63362121582048],[61.996185302734375,81.63153839111328],[61.996273040771655,81.63151550292963],[62.013702392578296,81.62621307373047],[62.01928710937506,81.62451171875],[62.004184722900675,81.61441802978538],[61.98374176025408,81.61180877685575]]],[[[58.936283111572436,81.63142395019554],[58.917724609375,81.62988281250023],[58.873683929443644,81.63072204589855],[58.871284484863565,81.62492370605491],[58.85729980468756,81.62488555908203],[58.857192993164006,81.62488555908203],[58.80148315429716,81.63002014160156],[58.801643371582315,81.630111694336],[58.8088836669923,81.6344223022461],[58.81927871704113,81.63565826416061],[58.82477188110357,81.63631439208984],[58.828186035156534,81.63671112060547],[58.828281402588175,81.63671875],[58.92408370971697,81.63362121582048],[58.93588638305664,81.63149261474621],[58.936283111572436,81.63142395019554]]],[[[58.5659,81.5787],[58.2989,81.5887],[58.7345,81.6072],[58.5659,81.5787]]],[[[58.812316894531364,81.65112304687511],[58.81218338012701,81.65112304687511],[58.81668472290056,81.65522003173828],[58.84527587890631,81.65711975097656],[58.85464096069353,81.65774536132835],[58.888782501220874,81.66008758544933],[58.88891601562517,81.6600799560548],[58.909145355224894,81.65874481201183],[58.90948486328142,81.65872192382818],[58.89752197265631,81.65429687500023],[58.85491943359375,81.65130615234386],[58.812316894531364,81.65112304687511]]],[[[63.2713,81.7101],[63.835,81.6421],[63.3933,81.5693],[62.2065,81.6672],[63.2713,81.7101]]],[[[59.0968,81.8573],[59.3756,81.8244],[59.2372,81.7344],[58.1895,81.6863],[57.9763,81.7138],[58.0645,81.7682],[57.9125,81.8108],[59.0968,81.8573]]]]}},{"type":"Feature","properties":{"id":6,"name":"Astrakhan'","neighbors":[25,84]},"geometry":{"type":"Polygon","coordinates":[[[46.5841,48.6155],[46.4919,48.443],[46.9317,48.334],[47.1067,48.2024],[47.0971,48.1049],[47.2078,48.0784],[47.0177,48.0],[47.1743,47.7607],[47.377,47.6762],[47.4082,47.815],[47.6873,47.745],[48.0523,47.7627],[48.3807,47.4336],[48.6078,47.4145],[48.7336,47.0867],[49.0053,46.7672],[48.8009,46.6841],[48.5812,46.7739],[48.4807,46.6577],[49.231,46.2965],[49.0161,45.9922],[48.8488,45.9694],[48.8712,45.8517],[48.6727,46.0746],[48.8097,45.7841],[48.5694,45.9255],[48.5957,45.8459],[48.4816,45.832],[48.4947,45.7619],[48.3901,45.787],[48.2388,45.603],[48.0635,45.6545],[47.8498,45.5592],[47.6907,45.7126],[47.6024,45.6948],[47.5742,45.6358],[47.6939,45.5368],[47.5985,45.5567],[47.6379,45.4269],[47.5011,45.4981],[47.5742,45.5899],[46.8941,45.5713],[47.2641,46.0542],[46.9523,46.052],[46.8611,46.2203],[46.6057,46.2831],[46.7931,46.4076],[46.9873,46.4154],[46.998,46.523],[47.2628,46.7224],[46.8643,46.989],[46.5332,47.405],[46.813,47.5862],[46.6586,47.6173],[46.3827,47.4116],[46.2815,47.4508],[45.7528,47.8369],[45.7662,47.9999],[45.5199,48.022],[45.0234,48.304],[45.1867,48.478],[45.3998,48.4658],[45.2648,48.5475],[45.5879,48.5693],[46.0658,48.8538],[46.4371,48.782],[46.6215,48.6835],[46.5841,48.6155]]]}},{"type":"Feature","properties":{"id":7,"name":"Bashkortostan","neighbors":[12,58,60,71,73,80]},"geometry":{"type":"Polygon","coordinates":[[[54.8635,56.4575],[55.3577,56.3876],[55.8612,56.5],[56.1056,56.2888],[56.499,56.3838],[56.8688,56.1142],[57.2058,56.1882],[57.4166,56.3422],[57.5601,56.1361],[58.3161,56.1086],[58.5612,56.1851],[58.9248,56.0806],[59.1099,56.1805],[59.367,56.1426],[59.2119,56.0504],[59.2382,55.9567],[59.1342,55.8357],[59.3229,55.7685],[59.3221,55.6389],[59.6524,55.6071],[59.5002,55.4814],[59.192,55.4559],[59.1796,55.3691],[59.0544,55.2998],[58.7339,55.285],[58.6365,55.1866],[58.8468,55.0682],[58.7233,54.9986],[58.61,54.9719],[58.2656,55.2068],[58.0765,54.9883],[57.9638,54.9609],[58.042,55.0357],[57.9969,55.1486],[58.0877,55.2325],[58.0531,55.2798],[57.5501,55.3412],[57.2676,55.249],[57.1279,55.0867],[57.2773,54.9856],[57.1784,54.8661],[57.9798,54.4243],[58.3147,54.5499],[58.7162,54.4989],[58.7942,54.5863],[59.2522,54.6337],[59.7006,54.9369],[59.9184,54.8853],[59.8728,54.8267],[59.9265,54.7603],[59.6837,54.5208],[59.7341,54.4574],[59.6512,54.3865],[59.776,54.3298],[59.7267,54.1713],[59.306,54.1875],[59.1954,54.0257],[58.95,53.9551],[58.9066,53.6993],[58.8163,53.6054],[58.8816,53.4542],[58.8179,53.2812],[58.9711,53.0669],[58.8395,52.9723],[58.772,52.6472],[58.8728,52.5723],[58.8229,52.5151],[58.9281,52.3292],[58.7223,52.2643],[58.6846,52.1346],[58.772,52.077],[58.6226,51.7894],[58.2855,51.7049],[57.7791,51.8515],[57.599,51.687],[57.4366,51.7152],[57.4226,51.6298],[57.2528,51.5611],[56.9575,51.7423],[56.9028,51.7217],[56.9539,51.6189],[56.8084,51.5839],[56.8477,51.6773],[56.6713,51.8534],[56.7643,51.9386],[56.6533,52.0839],[56.4678,52.1997],[56.3504,52.122],[56.2519,52.1842],[56.4562,52.3529],[56.3537,52.5199],[56.4109,52.5875],[56.0766,52.6715],[55.807,52.3756],[55.5268,52.4271],[55.4554,52.6077],[55.2307,52.6787],[55.3982,52.7475],[55.3339,52.8694],[55.0861,52.8689],[54.8974,53.2462],[54.6229,53.2405],[54.507,53.3588],[54.0504,53.4837],[53.3921,54.0583],[53.4266,54.4536],[53.6317,54.7054],[53.5986,54.8053],[53.6838,54.8951],[53.1443,55.1078],[53.9035,55.3918],[54.0101,55.5898],[54.2003,55.688],[54.1949,55.7684],[53.7979,55.9803],[53.8507,56.0361],[54.388,56.3059],[54.5702,56.541],[54.8635,56.4575]]]}},{"type":"Feature","properties":{"id":8,"name":"Belgorod","neighbors":[42,86]},"geometry":{"type":"Polygon","coordinates":[[[38.1083,51.3865],[38.5458,51.2486],[38.5829,51.1856],[38.4795,51.1283],[38.4918,51.0588],[38.7118,51.0119],[38.8434,51.0841],[38.9349,51.0324],[38.9119,50.9608],[38.9855,50.9116],[38.8494,50.906],[38.8207,50.8235],[38.9918,50.6743],[39.2888,50.5611],[39.1704,50.5497],[39.2121,50.4879],[39.1377,50.427],[39.2184,50.3372],[39.2482,50.1158],[39.3649,50.0454],[39.2916,49.85],[39.172,49.88],[38.9633,49.8033],[38.6887,49.9977],[38.4052,49.9875],[38.3393,50.0859],[38.1998,50.0759],[38.227,49.9745],[38.034,49.9228],[37.9176,50.0598],[37.6523,50.1769],[37.6468,50.3053],[37.4817,50.3539],[37.4924,50.4353],[36.859,50.3349],[36.6147,50.2313],[36.5954,50.3012],[36.4587,50.3353],[36.3154,50.294],[36.0739,50.4637],[35.6313,50.3607],[35.4131,50.5897],[35.4179,50.6568],[35.5023,50.6671],[35.4913,50.7714],[35.3471,51.016],[35.5352,50.947],[35.8448,50.9766],[35.9881,51.0611],[35.9508,51.1277],[36.0386,51.1902],[36.6101,51.086],[37.4321,51.3784],[38.1083,51.3865]]]}},{"type":"Feature","properties":{"id":9,"name":"Bryansk","neighbors":[26,42,57,69]},"geometry":{"type":"Polygon","coordinates":[[[33.8362,53.972],[33.9521,53.8518],[34.2299,53.8696],[34.4061,53.7621],[34.5095,53.683],[34.5313,53.4421],[35.0178,53.3632],[35.1262,53.2849],[35.0905,53.1508],[35.2829,53.0667],[34.7709,52.8888],[34.8546,52.7955],[35.0365,52.7874],[35.0503,52.6984],[34.9541,52.6811],[35.0268,52.5589],[34.8394,52.4674],[34.8348,52.4094],[34.9554,52.3761],[34.8117,52.2301],[34.644,52.2233],[34.6487,52.0991],[34.323,52.0451],[34.2978,51.9622],[34.4139,51.938],[34.253,51.8595],[34.2655,51.9085],[34.0795,51.9971],[34.1144,52.1339],[33.8311,52.3569],[33.5104,52.2927],[33.5303,52.3496],[33.1958,52.375],[32.9088,52.2435],[32.387,52.3459],[32.3611,52.1449],[32.0721,52.0228],[31.9336,52.03],[31.9497,52.0839],[31.6802,52.1912],[31.7076,52.2702],[31.5946,52.3025],[31.5747,52.4984],[31.6655,52.553],[31.5153,52.6893],[31.6023,52.7756],[31.2498,53.027],[31.4001,53.0921],[31.429,53.1954],[31.641,53.2314],[31.9313,53.0866],[32.2273,53.0963],[32.4472,53.194],[32.5093,53.2948],[32.9152,53.4229],[32.9468,53.5724],[33.3566,53.8158],[33.2838,53.871],[33.358,53.9685],[33.4366,53.9272],[33.4567,53.9835],[33.7019,54.0204],[33.8362,53.972]]]}},{"type":"Feature","properties":{"id":11,"name":"Chechnya","neighbors":[17,20,53,70]},"geometry":{"type":"Polygon","coordinates":[[[46.5789,43.844],[46.5956,43.7057],[46.3672,43.4171],[46.4769,43.2111],[46.4572,43.0733],[46.5393,43.0311],[46.5293,42.8949],[46.2486,42.8652],[46.1453,42.8021],[46.2334,42.7128],[46.0488,42.6744],[46.0191,42.5775],[45.7905,42.4632],[45.5698,42.5485],[45.3316,42.5326],[45.1672,42.6978],[45.0889,42.6959],[45.208,42.8903],[45.1676,43.0034],[45.3108,43.3086],[45.1978,43.3476],[45.2183,43.4378],[44.9282,43.5359],[44.95,43.636],[45.1433,43.7211],[45.1424,43.8753],[45.2615,43.8962],[45.3001,43.8139],[45.4474,43.8106],[45.5694,43.9754],[46.0889,43.9],[46.084,43.7784],[46.2867,43.8437],[46.2721,43.9033],[46.4244,43.995],[46.5789,43.844]]]}},{"type":"Feature","properties":{"id":12,"name":"Chelyabinsk","neighbors":[7,41,58,71]},"geometry":{"type":"Polygon","coordinates":[[[61.2976,56.3814],[61.7093,56.3448],[62.1197,56.1332],[62.2406,55.946],[62.3662,55.942],[62.321,55.8929],[62.5412,55.773],[62.5581,55.6253],[62.4806,55.5721],[62.5763,55.5573],[62.5463,55.4912],[62.1615,55.4536],[62.2105,55.3473],[62.0566,55.311],[62.2526,55.1157],[62.1902,55.0218],[61.9611,55.0482],[62.0833,54.8185],[62.0436,54.7662],[62.1842,54.6836],[62.4839,54.7544],[62.5677,54.724],[62.5317,54.6818],[62.7142,54.6688],[63.204,54.7185],[63.2883,54.5321],[63.1199,54.4701],[63.1088,54.369],[63.364,54.2625],[63.3781,54.1974],[63.1683,54.1924],[63.1212,54.1078],[62.8161,54.1158],[62.5507,53.8998],[62.4416,53.9365],[62.4135,53.9956],[62.4895,54.0261],[62.4375,54.0551],[62.0731,54.0557],[61.9821,53.9458],[61.7376,54.0294],[61.6131,53.9542],[61.3947,54.0892],[61.2562,54.0341],[61.2564,53.9175],[60.999,53.9315],[61.2181,53.7967],[60.916,53.6167],[61.503,53.5914],[61.5883,53.5248],[61.4447,53.4579],[61.2575,53.5034],[61.1577,53.3865],[61.1827,53.2962],[61.5178,53.2139],[61.6673,53.2519],[61.799,53.1609],[62.1106,53.1168],[62.1373,53.0057],[62.008,52.9516],[61.4597,53.035],[61.0252,52.98],[61.0739,52.9122],[60.729,52.7515],[60.7145,52.6538],[60.8412,52.6189],[60.8494,52.5172],[60.9739,52.5035],[61.0719,52.3377],[60.7219,52.1687],[60.5309,52.1659],[60.1159,51.9973],[59.9841,52.0539],[60.2343,52.2769],[60.1815,52.4284],[59.4824,52.4984],[59.2874,52.4488],[59.2894,52.3013],[59.0129,52.4689],[58.8705,52.4675],[58.8229,52.5151],[58.8728,52.5723],[58.774,52.6706],[58.8395,52.9723],[58.9711,53.0669],[58.8179,53.2812],[58.8816,53.4542],[58.8163,53.6054],[58.9066,53.6993],[58.95,53.9551],[59.1954,54.0257],[59.306,54.1875],[59.7267,54.1713],[59.776,54.3298],[59.6512,54.3865],[59.7341,54.4574],[59.6837,54.5208],[59.9265,54.7603],[59.8728,54.8267],[59.9158,54.8906],[59.763,54.8762],[59.7006,54.9369],[59.2522,54.6337],[58.7942,54.5863],[58.7162,54.4989],[58.4131,54.5628],[57.9798,54.4243],[57.1784,54.8661],[57.2773,54.9856],[57.1348,55.1247],[57.2676,55.249],[57.5501,55.3412],[58.0531,55.2798],[58.006,54.9515],[58.2656,55.2068],[58.61,54.9719],[58.8468,55.0682],[58.6365,55.1866],[58.7339,55.285],[59.0544,55.2998],[59.1796,55.3691],[59.192,55.4559],[59.5002,55.4814],[59.6524,55.6071],[59.3221,55.6389],[59.3229,55.7685],[59.1342,55.8357],[59.2382,55.9567],[59.2119,56.0504],[59.367,56.1426],[59.0307,56.1551],[59.0506,56.2359],[59.1804,56.2586],[59.1954,56.3763],[59.6273,56.3376],[59.7216,56.2518],[60.4112,56.2955],[60.7775,56.2335],[61.1181,56.2467],[61.0979,56.38],[61.2976,56.3814]]]}},{"type":"Feature","properties":{"id":15,"name":"Chuvash","neighbors":[46,47,52,73,81]},"geometry":{"type":"Polygon","coordinates":[[[47.3526,56.3481],[47.4988,56.1934],[47.9127,56.1293],[48.0303,55.9569],[48.4338,55.8356],[48.4389,55.7784],[48.0551,55.6589],[48.1711,55.5739],[47.7257,55.3166],[47.7107,55.2351],[47.7724,55.2224],[47.974,55.3122],[48.0828,55.1532],[47.9311,55.0551],[48.119,55.0109],[47.8054,54.98],[47.8547,54.876],[47.7159,54.8805],[47.7326,54.8236],[47.4344,54.8973],[47.3791,54.8304],[47.4543,54.7652],[46.8724,54.6333],[46.456,54.7763],[46.417,54.8908],[46.2764,54.9594],[46.3414,55.0195],[46.284,55.0802],[46.14,54.9873],[46.0567,55.1807],[46.4217,55.4222],[45.9782,55.6442],[46.1191,55.8169],[46.0934,55.9523],[46.1683,56.0448],[46.5319,56.1618],[46.7216,56.1341],[47.1858,56.3391],[47.3526,56.3481]]]}},{"type":"Feature","properties":{"id":16,"name":"City of St. Petersburg","neighbors":[43]},"geometry":{"type":"MultiPolygon","coordinates":[[[[29.719165802002124,59.9754180908206],[29.719165802002124,59.97291564941412],[29.717500686645792,59.97291564941412],[29.717500686645792,59.97319412231451],[29.71694374084501,59.97319412231451],[29.71694374084501,59.9734725952149],[29.716388702392862,59.9734725952149],[29.716388702392862,59.97375106811529],[29.715278625488338,59.97375106811529],[29.715278625488338,59.974304199218864],[29.714721679687557,59.974304199218864],[29.714721679687557,59.974582672119254],[29.715278625488338,59.974582672119254],[29.715278625488338,59.974861145019645],[29.716388702392862,59.974861145019645],[29.716388702392862,59.9754180908206],[29.71694374084501,59.9754180908206],[29.71694374084501,59.974861145019645],[29.7180557250976,59.974861145019645],[29.7180557250976,59.9754180908206],[29.719165802002124,59.9754180908206]]],[[[29.747499465942553,59.97958374023443],[29.747499465942553,59.97902679443365],[29.748611450195483,59.97902679443365],[29.748611450195483,59.97819519042969],[29.74638938903837,59.97819519042969],[29.74638938903837,59.97847366333008],[29.74583244323759,59.97847366333008],[29.74583244323759,59.97874832153326],[29.744722366333065,59.97874832153326],[29.744722366333065,59.97930526733404],[29.74583244323759,59.97930526733404],[29.74583244323759,59.980693817138786],[29.74916648864746,59.980693817138786],[29.74916648864746,59.97986221313482],[29.748056411743107,59.97986221313482],[29.748056411743107,59.97958374023443],[29.747499465942553,59.97958374023443]]],[[[29.73638916015642,59.99041748046875],[29.73638916015642,59.98902893066423],[29.73305511474615,59.98902893066423],[29.73305511474615,59.989582061767635],[29.732500076294002,59.989582061767635],[29.732500076294002,59.99013900756859],[29.731945037841967,59.99013900756859],[29.731945037841967,59.99041748046875],[29.73638916015642,59.99041748046875]]],[[[30.01139068603544,59.99652862548851],[30.01139068603544,59.99625015258812],[30.014165878296012,59.99625015258812],[30.014165878296012,59.99597167968756],[30.014722824096737,59.99597167968756],[30.014722824096737,59.995693206787166],[30.015277862549112,59.995693206787166],[30.015277862549112,59.995418548584155],[30.01583290100126,59.995418548584155],[30.01583290100126,59.99430465698242],[30.015277862549112,59.99430465698242],[30.015277862549112,59.99402618408203],[30.014722824096737,59.99402618408203],[30.014722824096737,59.99375152587902],[30.014165878296012,59.99375152587902],[30.014165878296012,59.992362976074276],[30.01139068603544,59.992362976074276],[30.01139068603544,59.992084503173885],[30.010280609130916,59.992084503173885],[30.01027870178251,59.992362976074276],[30.00972175598173,59.992362976074276],[30.00972175598173,59.99263763427729],[30.009168624877987,59.99263763427729],[30.009168624877987,59.99319458007824],[30.008611679077205,59.99319458007824],[30.008611679077205,59.99375152587902],[30.008054733276424,59.99375152587902],[30.008054733276424,59.99430465698242],[30.007499694824276,59.99430465698242],[30.007499694824276,59.99458312988281],[30.004722595215128,59.99458312988281],[30.004722595215128,59.9948616027832],[30.00416755676298,59.9948616027832],[30.00416755676298,59.995418548584155],[30.004722595215128,59.995418548584155],[30.004722595215128,59.995693206787166],[30.005277633667163,59.995693206787166],[30.005277633667163,59.99597167968756],[30.00694465637207,59.99597167968756],[30.00694465637207,59.995693206787166],[30.007499694824276,59.995693206787166],[30.007499694824276,59.99597167968756],[30.008054733276424,59.99597167968756],[30.008054733276424,59.99625015258812],[30.009168624877987,59.99625015258812],[30.009168624877987,59.99652862548851],[30.01139068603544,59.99652862548851]]],[[[29.8887,60.2129],[30.3843,60.1282],[30.3516,60.051],[30.5247,59.9861],[30.5173,59.8509],[30.7709,59.7436],[30.4826,59.6233],[30.2368,59.6135],[29.676,59.8632],[29.6952,59.9326],[30.1792,59.8785],[29.5914,60.0],[29.7719,59.9796],[29.6431,60.036],[29.7277,60.0231],[30.1736,59.8879],[30.2497,59.9665],[29.9717,60.0103],[29.8739,60.1639],[29.4091,60.1632],[29.5839,60.266],[29.8887,60.2129]]]]}},{"type":"Feature","properties":{"id":17,"name":"Dagestan","neighbors":[11,25,70]},"geometry":{"type":"Polygon","coordinates":[[[46.708,44.8074],[46.9154,44.8215],[46.7933,44.6925],[46.789,44.5809],[46.8554,44.5546],[46.7656,44.5408],[46.7744,44.486],[47.0168,44.4217],[47.0975,44.229],[47.2272,44.2122],[47.5251,43.836],[47.3875,43.5663],[47.4568,43.4971],[47.6275,43.8908],[47.7573,43.8911],[47.4748,43.3883],[47.6026,43.3126],[47.5101,43.2426],[47.4515,43.0402],[47.707,42.8789],[47.7307,42.6552],[48.0722,42.3392],[48.372,41.911],[48.5051,41.8641],[48.4015,41.6121],[48.045,41.4885],[47.8788,41.2192],[47.5419,41.2063],[47.3251,41.2915],[47.1168,41.5827],[47.0098,41.556],[46.7546,41.8601],[46.5609,41.8078],[46.3822,41.9599],[45.94,42.0265],[45.6061,42.219],[45.7451,42.3053],[45.7733,42.462],[46.0191,42.5775],[46.0488,42.6744],[46.2334,42.7128],[46.1453,42.8021],[46.3762,42.8951],[46.4486,42.8434],[46.5545,42.922],[46.3672,43.4171],[46.6185,43.7903],[46.4244,43.995],[46.2721,43.9033],[46.2867,43.8437],[46.084,43.7784],[46.0889,43.9],[45.5694,43.9754],[45.542,44.1435],[45.2186,44.1464],[45.2269,44.208],[45.4408,44.2545],[45.503,44.3429],[45.2972,44.4314],[45.3094,44.5253],[45.5042,44.5985],[45.6449,44.7748],[45.5898,44.8832],[45.7873,45.0117],[46.3855,44.9511],[46.708,44.8074]]]}},{"type":"Feature","properties":{"id":20,"name":"Ingush","neighbors":[11,53]},"geometry":{"type":"Polygon","coordinates":[[[44.8928,43.5435],[45.2183,43.4378],[45.1978,43.3476],[45.3108,43.3086],[45.3044,43.2045],[45.1676,43.0034],[45.2126,42.9099],[45.1591,42.7616],[45.0829,42.6946],[44.8783,42.7469],[44.7679,42.6256],[44.6886,42.8339],[44.8516,42.7888],[44.9804,42.8854],[44.9295,43.0446],[44.6441,43.1821],[44.5979,43.5271],[44.7907,43.4766],[44.8292,43.5749],[44.8928,43.5435]]]}},{"type":"Feature","properties":{"id":22,"name":"Ivanovo","neighbors":[38,52,83,88]},"geometry":{"type":"Polygon","coordinates":[[[41.6182,57.7124],[42.1341,57.5698],[42.8418,57.6657],[42.8592,57.4961],[42.7739,57.4506],[42.96,57.3832],[43.1458,57.4206],[43.1343,57.5582],[43.2079,57.6296],[43.2367,57.4337],[43.3666,57.5221],[43.5954,57.5431],[43.8728,57.3621],[43.5086,57.206],[43.4984,57.1139],[43.6865,57.0612],[43.5152,56.8827],[42.8618,56.8131],[42.8005,56.6618],[42.9061,56.6635],[42.913,56.4727],[42.6786,56.4674],[42.547,56.3907],[42.2815,56.4563],[42.0595,56.3399],[41.9338,56.3687],[41.9004,56.4972],[41.5324,56.4159],[41.2271,56.498],[41.0991,56.4433],[40.7231,56.5952],[40.3142,56.5099],[40.2243,56.4085],[40.0067,56.4638],[39.9116,56.607],[39.8223,56.6112],[39.8854,56.765],[39.6353,56.8079],[39.4383,56.7606],[39.4137,56.8373],[39.6182,56.9474],[39.5387,56.9918],[40.2767,57.2374],[40.1752,57.2705],[41.0351,57.308],[41.1571,57.4246],[41.6089,57.4687],[41.6182,57.7124]]]}},{"type":"Feature","properties":{"id":23,"name":"Kabardin-Balkar","neighbors":[28,53,70]},"geometry":{"type":"Polygon","coordinates":[[[44.5034,43.8669],[44.4035,43.6733],[44.5314,43.5742],[44.5053,43.347],[44.1829,43.3405],[44.1135,43.1562],[43.933,43.2651],[43.6234,42.9122],[43.3431,42.89],[42.8927,43.1701],[42.683,43.1371],[42.509,43.2356],[42.5858,43.5389],[42.8246,43.643],[42.8505,43.7486],[43.3741,43.8801],[43.4764,43.7418],[43.8842,43.7399],[44.0732,43.9241],[44.3953,43.8356],[44.5212,43.9494],[44.5034,43.8669]]]}},{"type":"Feature","properties":{"id":24,"name":"Kaliningrad","neighbors":[]},"geometry":{"type":"MultiPolygon","coordinates":[[[[19.94970893859886,54.634094238281364],[19.949720382690373,54.63319396972673],[19.949464797973633,54.63319396972673],[19.94916725158697,54.63319396972673],[19.949165344238395,54.63288116455101],[19.948730468750057,54.63291549682651],[19.948608398437443,54.63291549682651],[19.948608398437443,54.63263702392578],[19.94531440734903,54.63269042968773],[19.945276260375977,54.63236236572294],[19.944723129272575,54.63236236572294],[19.944723129272575,54.63208389282272],[19.94157028198248,54.63208389282272],[19.94139480590826,54.63205718994175],[19.941389083862305,54.63180541992199],[19.93970489501953,54.63180541992199],[19.93916702270502,54.63180541992199],[19.93916702270502,54.63172531127941],[19.93916702270502,54.6315269470216],[19.93750190734886,54.6315269470216],[19.93750190734886,54.6317138671875],[19.93750190734886,54.63180541992199],[19.934165954589844,54.63180541992199],[19.934165954589844,54.6317138671875],[19.934165954589844,54.6315269470216],[19.933715820312614,54.6315269470216],[19.933610916138036,54.63151931762707],[19.933610916138036,54.63124847412121],[19.930906295776765,54.63126373291027],[19.930830001830998,54.63126373291027],[19.930833816528377,54.630973815918196],[19.929866790771484,54.630973815918196],[19.92972183227579,54.630973815918196],[19.92972183227579,54.630695343017805],[19.928775787353743,54.630695343017805],[19.928611755371435,54.630687713623274],[19.928611755371435,54.630416870117415],[19.922204971313477,54.630416870117415],[19.91972160339401,54.630416870117415],[19.919677734375,54.630310058593864],[19.91972160339401,54.630138397217024],[19.913055419921932,54.630138397217024],[19.913055419921932,54.63031387329124],[19.913055419921932,54.630416870117415],[19.911804199218693,54.630416870117415],[19.91083335876482,54.630416870117415],[19.910890579223576,54.630493164062614],[19.910890579223576,54.630973815918196],[19.912500381470124,54.630973815918196],[19.912475585937557,54.63128662109392],[19.91583251953159,54.63124847412121],[19.915895462036133,54.63153076171875],[19.917480468750455,54.6315269470216],[19.920280456543367,54.6315269470216],[19.920280456543367,54.6317138671875],[19.920280456543367,54.63180541992199],[19.920684814453182,54.63180541992199],[19.921943664550952,54.63180541992199],[19.921875000000284,54.632080078125],[19.92249870300293,54.63208389282272],[19.92249870300293,54.63236236572294],[19.923072814941747,54.63236236572294],[19.928054809570312,54.63236236572294],[19.928102493286133,54.63269042968773],[19.929166793823242,54.63263702392578],[19.929166793823242,54.63291549682651],[19.929687500000455,54.63287353515648],[19.929687500000455,54.63348388671898],[19.931388854980526,54.63348388671898],[19.931388854980526,54.63319396972673],[19.931806564331396,54.63319396972673],[19.931911468505973,54.63313674926758],[19.93194389343273,54.63291549682651],[19.934722900390796,54.63291549682651],[19.934722900390796,54.63311767578131],[19.934722900390796,54.63319396972673],[19.93555068969721,54.63319396972673],[19.938055038452262,54.63319396972673],[19.938108444214038,54.63348388671898],[19.943611145019986,54.633472442626896],[19.943611145019986,54.633747100830305],[19.9437255859375,54.63375091552729],[19.94400024414091,54.63375091552729],[19.94583320617693,54.63375091552729],[19.94583320617693,54.63390350341808],[19.94583320617693,54.63402938842785],[19.948364257812557,54.63402938842785],[19.94970893859886,54.634094238281364]]],[[[20.00531005859375,54.63769531250006],[20.005277633666992,54.63735961914074],[20.00091552734375,54.63735961914074],[20.000833511352596,54.63735961914074],[20.000833511352596,54.63708496093773],[19.999694824219034,54.63708496093773],[19.99916648864746,54.63708496093773],[19.99916648864746,54.636249542236555],[19.999084472656307,54.63629150390625],[19.998718261718807,54.63629150390625],[19.998607635498104,54.63628005981491],[19.998611450195654,54.635971069335994],[19.995300292969205,54.63592529296898],[19.995277404785213,54.635692596435604],[19.99305534362793,54.635692596435604],[19.99310302734375,54.63592529296898],[19.99275207519571,54.635971069335994],[19.99027824401861,54.635971069335994],[19.990295410156307,54.63629150390625],[19.985900878906477,54.63629150390625],[19.985834121704215,54.635971069335994],[19.982910156250284,54.635971069335994],[19.982500076294343,54.635971069335994],[19.982500076294343,54.635692596435604],[19.98089599609375,54.63568115234409],[19.980833053589038,54.63541793823242],[19.978878021240405,54.63541793823242],[19.97805595397955,54.63541793823242],[19.97805595397955,54.63531494140625],[19.97805595397955,54.63513946533203],[19.972068786621037,54.63513946533203],[19.969722747802905,54.63513946533203],[19.969722747802905,54.63486099243164],[19.969299316406648,54.634887695312614],[19.969165802001953,54.63488006591808],[19.969165802001953,54.63458251953125],[19.964618682861726,54.63458251953125],[19.963682174682617,54.63458251953125],[19.963611602783544,54.63458251953125],[19.963611602783544,54.63430404663109],[19.959667205810945,54.63430404663109],[19.959289550781193,54.63430404663109],[19.959169387817724,54.63430023193371],[19.959169387817724,54.63402938842785],[19.954713821411588,54.634094238281364],[19.954713821411588,54.63458251953125],[19.956388473510685,54.63458251953125],[19.95638656616211,54.63487625122093],[19.95648193359375,54.63487625122093],[19.960277557373104,54.63486099243164],[19.960325241088924,54.635070800781364],[19.96250152587919,54.63513946533203],[19.96250152587919,54.63531494140625],[19.96250152587919,54.63541793823242],[19.964069366455135,54.63541793823242],[19.96805572509777,54.63541793823242],[19.968078613281193,54.63568115234409],[19.969722747802905,54.635692596435604],[19.96972465515148,54.63592529296898],[19.97305488586437,54.635971069335994],[19.97308349609375,54.63629150390625],[19.97861289978033,54.636249542236555],[19.97861289978033,54.636528015136946],[19.978698730469205,54.636528015136946],[19.979789733887117,54.636528015136946],[19.983612060547102,54.636528015136946],[19.983612060547102,54.63671493530268],[19.983612060547102,54.63680648803734],[19.9842147827149,54.63680648803734],[19.985834121704215,54.63680648803734],[19.985834121704215,54.63708496093773],[19.987487792969034,54.63708496093773],[19.987487792969034,54.63735961914074],[19.98804664611839,54.63735961914074],[19.988056182861328,54.63708496093773],[19.989719390869084,54.63708496093773],[19.98968505859375,54.637329101562955],[19.9898681640625,54.63735961914074],[19.991945266723746,54.63735961914074],[19.991882324218864,54.63769531250006],[19.997499465942326,54.63763809204113],[19.997499465942326,54.63791656494152],[20.000280380249364,54.63791656494152],[20.000833511352596,54.63791656494152],[20.000833511352596,54.63819503784191],[20.00091552734375,54.63819503784191],[20.005834579467773,54.63819503784191],[20.005834579467773,54.63769531250006],[20.00531005859375,54.63769531250006]]],[[[19.876943588257063,54.639892578125],[19.876943588257063,54.639583587646655],[19.87795257568365,54.639583587646655],[19.878044128417912,54.63952255249069],[19.878055572509822,54.639305114746435],[19.878616333007756,54.639320373535156],[19.87861061096237,54.6390266418457],[19.878978729248445,54.6390266418457],[19.879169464111726,54.6390266418457],[19.879169464111726,54.63888549804699],[19.879169464111726,54.63874816894531],[19.87950706481945,54.63874816894531],[19.879722595215128,54.63874816894531],[19.879722595215128,54.638671875000114],[19.879722595215128,54.63847351074264],[19.880310058593864,54.638488769531364],[19.880277633666935,54.63819503784191],[19.88139152526884,54.63819503784191],[19.88139152526884,54.63763809204113],[19.88153076171875,54.63763809204113],[19.88194084167486,54.637680053711165],[19.88194465637207,54.63735961914074],[19.882507324219148,54.63735961914074],[19.882501602173193,54.63690185546898],[19.882501602173193,54.63680648803734],[19.883117675781307,54.63680648803734],[19.88306045532255,54.63629913330078],[19.883611679077546,54.63629150390625],[19.883611679077546,54.635692596435604],[19.88372993469244,54.635692596435604],[19.884166717529354,54.635692596435604],[19.884166717529354,54.63513946533203],[19.884521484374943,54.63513946533203],[19.884723663330135,54.63513946533203],[19.884723663330135,54.63486099243164],[19.88531494140659,54.634887695312614],[19.88531494140659,54.634277343750455],[19.88583374023449,54.634277343750455],[19.88583374023449,54.63402938842785],[19.886388778686467,54.63402938842785],[19.886388778686467,54.633472442626896],[19.886474609375,54.633472442626896],[19.886943817138842,54.633480072021655],[19.886943817138842,54.63263702392578],[19.887329101562557,54.63269042968773],[19.887500762939794,54.63263702392578],[19.887500762939794,54.63236236572294],[19.887329101562557,54.63236236572294],[19.886943817138842,54.63236236572294],[19.886943817138842,54.63208389282272],[19.887329101562557,54.63208389282272],[19.887500762939794,54.63208389282272],[19.887500762939794,54.63133621215832],[19.887500762939794,54.630973815918196],[19.887083053588924,54.630973815918196],[19.886970520019815,54.63091659545904],[19.886943817138842,54.630695343017805],[19.88651466369646,54.630695343017805],[19.886402130126953,54.63065719604492],[19.886388778686467,54.630416870117415],[19.88592529296875,54.630416870117415],[19.88583374023449,54.630416870117415],[19.88583374023449,54.629699707031705],[19.88583374023449,54.62958526611328],[19.885278701782283,54.62958145141607],[19.88531494140659,54.62872314453131],[19.88583374023449,54.62874984741211],[19.88583374023449,54.628517150879134],[19.88583374023449,54.62819290161133],[19.886388778686467,54.62819290161133],[19.886388778686467,54.627639770507926],[19.886474609375,54.627639770507926],[19.886943817138842,54.62767410278326],[19.886943817138842,54.62680435180681],[19.887329101562557,54.62680435180681],[19.887500762939794,54.62680435180681],[19.887500762939794,54.62541580200207],[19.887281417846737,54.62541580200207],[19.886943817138842,54.62541580200207],[19.886943817138842,54.625122070312955],[19.88592529296875,54.625137329101676],[19.885835647583065,54.625125885009766],[19.88583374023449,54.624862670898665],[19.88372993469244,54.624862670898665],[19.883621215820312,54.62483215332031],[19.883611679077546,54.624584197998274],[19.88251876831049,54.624515533447436],[19.882501602173193,54.624305725097884],[19.882078170776765,54.624305725097884],[19.88194465637207,54.624305725097884],[19.88194465637207,54.62402725219749],[19.88153076171875,54.62402725219749],[19.88139152526884,54.62402725219749],[19.88139152526884,54.6237487792971],[19.880966186523438,54.6237487792971],[19.880838394165437,54.62372207641613],[19.88083267211948,54.62347412109409],[19.879699707031307,54.62347412109409],[19.879722595215128,54.62319564819336],[19.879169464111726,54.62319564819336],[19.879169464111726,54.62291717529297],[19.878723144531307,54.62291717529297],[19.87861061096237,54.62291717529297],[19.87861061096237,54.62263870239258],[19.87811279296875,54.622680664062614],[19.878055572509822,54.62236022949219],[19.877481460571573,54.62236404418957],[19.877500534058015,54.621250152588004],[19.8773193359375,54.62127685546898],[19.876943588257063,54.621250152588004],[19.876943588257063,54.620727539062784],[19.876525878906193,54.620727539062784],[19.876417160034634,54.62065124511719],[19.876388549804688,54.62041854858421],[19.876085281372298,54.62041854858421],[19.87583351135271,54.62041854858421],[19.87583351135271,54.620277404785156],[19.87583351135271,54.62014007568365],[19.875305175781307,54.62011718750023],[19.875278472900334,54.61763763427757],[19.875831604004304,54.617671966552734],[19.87583351135271,54.61736297607439],[19.87690544128418,54.61736297607439],[19.876943588257063,54.61708450317417],[19.87750244140642,54.617126464843864],[19.877500534058015,54.61680603027344],[19.877960205078182,54.61680603027344],[19.878023147583065,54.616760253906364],[19.878055572509822,54.61652755737305],[19.879026412964265,54.61652755737305],[19.879169464111726,54.61652755737305],[19.879169464111726,54.616249084472656],[19.879699707031307,54.61627197265625],[19.879722595215128,54.615970611572266],[19.880258560180664,54.6159362792971],[19.880277633666935,54.615695953369254],[19.881397247314794,54.61574554443382],[19.88139152526884,54.615417480468864],[19.881923675537223,54.615417480468864],[19.88194465637207,54.61513900756847],[19.88296890258789,54.61513900756847],[19.883117675781307,54.6151123046875],[19.883056640625,54.61187744140625],[19.883054733276424,54.61180496215843],[19.883611679077546,54.61180496215843],[19.883611679077546,54.61132812500023],[19.883611679077546,54.61125183105463],[19.883117675781307,54.61125183105463],[19.883054733276424,54.60992431640642],[19.882507324219148,54.60992431640642],[19.882507324219148,54.609313964843864],[19.882078170776765,54.60930633544933],[19.88194465637207,54.60930633544933],[19.88194465637207,54.60902786254894],[19.881525039672795,54.60907745361334],[19.881374359130803,54.60909271240263],[19.88139152526884,54.60874938964855],[19.879722595215128,54.60874938964855],[19.879722595215128,54.60847091674816],[19.87811279296875,54.608520507812784],[19.878055572509822,54.60819625854515],[19.876445770264013,54.60819625854515],[19.87583351135271,54.60819625854515],[19.87583351135271,54.60808181762707],[19.87583351135271,54.60791778564476],[19.87472152709995,54.60791778564476],[19.87472152709995,54.60763931274437],[19.874166488647575,54.60763931274437],[19.874166488647575,54.60736083984381],[19.87371826171875,54.60736083984381],[19.87362670898449,54.60732269287132],[19.873611450195767,54.607082366943416],[19.87310791015659,54.60711669921875],[19.87305641174322,54.60680389404325],[19.872497558593864,54.60687255859392],[19.87249946594244,54.6063232421875],[19.87249946594244,54.60625076293945],[19.87194442749029,54.60625076293945],[19.87194442749029,54.60597229003906],[19.869579315185888,54.60597229003906],[19.869176864624478,54.605911254882756],[19.869167327880803,54.6056938171389],[19.86871337890659,54.60570144653343],[19.868608474731445,54.60570144653343],[19.868608474731445,54.60541534423851],[19.86694526672369,54.60541534423851],[19.86694526672369,54.6051406860351],[19.86399269104038,54.6051406860351],[19.863708496093864,54.6051406860351],[19.86362266540533,54.605110168457145],[19.863611221313818,54.60486221313471],[19.863098144531307,54.604919433593864],[19.863054275512866,54.604583740234546],[19.861944198608512,54.604583740234546],[19.861944198608512,54.60449218750023],[19.861944198608512,54.604305267334325],[19.86090087890659,54.60430908203131],[19.86083412170416,54.604026794433594],[19.85972213745157,54.604026794433594],[19.85972213745157,54.6037483215332],[19.85935592651373,54.6037483215332],[19.859186172485465,54.60368728637707],[19.859167098999023,54.60347366333053],[19.858703613281307,54.60348129272472],[19.858608245849666,54.60348129272472],[19.858610153198242,54.6031951904298],[19.857788085937784,54.6031951904298],[19.85750007629389,54.6031951904298],[19.85750007629389,54.60309600830078],[19.85750007629389,54.60291671752941],[19.856565475463924,54.60291671752941],[19.85639190673851,54.60289001464844],[19.85638809204096,54.60263824462902],[19.855285644531307,54.60272216796875],[19.85527992248575,54.60235977172863],[19.854722976684798,54.60229492187517],[19.854722976684798,54.60208511352562],[19.854309082031307,54.60211181640659],[19.854166030883846,54.60208511352562],[19.854166030883846,54.601509094238395],[19.85369873046875,54.60152816772484],[19.853609085083065,54.60152816772484],[19.853609085083065,54.601249694824446],[19.85308837890642,54.601318359375114],[19.853059768677213,54.600524902343864],[19.853057861328068,54.60041809082031],[19.852478027343693,54.60041809082031],[19.852478027343693,54.59991455078148],[19.85192871093784,54.59991455078148],[19.851943969726733,54.59930419921898],[19.851684570312784,54.59930419921898],[19.851388931274357,54.59930419921898],[19.851388931274357,54.598876953125],[19.851388931274357,54.59875106811518],[19.85083389282238,54.59875106811518],[19.850891113281307,54.597106933593864],[19.850276947021598,54.59708404541061],[19.850276947021598,54.596923828125114],[19.850276947021598,54.59652709960949],[19.84972190856979,54.59652709960949],[19.84972190856979,54.595417022705305],[19.8494873046875,54.595417022705305],[19.849166870117244,54.595417022705305],[19.849166870117244,54.59458160400396],[19.849508285522518,54.59458160400396],[19.84972190856979,54.59458160400396],[19.84967041015625,54.59350585937494],[19.84930419921875,54.59348297119152],[19.849197387695767,54.59347534179699],[19.849166870117244,54.59319305419922],[19.84869384765659,54.59319305419922],[19.848611831665437,54.59319305419922],[19.848611831665437,54.59268951416044],[19.848054885864315,54.59263992309582],[19.848054885864315,54.592529296875114],[19.848054885864315,54.592361450195256],[19.84765434265148,54.592361450195256],[19.84752273559593,54.59230804443388],[19.84749984741211,54.592082977294865],[19.847175598144702,54.592082977294865],[19.84694480895996,54.592082977294865],[19.84694480895996,54.59193420410202],[19.84694480895996,54.59152603149448],[19.845968246460302,54.59152603149448],[19.845834732055778,54.59152603149448],[19.845834732055778,54.59125137329107],[19.84527587890625,54.59130859375023],[19.845277786254826,54.59097290039091],[19.844844818115632,54.59097290039091],[19.84472274780302,54.59097290039091],[19.84472274780302,54.59088134765625],[19.84472274780302,54.59069442749069],[19.84429931640659,54.5906982421875],[19.844165802002067,54.59069442749069],[19.844165802002067,54.59060668945324],[19.844165802002067,54.59041595458996],[19.84389305114746,54.59041595458996],[19.843612670898665,54.59041595458996],[19.843612670898665,54.59024810791027],[19.843612670898665,54.59013748168957],[19.843242645263615,54.59013748168957],[19.843055725097713,54.59013748168957],[19.843055725097713,54.589862823486555],[19.842529296875284,54.58990478515659],[19.84250259399431,54.589584350586165],[19.842071533203523,54.589584350586165],[19.841943740844954,54.589584350586165],[19.841943740844954,54.589496612549055],[19.841943740844954,54.589305877685774],[19.841516494750977,54.589305877685774],[19.841424942017056,54.58924865722662],[19.841390609741552,54.589027404785384],[19.84101676940952,54.589027404785384],[19.8408336639406,54.589027404785384],[19.8408336639406,54.58892822265619],[19.8408336639406,54.58874893188499],[19.83972167968784,54.588684082031534],[19.83972167968784,54.5884704589846],[19.839294433593864,54.5884704589846],[19.83920478820835,54.588413238525504],[19.839166641235465,54.58819580078125],[19.838871002197607,54.58819580078125],[19.838611602783658,54.58819580078125],[19.838611602783658,54.588050842285384],[19.838611602783658,54.58791732788086],[19.838073730469148,54.58789062500023],[19.838054656982536,54.58763885498047],[19.837402343750114,54.58763885498047],[19.836944580078182,54.58763885498047],[19.836944580078182,54.58746337890625],[19.836944580078182,54.58736038208008],[19.83668708801281,54.58736038208008],[19.836389541625977,54.58736038208008],[19.836389541625977,54.587249755859375],[19.836389541625977,54.58708190917969],[19.835876464843864,54.58709716796898],[19.835832595825593,54.586807250976676],[19.834743499756087,54.58673858642601],[19.83472251892124,54.586528778076286],[19.834365844726506,54.586528778076286],[19.834289550781307,54.586528778076286],[19.834182739257756,54.5864906311038],[19.834167480468693,54.586250305175895],[19.833679199219148,54.5863037109375],[19.833679199219148,54.58569335937494],[19.833129882812557,54.58569335937494],[19.833055496215934,54.58569335937494],[19.833055496215934,54.58541488647478],[19.832492828369197,54.5854187011721],[19.832500457764127,54.58458328247099],[19.83225250244152,54.58458328247099],[19.831943511963175,54.58458328247099],[19.831943511963175,54.5837516784668],[19.8313884735108,54.5837516784668],[19.8313884735108,54.583652496338004],[19.8313884735108,54.583473205566634],[19.830871582031307,54.58349609375023],[19.830871582031307,54.58235931396507],[19.8313884735108,54.58235931396507],[19.8313884735108,54.58208465576206],[19.830871582031307,54.58209228515625],[19.83083343505882,54.58180618286133],[19.830314636230923,54.581748962402344],[19.830278396606445,54.58152770996094],[19.82981491088873,54.58152770996094],[19.829719543457088,54.58152770996094],[19.829719543457088,54.57986068725597],[19.829528808593807,54.57989501953131],[19.829166412353516,54.57986068725597],[19.829166412353516,54.57875061035162],[19.828609466552734,54.57875061035162],[19.82867431640642,54.57867431640625],[19.828609466552734,54.57847213745123],[19.828125,54.5784912109375],[19.828125,54.577915191650845],[19.827497482299805,54.577915191650845],[19.827497482299805,54.57769775390659],[19.827497482299805,54.577362060546875],[19.827175140381144,54.577362060546875],[19.826944351196403,54.577362060546875],[19.826944351196403,54.57722854614258],[19.826944351196403,54.57708358764671],[19.826477050781307,54.57708358764671],[19.82638740539562,54.57708358764671],[19.82638740539562,54.57608032226568],[19.82638740539562,54.57597351074236],[19.826066970825195,54.57597351074236],[19.825927734375455,54.57597351074236],[19.82584953308111,54.575939178467024],[19.825832366943814,54.57569503784214],[19.825277328491268,54.57569503784214],[19.825313568115178,54.575141906738565],[19.82472229003946,54.575138092041016],[19.82472229003946,54.57489776611351],[19.82472229003946,54.574584960937614],[19.82435226440424,54.574584960937614],[19.82427978515659,54.574584960937614],[19.824193954467887,54.57453536987299],[19.824165344238338,54.57430648803722],[19.82377815246582,54.57430648803722],[19.823610305786133,54.57430648803722],[19.823610305786133,54.57373428344738],[19.823055267333984,54.57374954223644],[19.823055267333984,54.57347106933605],[19.822509765625114,54.57348632812494],[19.82250022888178,54.57319259643549],[19.822166442871037,54.57319259643549],[19.8219451904298,54.57319259643549],[19.8219451904298,54.5730247497562],[19.8219451904298,54.57291793823265],[19.82179450988781,54.57291793823265],[19.82138824462885,54.57291793823265],[19.82138824462885,54.57266616821289],[19.82138824462885,54.5723609924317],[19.820421218872127,54.5723609924317],[19.820278167724666,54.5723609924317],[19.820278167724666,54.57208251953131],[19.819700241088867,54.57208251953131],[19.819721221924283,54.571804046631144],[19.819274902343864,54.571804046631144],[19.819166183471737,54.571804046631144],[19.819166183471737,54.57110595703148],[19.819166183471737,54.57097244262695],[19.818725585937443,54.57097244262695],[19.81861114501993,54.57097244262695],[19.81861114501993,54.57012939453148],[19.818056106567383,54.57013702392601],[19.818056106567383,54.5698623657226],[19.817504882812557,54.56988525390625],[19.8174991607666,54.569583892822436],[19.817153930664517,54.569583892822436],[19.816944122314624,54.569583892822436],[19.816944122314624,54.569305419922216],[19.817470550537223,54.569305419922216],[19.8174991607666,54.568748474121094],[19.817325592041186,54.568748474121094],[19.816944122314624,54.568748474121094],[19.816944122314624,54.568298339843864],[19.816944122314624,54.56819534301769],[19.816528320312727,54.56819534301769],[19.816389083862248,54.56819534301769],[19.816389083862248,54.56768798828131],[19.81591796875,54.56768798828131],[19.81583404541027,54.56763839721691],[19.81583404541027,54.5662841796875],[19.81530761718784,54.5662841796875],[19.81530761718784,54.56567382812517],[19.814720153808537,54.565692901611385],[19.814720153808537,54.56430435180687],[19.81416893005371,54.56430435180687],[19.81416893005371,54.56402969360363],[19.813720703125455,54.56402587890648],[19.813611984253328,54.56402587890648],[19.813611984253328,54.56375122070307],[19.813110351562557,54.563720703125114],[19.813055038452205,54.56347274780268],[19.812498092651424,54.56347656250023],[19.812498092651424,54.563194274902514],[19.81174659729021,54.563194274902514],[19.811386108398494,54.563194274902514],[19.811386108398494,54.56306838989269],[19.811386108398494,54.562915802002294],[19.810913085937443,54.56292724609381],[19.810832977295263,54.562915802002294],[19.810832977295263,54.5620841979985],[19.810913085937443,54.5620841979985],[19.811386108398494,54.5620841979985],[19.811386108398494,54.560119628906364],[19.810913085937443,54.560134887695256],[19.81084632873575,54.56010818481468],[19.810832977295263,54.559860229492415],[19.810302734375114,54.55987548828131],[19.810277938842717,54.559581756591854],[19.809164047241552,54.559581756591854],[19.809164047241552,54.55930709838867],[19.808715820312557,54.55930709838867],[19.80861091613815,54.55930709838867],[19.80861091613815,54.55902862548828],[19.80810546875,54.55908203125023],[19.80810546875,54.55712890625],[19.807493209838867,54.55712890625],[19.80751609802269,54.55646896362305],[19.80694580078125,54.55652618408237],[19.80694580078125,54.556293487549055],[19.80694580078125,54.55548095703131],[19.80591011047369,54.55543518066429],[19.805824279785156,54.55543136596691],[19.80583381652849,54.55513763427746],[19.80527687072754,54.55513763427746],[19.80527687072754,54.554862976074446],[19.804685592651424,54.55487060546898],[19.804723739624137,54.554584503174055],[19.803924560547273,54.554584503174055],[19.80361175537155,54.554584503174055],[19.80361175537155,54.554473876953125],[19.80361175537155,54.554306030273665],[19.80310058593784,54.55432128906273],[19.803054809570426,54.554027557373274],[19.80188179016153,54.5540771484375],[19.801944732666072,54.553749084472884],[19.800903320312557,54.5537109375],[19.800832748413484,54.55347061157249],[19.798095703125114,54.55352783203148],[19.798055648803825,54.55319595336914],[19.79638862609869,54.55319595336914],[19.79583358764671,54.55319595336914],[19.79583358764671,54.5531005859375],[19.79583358764671,54.55291748046875],[19.795286178588867,54.55291748046875],[19.795278549194336,54.55263900756836],[19.79467964172369,54.552673339843864],[19.794721603393953,54.55236053466797],[19.794311523437443,54.55236053466797],[19.794166564941406,54.55236053466797],[19.794166564941406,54.551517486572266],[19.793701171875284,54.551528930664176],[19.7936115264896,54.551528930664176],[19.7936115264896,54.551250457763786],[19.791389465332088,54.551250457763786],[19.791389465332088,54.550971984863224],[19.790990829467887,54.550971984863224],[19.790832519531705,54.550971984863224],[19.790832519531705,54.550693511962834],[19.790521621704215,54.550693511962834],[19.79027748107916,54.550693511962834],[19.79027748107916,54.55047607421898],[19.79027748107916,54.55014038085943],[19.78972244262735,54.55014038085943],[19.78972244262735,54.54986190795904],[19.789489746094205,54.54986190795904],[19.789167404174805,54.54986190795904],[19.789167404174805,54.54907226562494],[19.788696289062557,54.54907226562494],[19.788608551025447,54.549026489257926],[19.788608551025447,54.54852294921875],[19.7880859375,54.54852294921875],[19.7880859375,54.547912597656364],[19.787498474121094,54.54791641235374],[19.787498474121094,54.54763793945335],[19.786945343017692,54.54763793945335],[19.786943435669286,54.54735946655296],[19.786499023437443,54.54735946655296],[19.786390304565884,54.54735946655296],[19.786390304565884,54.54708480834995],[19.785888671875114,54.547119140625114],[19.785888671875114,54.54650878906273],[19.78527641296398,54.54652786254883],[19.78527641296398,54.54624938964844],[19.78472709655756,54.54632568359381],[19.784721374512173,54.54597091674805],[19.784374237060945,54.54597091674805],[19.784166336059627,54.54597091674805],[19.784166336059627,54.545879364013786],[19.784166336059627,54.545696258545036],[19.783079147338867,54.54571533203148],[19.783054351806868,54.545417785644645],[19.78247261047369,54.54547119140625],[19.782499313354492,54.545139312744254],[19.781944274902514,54.545139312744254],[19.781944274902514,54.5445823669433],[19.781644821167106,54.5445823669433],[19.78138923645014,54.5445823669433],[19.78138923645014,54.54412841796909],[19.78138923645014,54.54402923584007],[19.78027725219738,54.54402923584007],[19.78027725219738,54.54375076293951],[19.779722213745572,54.543701171875114],[19.779722213745572,54.54347229003912],[19.779296875,54.543518066406364],[19.779167175293026,54.54347229003912],[19.779167175293026,54.542907714844034],[19.77868652343784,54.542915344238736],[19.778610229492244,54.542915344238736],[19.778610229492244,54.542640686035156],[19.777526855468693,54.542724609375455],[19.77750015258789,54.542362213134766],[19.776945114135742,54.542362213134766],[19.776945114135742,54.5420837402346],[19.77587890625,54.54211425781273],[19.775833129883154,54.54180526733421],[19.775445938110465,54.54180526733421],[19.775278091430607,54.54180526733421],[19.775278091430607,54.54168701171875],[19.775278091430607,54.54152679443382],[19.774414062500057,54.54152679443382],[19.774291992187443,54.54152679443382],[19.774179458618164,54.54148864746094],[19.774166107177848,54.54124832153343],[19.77367973327671,54.54125976562517],[19.77359962463396,54.54126358032249],[19.773609161376896,54.54097366333025],[19.77318572998047,54.54097366333025],[19.773092269897404,54.540916442871094],[19.77305793762207,54.54069519043003],[19.77252006530756,54.54071044921875],[19.77252006530756,54.53991699218744],[19.77209854125971,54.53987503051758],[19.771955490112248,54.53982925415056],[19.771944046020735,54.539585113525504],[19.771484375,54.539585113525504],[19.771387100219783,54.539585113525504],[19.771387100219783,54.53236007690441],[19.771484375,54.53236007690441],[19.771944046020735,54.53236007690441],[19.771944046020735,54.53228759765619],[19.771944046020735,54.53208160400402],[19.772497177124137,54.53208160400402],[19.772497177124137,54.53180694580101],[19.772899627685547,54.53180694580101],[19.77305793762207,54.53180694580101],[19.77305793762207,54.53152847290062],[19.77269554138195,54.53152847290062],[19.772497177124137,54.53152847290062],[19.77252006530756,54.52850341796875],[19.770275115967024,54.52847290039057],[19.770275115967024,54.5283203125],[19.770275115967024,54.528194427490405],[19.769987106323697,54.528194427490405],[19.769721984863622,54.528194427490405],[19.769721984863622,54.52807998657249],[19.769721984863622,54.527915954590185],[19.768676757812557,54.52789306640619],[19.76861190795944,54.52763748168945],[19.76829338073742,54.52763748168945],[19.76805305480991,54.52763748168945],[19.76805305480991,54.52751159667963],[19.76805305480991,54.52736282348661],[19.767427444458292,54.52736282348661],[19.766944885253963,54.52736282348661],[19.766944885253963,54.527240753174],[19.766944885253963,54.52708435058639],[19.76647949218784,54.527099609375114],[19.766387939453182,54.52708435058639],[19.766387939453182,54.52652740478527],[19.76593017578125,54.52652740478527],[19.765844345092717,54.52649688720709],[19.76583480834961,54.52624893188488],[19.765319824218693,54.52630615234381],[19.765277862548828,54.52597045898449],[19.76476287841831,54.52591323852573],[19.76472282409702,54.52569580078148],[19.764282226562557,54.52569580078148],[19.7641658782959,54.52569580078148],[19.7641658782959,54.52541732788109],[19.763744354248047,54.52541732788109],[19.763612747192667,54.52541732788109],[19.763612747192667,54.52532958984398],[19.763612747192667,54.525138854980696],[19.76251220703125,54.52508544921875],[19.762502670288313,54.524860382080305],[19.762084960937443,54.524860382080305],[19.761943817138956,54.524860382080305],[19.761943817138956,54.524581909179744],[19.761207580566804,54.524581909179744],[19.760833740234602,54.524581909179744],[19.760833740234602,54.52444839477562],[19.760833740234602,54.52430725097656],[19.760314941406705,54.52429199218784],[19.76027679443365,54.52402877807617],[19.759876251220646,54.52402877807617],[19.759721755981843,54.52402877807617],[19.759721755981843,54.52393722534225],[19.759721755981843,54.52375030517578],[19.759397506713867,54.52375030517578],[19.75927734375,54.52375030517578],[19.759168624877873,54.52375030517578],[19.759168624877873,54.522705078125114],[19.758728027344148,54.522705078125114],[19.75861167907749,54.5226402282716],[19.758609771728516,54.52148818969738],[19.757499694824162,54.52152633667026],[19.757499694824162,54.521251678466854],[19.757080078125284,54.52130126953148],[19.756944656372184,54.521251678466854],[19.756940841674805,54.520095825195654],[19.756530761718864,54.52013778686535],[19.75638961791998,54.52013778686535],[19.75638961791998,54.518749237060774],[19.755832672119595,54.518749237060774],[19.755832672119595,54.51788330078148],[19.75527763366705,54.51791763305664],[19.75527763366705,54.51763916015625],[19.754877090454045,54.51763916015625],[19.75472259521524,54.51763916015625],[19.75472259521524,54.51753234863287],[19.75472259521524,54.51736068725586],[19.754167556762695,54.51736068725586],[19.754167556762695,54.51680374145508],[19.753862380981502,54.51680374145508],[19.753610610961914,54.51680374145508],[19.753610610961914,54.5164794921875],[19.753055572509766,54.51652908325207],[19.753055572509766,54.516250610351676],[19.752502441406534,54.51629638671875],[19.75250053405756,54.515693664550724],[19.75232124328619,54.515693664550724],[19.751943588257177,54.515693664550724],[19.75193786621105,54.515090942382926],[19.751525878906307,54.51514053344732],[19.75138854980463,54.51514053344732],[19.75138854980463,54.51287841796875],[19.750917434692383,54.5129089355471],[19.75083541870123,54.51289749145519],[19.750833511352823,54.51263809204124],[19.749160766601562,54.51270294189453],[19.749166488647518,54.51235961914085],[19.74875068664562,54.51235961914085],[19.748632431030728,54.512310028076286],[19.74861145019571,54.51208496093784],[19.748107910156705,54.51208496093784],[19.748056411743164,54.51180648803711],[19.747497558593807,54.51180648803711],[19.747497558593807,54.511291503906364],[19.74688720703125,54.511291503906364],[19.746944427490405,54.51097106933594],[19.746566772460994,54.51097106933594],[19.746417999267976,54.51090621948265],[19.746387481689453,54.51069259643555],[19.745937347412223,54.51069259643555],[19.74585914611862,54.51064682006853],[19.745832443237646,54.510417938232536],[19.745473861694336,54.510417938232536],[19.74527740478527,54.510417938232536],[19.74527740478527,54.510314941406364],[19.74527740478527,54.510139465332145],[19.745111465454386,54.510139465332145],[19.744722366333463,54.510139465332145],[19.744722366333463,54.50981903076172],[19.744722366333463,54.50958251953119],[19.74416542053234,54.50958251953119],[19.74416542053234,54.5093040466308],[19.743753433227596,54.5093040466308],[19.743610382080135,54.5093040466308],[19.743610382080135,54.50921630859392],[19.743610382080135,54.50902938842796],[19.743270874023835,54.50902938842796],[19.743055343627987,54.50902938842796],[19.743055343627987,54.50891113281273],[19.743055343627987,54.5087509155274],[19.742843627929858,54.5087509155274],[19.74250030517578,54.5087509155274],[19.74250030517578,54.50849151611328],[19.74250030517578,54.50819396972685],[19.741945266723633,54.50819396972685],[19.741945266723633,54.50811767578125],[19.741945266723633,54.50791549682663],[19.741590499878043,54.50791549682663],[19.74151611328125,54.50791549682663],[19.741403579711914,54.50787353515619],[19.74138832092285,54.507637023925895],[19.74083518981945,54.507621765137],[19.740833282471044,54.507362365722656],[19.740295410156534,54.507362365722656],[19.740295410156534,54.506896972656364],[19.740278244018498,54.5068054199221],[19.739990234375,54.5068054199221],[19.739721298217717,54.5068054199221],[19.739721298217717,54.506725311279524],[19.739721298217717,54.50652694702171],[19.73954010009777,54.50652694702171],[19.73916625976574,54.50652694702171],[19.73916625976574,54.506195068359375],[19.73916625976574,54.50597381591814],[19.738798141479492,54.50597381591814],[19.738708496093977,54.50597381591814],[19.73861122131393,54.50597381591814],[19.73861122131393,54.50569534301792],[19.738075256347827,54.505661010742415],[19.738056182861385,54.50541687011719],[19.737665176392056,54.50541687011719],[19.737499237060604,54.50541687011719],[19.737499237060604,54.50531768798834],[19.737499237060604,54.5051383972168],[19.736877441406364,54.50512695312506],[19.736944198608626,54.504859924316406],[19.736511230468693,54.504859924316406],[19.73638916015625,54.504859924316406],[19.73638916015625,54.50292968750034],[19.735900878906705,54.50292968750034],[19.735834121704272,54.50263977050804],[19.735290527343807,54.502685546875114],[19.735290527343807,54.501525878906705],[19.734722137451513,54.501525878906705],[19.734722137451513,54.50129699707054],[19.734722137451513,54.500972747802734],[19.734313964844148,54.500972747802734],[19.734167098999137,54.500972747802734],[19.734167098999137,54.49969482421875],[19.734167098999137,54.49958419799822],[19.73370361328125,54.49958419799822],[19.73361206054733,54.49958419799822],[19.73360824584961,54.4960670471192],[19.73360824584961,54.49597167968756],[19.733093261718693,54.49591064453125],[19.733055114746207,54.495693206787166],[19.732482910156364,54.4957275390625],[19.732498168945426,54.495418548583984],[19.732040405273494,54.495418548583984],[19.731977462768953,54.49537277221674],[19.73194694519043,54.495140075683594],[19.730897903442383,54.4951171875],[19.730833053589265,54.4948616027832],[19.72967529296909,54.494873046875114],[19.72972297668491,54.49458312988281],[19.72751235961914,54.494514465331974],[19.727499008178654,54.49430465698265],[19.72589111328125,54.49432373046869],[19.725833892822493,54.49402618408226],[19.72528076171909,54.494079589844034],[19.72527694702154,54.49375152587885],[19.72472381591814,54.49375152587885],[19.72472381591814,54.49347305297846],[19.723693847656705,54.49347305297846],[19.72361183166538,54.49347305297846],[19.72361183166538,54.493194580078296],[19.72321319580078,54.493194580078296],[19.72305488586443,54.493194580078296],[19.72305488586443,54.49310302734398],[19.72305488586443,54.492916107178075],[19.721923828125227,54.49291992187506],[19.721944808960075,54.492637634277344],[19.72149658203125,54.492637634277344],[19.721391677856843,54.492637634277344],[19.721391677856843,54.4923629760745],[19.720886230468693,54.49230957031273],[19.720832824707486,54.49208450317428],[19.720275878906364,54.49212646484398],[19.720279693603516,54.49180603027355],[19.71986389160162,54.49180603027355],[19.719722747803132,54.49180603027355],[19.719722747803132,54.49169921875],[19.719722747803132,54.49152755737316],[19.71932601928711,54.49152755737316],[19.71916580200201,54.49152755737316],[19.71916580200201,54.49072265625034],[19.718690872192383,54.49069976806635],[19.718610763549805,54.49069595336937],[19.718610763549805,54.49041748046898],[19.71822547912609,54.49041748046898],[19.718055725097656,54.49041748046898],[19.718055725097656,54.490295410156364],[19.718055725097656,54.49013900756859],[19.717529296875398,54.490112304687614],[19.71750068664545,54.489860534668196],[19.716943740845068,54.489860534668196],[19.716943740845068,54.489582061767635],[19.716491699218693,54.489582061767635],[19.71638870239252,54.489582061767635],[19.71638870239252,54.48907470703148],[19.715270996093807,54.48907470703148],[19.715278625488338,54.48875045776367],[19.714721679687955,54.48875045776367],[19.714721679687955,54.48847198486328],[19.714294433593977,54.48852539062523],[19.71416664123541,54.48847198486328],[19.71416664123541,54.48791503906273],[19.71368408203125,54.48791503906273],[19.7136116027836,54.48791503906273],[19.7136116027836,54.48764038085949],[19.71307373046909,54.48767089843784],[19.71305465698265,54.48736190795893],[19.7126083374024,54.48736190795893],[19.712499618530273,54.48736190795893],[19.712499618530273,54.48708343505854],[19.712097167968693,54.48708343505854],[19.711944580078296,54.48708343505854],[19.711944580078296,54.486804962158374],[19.711486816406705,54.486804962158374],[19.71138954162592,54.486804962158374],[19.71138954162592,54.48632812500017],[19.71138954162592,54.486251831054744],[19.710876464843807,54.48632812500017],[19.710832595825536,54.48597335815458],[19.71027755737316,54.48597335815458],[19.71027755737316,54.48547363281273],[19.709716796875227,54.48547363281273],[19.709716796875227,54.48431396484398],[19.70928955078125,54.484306335449446],[19.709167480468807,54.484306335449446],[19.709167480468807,54.484027862549055],[19.70860862731945,54.484027862549055],[19.70860862731945,54.4835205078125],[19.70807456970249,54.48344039917015],[19.708055496215877,54.48319625854492],[19.707670211791935,54.48319625854492],[19.707500457763672,54.48319625854492],[19.707500457763672,54.48309326171909],[19.707500457763672,54.48291778564453],[19.707109451294002,54.48291778564453],[19.706956863403775,54.48287200927746],[19.70694351196329,54.48263931274414],[19.706378936767805,54.4826545715332],[19.706390380859318,54.48236083984375],[19.70587158203125,54.482299804687614],[19.705833435058935,54.48208236694336],[19.705322265625398,54.48211669921869],[19.705276489257812,54.48180389404297],[19.7047119140625,54.481872558594034],[19.7047119140625,54.48071289062506],[19.704284667968693,54.480697631836165],[19.70416641235363,54.480693817138615],[19.70416641235363,54.48041534423845],[19.703611373901822,54.48041534423845],[19.703611373901822,54.47991943359398],[19.703073501587312,54.47983551025385],[19.703056335449276,54.47958374023466],[19.70265197753946,54.47958374023466],[19.702499389648494,54.47958374023466],[19.702499389648494,54.4794921875],[19.702499389648494,54.47930526733444],[19.702087402343977,54.47930908203125],[19.701944351196516,54.47930526733444],[19.701944351196516,54.478271484375114],[19.701944351196516,54.478195190429915],[19.70147705078125,54.478195190429915],[19.70138931274414,54.478195190429915],[19.70138931274414,54.4772644042971],[19.70138931274414,54.47708511352573],[19.700929641723803,54.47708511352573],[19.700834274292163,54.47708511352573],[19.700832366943757,54.476806640625],[19.700103759765966,54.476806640625],[19.699722290039404,54.476806640625],[19.699722290039404,54.4766349792485],[19.699722290039404,54.47652816772461],[19.699367523193814,54.47652816772461],[19.699279785156705,54.47652816772461],[19.699169158935604,54.47651672363287],[19.699167251587028,54.47624969482422],[19.697509765625227,54.47631835937523],[19.697500228881893,54.47597122192383],[19.697164535522575,54.47597122192383],[19.696945190429744,54.47597122192383],[19.696945190429744,54.475849151611385],[19.696945190429744,54.47569274902344],[19.696472167968693,54.47569274902344],[19.69639015197754,54.475681304932095],[19.696388244628963,54.475418090820426],[19.69527816772461,54.475418090820426],[19.69527816772461,54.475139617920036],[19.694723129272802,54.475139617920036],[19.694719314575252,54.474861145019645],[19.69452095031744,54.47491455078125],[19.69416618347168,54.474861145019645],[19.69416618347168,54.47430419921869],[19.690275192261026,54.47430419921869],[19.690275192261026,54.47402954101585],[19.689165115356673,54.47402954101585],[19.689165115356673,54.47375106811529],[19.686338424682788,54.47375106811529],[19.685913085937557,54.47375106811529],[19.685836791992188,54.47373199462885],[19.68583488464361,54.4734725952149],[19.68487548828125,54.473510742187614],[19.684722900391023,54.47347640991211],[19.684722900391023,54.47319412231474],[19.6841659545899,54.47319412231474],[19.6841659545899,54.472637176513786],[19.683607101440543,54.47264099121094],[19.68361282348667,54.47236251831055],[19.683088302612646,54.472309112549],[19.683055877685547,54.472084045410384],[19.681884765625057,54.47210693359398],[19.68194389343296,54.47180557250999],[19.68152046203653,54.47180557250999],[19.681390762329556,54.47180557250999],[19.681390762329556,54.4713134765625],[19.680908203125398,54.4713134765625],[19.680833816528605,54.47124862670921],[19.680833816528605,54.47052001953125],[19.680833816528605,54.47041702270508],[19.679721832275845,54.47041702270508],[19.679721832275845,54.47013854980469],[19.678100585937955,54.470092773437614],[19.67805480957054,54.4698600769043],[19.6759033203125,54.46990966796869],[19.675832748413427,54.469581604003906],[19.674966812133732,54.469581604003906],[19.674722671509244,54.469581604003906],[19.674722671509244,54.469497680664176],[19.674722671509244,54.469306945800895],[19.673742294311864,54.469306945800895],[19.673610687255916,54.469306945800895],[19.673610687255916,54.469219207763786],[19.673610687255916,54.469028472900504],[19.67330551147495,54.469028472900504],[19.673055648803768,54.469028472900504],[19.673055648803768,54.46887207031273],[19.673055648803768,54.468750000000114],[19.67267608642578,54.468750000000114],[19.672500610351562,54.468750000000114],[19.672500610351562,54.46847152709972],[19.671873092651367,54.46850585937506],[19.67194366455118,54.46819305419916],[19.671510696411246,54.46819305419916],[19.671388626098633,54.46819305419916],[19.671388626098633,54.46736145019537],[19.670833587646825,54.46736145019537],[19.670833587646825,54.46728515625],[19.670833587646825,54.46667480468744],[19.670833587646825,54.466526031494595],[19.670391082763956,54.466526031494595],[19.67027854919428,54.466526031494595],[19.67027854919428,54.466251373291016],[19.669677734375057,54.46630859375034],[19.669721603393498,54.465972900390625],[19.66938972473173,54.465972900390625],[19.66916656494152,54.465972900390625],[19.66916656494152,54.46583938598633],[19.66916656494152,54.46569442749046],[19.668701171875398,54.46569442749046],[19.668611526489713,54.46569442749046],[19.668611526489713,54.46541595459007],[19.667224884033203,54.46541595459007],[19.666387557983455,54.46541595459007],[19.666387557983455,54.46520233154297],[19.665832519531648,54.46513748168968],[19.665832519531648,54.464904785156705],[19.665832519531648,54.46458435058611],[19.665418624878157,54.46458435058611],[19.665279388427678,54.46458435058611],[19.665279388427678,54.46447753906273],[19.665279388427678,54.46430587768589],[19.6646728515625,54.46429443359398],[19.6646728515625,54.463748931884766],[19.664308547973803,54.463748931884766],[19.66418647766119,54.46369934082054],[19.664165496826342,54.463470458984375],[19.6636962890625,54.463470458984375],[19.663610458373967,54.463470458984375],[19.663610458373967,54.46209716796869],[19.663085937499943,54.46209716796869],[19.66305541992199,54.46180725097679],[19.662475585937784,54.46180725097679],[19.662475585937784,54.461303710937614],[19.661502838134766,54.4612655639649],[19.6613826751709,54.46126174926758],[19.661388397216854,54.46097183227545],[19.660554885864485,54.46097183227545],[19.6602783203125,54.46097183227545],[19.6602783203125,54.46087646484381],[19.6602783203125,54.46069335937506],[19.659303665161246,54.46069335937506],[19.659200668335075,54.46063232421875],[19.65916633605957,54.460414886474894],[19.658838272094954,54.460414886474894],[19.658611297607365,54.460414886474894],[19.658611297607365,54.4602966308596],[19.658611297607365,54.460140228271484],[19.65822219848627,54.460140228271484],[19.658056259155387,54.460140228271484],[19.658056259155387,54.459861755371094],[19.657470703125057,54.45989990234398],[19.657499313354435,54.4595832824707],[19.65687942504877,54.459609985351506],[19.656944274902628,54.45902633667015],[19.656642913818814,54.45902633667015],[19.656389236450252,54.45902633667015],[19.656389236450252,54.45875167846674],[19.655834197998274,54.45875167846674],[19.655834197998274,54.45867919921909],[19.655834197998274,54.457916259765966],[19.655277252197322,54.457916259765966],[19.655277252197322,54.457637786865234],[19.65488815307623,54.457637786865234],[19.654722213745515,54.457637786865234],[19.654722213745515,54.45751953124994],[19.654722213745515,54.457359313964844],[19.654443740845124,54.457359313964844],[19.65416717529297,54.457359313964844],[19.65416717529297,54.45723724365257],[19.65416717529297,54.45708465576217],[19.653686523437955,54.457092285156364],[19.65360832214361,54.457092285156364],[19.652893066406307,54.457092285156364],[19.644470214844148,54.45892333984398],[19.64251708984392,54.45989990234398],[19.64250183105503,54.460414886474894],[19.64305496215843,54.460414886474894],[19.64305496215843,54.460510253906534],[19.64305496215843,54.46125030517601],[19.64312744140625,54.461303710937614],[19.6436767578125,54.461303710937614],[19.643611907959382,54.46097183227545],[19.64416694641119,54.46097183227545],[19.64416694641119,54.461303710937614],[19.644285202026424,54.4612922668457],[19.64472389221214,54.46125030517601],[19.64472389221214,54.4615287780764],[19.645277023315543,54.4615287780764],[19.645311355590877,54.46175003051786],[19.64583206176752,54.46180725097679],[19.645874023437955,54.46209716796869],[19.646389007568303,54.46209716796869],[19.646389007568303,54.46263885498058],[19.646484374999943,54.46270751953125],[19.646945953369254,54.46263885498058],[19.64696311950729,54.46285629272484],[19.647155761718977,54.46291732788097],[19.647499084472656,54.46291732788097],[19.647500991821232,54.46307373046875],[19.647500991821232,54.463195800781364],[19.647678375244595,54.463195800781364],[19.648054122925203,54.463195800781364],[19.6480712890625,54.46350097656273],[19.648611068725586,54.46350097656273],[19.648611068725586,54.464027404785156],[19.649723052978914,54.464027404785156],[19.649723052978914,54.46430587768589],[19.650276184082145,54.46430587768589],[19.650276184082145,54.46447753906273],[19.650276184082145,54.46458435058611],[19.650466918945426,54.46458435058611],[19.650833129883267,54.46458435058611],[19.650878906249943,54.464904785156705],[19.6513862609865,54.46486282348627],[19.6513862609865,54.46513748168968],[19.6514892578125,54.46513748168968],[19.65160560607916,54.46513748168968],[19.651945114135856,54.46513748168968],[19.651945114135856,54.46528244018555],[19.651945114135856,54.46541595459007],[19.652278900146598,54.46541595459007],[19.652498245239258,54.46541595459007],[19.652526855468807,54.465515136718864],[19.652526855468807,54.465972900390625],[19.65305519104021,54.465972900390625],[19.653076171875057,54.46612548828125],[19.653076171875057,54.466526031494595],[19.65416717529297,54.466526031494595],[19.65416717529297,54.466804504394815],[19.654722213745515,54.466804504394815],[19.65472412109392,54.46710205078125],[19.655277252197322,54.46708297729498],[19.655277252197322,54.46728515625],[19.655277252197322,54.46736145019537],[19.65587615966797,54.46736526489258],[19.655834197998274,54.46791839599632],[19.656389236450252,54.46789550781273],[19.656389236450252,54.468750000000114],[19.656494140625398,54.468750000000114],[19.65663719177286,54.468750000000114],[19.656944274902628,54.468750000000114],[19.656944274902628,54.46887969970726],[19.656944274902628,54.469028472900504],[19.6573543548584,54.469028472900504],[19.658056259155387,54.469028472900504],[19.65806388854992,54.46928405761747],[19.65916633605957,54.469306945800895],[19.65916633605957,54.46946334838867],[19.65916633605957,54.469581604003906],[19.65952873229986,54.469581604003906],[19.6602783203125,54.469581604003906],[19.6602783203125,54.46990966796869],[19.660833358765046,54.4698600769043],[19.660833358765046,54.47013854980469],[19.660953521728516,54.47013854980469],[19.661388397216854,54.47013854980469],[19.661388397216854,54.47044372558605],[19.661388397216854,54.47069549560581],[19.661926269531364,54.470703125],[19.661926269531364,54.47180557250999],[19.662500381469783,54.47180557250999],[19.662475585937784,54.47210693359398],[19.66305541992199,54.472084045410384],[19.663085937499943,54.47230529785179],[19.663188934326115,54.47236251831055],[19.663610458373967,54.47236251831055],[19.66360092163086,54.47265243530285],[19.663694381714265,54.47264862060547],[19.664165496826342,54.472637176513786],[19.664165496826342,54.472717285156534],[19.664165496826342,54.47319412231474],[19.664308547973803,54.47319412231474],[19.664722442627294,54.47319412231474],[19.6646728515625,54.473510742187614],[19.665279388427678,54.4734725952149],[19.665283203125057,54.473693847656364],[19.665832519531648,54.47375106811529],[19.665809631347656,54.474063873291016],[19.665889739990234,54.474060058594205],[19.666387557983455,54.47402954101585],[19.666387557983455,54.47430419921869],[19.66650581359869,54.47430419921869],[19.666944503784407,54.47430419921869],[19.666944503784407,54.474582672119084],[19.66750144958536,54.474582672119084],[19.667480468749943,54.47491455078125],[19.668056488037166,54.474861145019645],[19.668056488037166,54.475139617920036],[19.6681499481204,54.475139617920036],[19.668611526489713,54.475139617920036],[19.668590545654297,54.47544860839838],[19.66916656494152,54.475418090820426],[19.66916656494152,54.47569274902344],[19.66931343078653,54.47569656372082],[19.669677734375057,54.47570800781273],[19.669677734375057,54.47631835937523],[19.67027854919428,54.47624969482422],[19.67027854919428,54.47652816772461],[19.670898437499943,54.47650146484398],[19.670898437499943,54.477111816406705],[19.671388626098633,54.47708511352573],[19.671388626098633,54.47735977172874],[19.671510696411246,54.47735977172874],[19.67194366455118,54.47735977172874],[19.67194366455118,54.477638244629134],[19.672500610351562,54.477638244629134],[19.672498703002987,54.477722167968864],[19.6724853515625,54.478195190429915],[19.673055648803768,54.478195190429915],[19.673095703125227,54.47851562500034],[19.673610687255916,54.47851562500034],[19.673610687255916,54.47902679443371],[19.673706054687557,54.47902679443371],[19.67416572570812,54.47902679443371],[19.67416572570812,54.4791259765625],[19.674167633056697,54.47958374023466],[19.67431449890171,54.47958374023466],[19.674722671509244,54.47958374023466],[19.674682617187784,54.47991943359398],[19.67527770996105,54.47986221313482],[19.67527770996105,54.48014068603521],[19.675832748413427,54.48014068603521],[19.6758003234865,54.48045730590832],[19.67638969421381,54.48041534423845],[19.67638969421381,54.480693817138615],[19.676515579223803,54.480693817138615],[19.676944732666186,54.480693817138615],[19.676944732666186,54.48089599609398],[19.676944732666186,54.480972290039006],[19.677499771118164,54.480972290039006],[19.677499771118164,54.481330871582145],[19.677499771118164,54.48152923583996],[19.677806854248104,54.48152923583996],[19.67805480957054,54.48152923583996],[19.67805480957054,54.481689453125455],[19.67805480957054,54.48180389404297],[19.678249359130803,54.48180389404297],[19.67861175537149,54.48180389404297],[19.67861175537149,54.48208236694336],[19.67871284484869,54.48208236694336],[19.679168701171875,54.48208236694336],[19.679168701171875,54.48236083984375],[19.679721832275845,54.48236083984375],[19.679721832275845,54.48263931274414],[19.68027877807623,54.48263931274414],[19.680280685425203,54.48291778564453],[19.680833816528605,54.48291778564453],[19.680833816528605,54.4830703735351],[19.680833816528605,54.48319625854492],[19.681039810180778,54.48319625854492],[19.681390762329556,54.48319625854492],[19.681390762329556,54.483470916748274],[19.68152046203653,54.483470916748274],[19.68194389343296,54.483470916748274],[19.68194389343296,54.48370361328125],[19.682502746582315,54.483749389648665],[19.682495117187955,54.48413085937523],[19.682502746582315,54.484306335449446],[19.683105468749943,54.48431396484398],[19.683055877685547,54.48458480834984],[19.68361282348667,54.48458480834984],[19.68361282348667,54.48485946655285],[19.683105468749943,54.48485946655285],[19.683105468749943,54.48547363281273],[19.68361282348667,54.48541641235363],[19.68361282348667,54.48569488525436],[19.683717727661246,54.48569488525436],[19.6841659545899,54.48569488525436],[19.6841659545899,54.48597335815458],[19.684722900391023,54.48597335815458],[19.684722900391023,54.486251831054744],[19.68583488464361,54.486251831054744],[19.68583488464361,54.486526489258154],[19.685964584350586,54.486526489258154],[19.686388015747184,54.486526489258154],[19.686388015747184,54.48665237426758],[19.686388015747184,54.486804962158374],[19.686666488647575,54.486804962158374],[19.68694305419956,54.486804962158374],[19.68697547912592,54.48704528808605],[19.68707466125494,54.48712158203125],[19.6875,54.48708343505854],[19.6875,54.4873046875],[19.688053131103914,54.48736190795893],[19.688060760498445,54.48749160766607],[19.6881103515625,54.48852539062523],[19.68861198425327,54.48847198486328],[19.68861198425327,54.48875045776367],[19.688722610473803,54.48875045776367],[19.688833236694336,54.48875045776367],[19.689722061157624,54.48875045776367],[19.689697265625057,54.48907470703148],[19.690275192261026,54.48902893066406],[19.690307617187955,54.489318847656705],[19.690834045410384,54.489318847656705],[19.690834045410384,54.489860534668196],[19.69091987609869,54.489929199218864],[19.691387176513786,54.489860534668196],[19.691404342651822,54.49009704589855],[19.691526412963867,54.49013900756859],[19.691669464111328,54.49013900756859],[19.69249725341797,54.49013900756859],[19.69249725341797,54.490295410156364],[19.69249725341797,54.49041748046898],[19.692674636840934,54.49041748046898],[19.693056106567496,54.49041748046898],[19.693115234375398,54.49072265625034],[19.6936092376709,54.49072265625034],[19.6936092376709,54.49152755737316],[19.69372749328653,54.49152374267578],[19.69416618347168,54.49151611328125],[19.69416618347168,54.4923629760745],[19.694486618042106,54.4923629760745],[19.694723129272802,54.4923629760745],[19.694702148437955,54.493530273437614],[19.695312499999943,54.493530273437614],[19.695312499999943,54.494079589844034],[19.695833206177156,54.49402618408226],[19.695833206177156,54.49430465698265],[19.695924758911246,54.49430465698265],[19.696388244628963,54.49430465698265],[19.696388244628963,54.49448013305664],[19.696388244628963,54.49458312988281],[19.696945190429744,54.49458312988281],[19.696945190429744,54.4948616027832],[19.697328567504883,54.4948616027832],[19.697500228881893,54.4948616027832],[19.697509765625227,54.49548339843767],[19.69806289672863,54.49548721313499],[19.698120117187557,54.49627685546875],[19.698610305786076,54.49625015258812],[19.698627471923942,54.49648666381847],[19.69872856140171,54.49652862548851],[19.699167251587028,54.49652099609398],[19.699167251587028,54.4968070983889],[19.699470520019986,54.4968070983889],[19.699722290039404,54.4968070983889],[19.699670791626033,54.49737548828119],[19.70027732849121,54.4973602294923],[19.7003173828125,54.49768066406273],[19.700834274292163,54.49763870239269],[19.700834274292163,54.49791717529308],[19.700929641723803,54.49791717529308],[19.70138931274414,54.49791717529308],[19.70138931274414,54.49807739257818],[19.70138931274414,54.49819564819347],[19.70162391662626,54.49819564819347],[19.701944351196516,54.49819564819347],[19.701944351196516,54.498386383056754],[19.701944351196516,54.498470306396484],[19.702087402343977,54.498470306396484],[19.702514648437955,54.498474121094205],[19.702514648437955,54.499084472656364],[19.703056335449276,54.499027252197266],[19.70312690734869,54.49932861328125],[19.703611373901822,54.499305725098],[19.703641891479606,54.49952697753906],[19.70416641235363,54.49958419799822],[19.704189300537053,54.499820709228516],[19.704284667968693,54.49987792968784],[19.704721450805607,54.49986267089838],[19.704721450805607,54.50013732910179],[19.705276489257812,54.50013732910179],[19.705276489257812,54.50030517578125],[19.705276489257812,54.50041580200218],[19.705467224121094,54.50041580200218],[19.705833435058935,54.50041580200218],[19.705833435058935,54.50069427490257],[19.706390380859318,54.50067520141613],[19.706390380859318,54.501251220703125],[19.706483840942383,54.50128173828148],[19.70694351196329,54.501251220703125],[19.706945419311523,54.501525878906705],[19.707092285156705,54.501525878906705],[19.707500457763672,54.501525878906705],[19.707500457763672,54.50208282470709],[19.708055496215877,54.50207519531256],[19.708055496215877,54.50263977050804],[19.708133697509822,54.5026473999024],[19.70860862731945,54.502685546875114],[19.708679199218693,54.50319290161127],[19.709722518921353,54.50319290161127],[19.709716796875227,54.50347900390619],[19.71027755737316,54.50347137451183],[19.71027755737316,54.50374984741222],[19.710832595825536,54.50374984741222],[19.710832595825536,54.504306793213004],[19.711387634277344,54.50427627563482],[19.71138954162592,54.504859924316406],[19.711486816406705,54.5048828125],[19.711944580078296,54.5048828125],[19.711944580078296,54.50541687011719],[19.71225738525419,54.50541687011719],[19.712499618530273,54.50541687011719],[19.71247673034668,54.50598144531284],[19.71305465698265,54.50597381591814],[19.713056564331055,54.506286621094034],[19.713056564331055,54.50652694702171],[19.71340942382824,54.50652694702171],[19.7136116027836,54.50652694702171],[19.7136116027836,54.50666427612305],[19.7136116027836,54.5068054199221],[19.71383857727062,54.5068054199221],[19.71416664123541,54.5068054199221],[19.714202880859318,54.50702667236351],[19.714300155640103,54.50708389282249],[19.714721679687955,54.50708389282249],[19.714721679687955,54.507362365722656],[19.715278625488338,54.507362365722656],[19.715270996093807,54.50769042968767],[19.715881347656534,54.50769042968767],[19.715881347656534,54.50819396972685],[19.71638870239252,54.50819396972685],[19.71638870239252,54.508453369140796],[19.71638870239252,54.5087509155274],[19.716770172119084,54.5087509155274],[19.716943740845068,54.5087509155274],[19.716943740845068,54.50891876220726],[19.716943740845068,54.50902938842796],[19.717529296875398,54.50909423828148],[19.717529296875398,54.50958251953119],[19.718055725097656,54.50958251953119],[19.718055725097656,54.50988769531273],[19.718055725097656,54.510139465332145],[19.718610763549805,54.510139465332145],[19.718610763549805,54.51069259643555],[19.71871566772478,54.51069259643555],[19.71916580200201,54.51069259643555],[19.71916580200201,54.51089096069336],[19.71916580200201,54.51097106933594],[19.719352722167912,54.51097106933594],[19.719722747803132,54.51097106933594],[19.719726562499943,54.511291503906364],[19.720275878906364,54.511291503906364],[19.720275878906364,54.51180648803711],[19.720832824707486,54.51180648803711],[19.720832824707486,54.51208496093784],[19.721391677856843,54.51208496093784],[19.721391677856843,54.512916564941634],[19.72149658203125,54.512916564941634],[19.721944808960075,54.512916564941634],[19.721944808960075,54.51312255859398],[19.721944808960075,54.513195037842024],[19.722501754761197,54.513195037842024],[19.72247314453125,54.51348876953148],[19.72305488586443,54.513473510742415],[19.723079681396428,54.51367950439476],[19.72361183166538,54.513748168945426],[19.72361183166538,54.51388168334955],[19.72361183166538,54.51402664184582],[19.723880767822266,54.51402664184582],[19.724166870117188,54.51402664184582],[19.724166870117188,54.514198303222656],[19.724166870117188,54.51430511474655],[19.724344253540153,54.51430511474655],[19.72472381591814,54.51430511474655],[19.72472381591814,54.514526367187614],[19.72527694702154,54.51458358764677],[19.72528076171909,54.514892578125114],[19.725833892822493,54.51486206054693],[19.725833892822493,54.51514053344732],[19.726053237915153,54.51514053344732],[19.72638893127447,54.51514053344732],[19.72638893127447,54.515274047851676],[19.72638893127447,54.51541519165056],[19.72661209106451,54.51541519165056],[19.726945877075252,54.51541519165056],[19.726928710937955,54.51568603515619],[19.7275009155278,54.515693664550724],[19.7275009155278,54.515972137451115],[19.7280540466312,54.515972137451115],[19.728088378906534,54.51629638671875],[19.728610992431584,54.516250610351676],[19.728622436523494,54.51649856567428],[19.728698730468693,54.51652908325207],[19.729164123535554,54.51652908325207],[19.729164123535554,54.51708221435547],[19.72949218750017,54.51708221435547],[19.72972297668491,54.51708221435547],[19.72967529296909,54.51770019531273],[19.730276107788143,54.51763916015625],[19.730276107788143,54.51791763305664],[19.730897903442383,54.51788330078148],[19.730897903442383,54.518493652344034],[19.731386184692496,54.518493652344034],[19.731386184692496,54.519027709961165],[19.731666564941463,54.519027709961165],[19.73194694519043,54.519027709961165],[19.73194694519043,54.519584655761946],[19.732498168945426,54.519584655761946],[19.732498168945426,54.519908905029354],[19.732498168945426,54.52013778686535],[19.732805252075195,54.52013778686535],[19.733055114746207,54.52013778686535],[19.733055114746207,54.52032470703125],[19.733055114746207,54.52041625976574],[19.733219146728516,54.52041625976574],[19.73361206054733,54.52041625976574],[19.733638763428132,54.520648956299055],[19.73371505737333,54.52069473266647],[19.734167098999137,54.52069473266647],[19.734167098999137,54.520828247070426],[19.734167098999137,54.52097320556669],[19.734399795532283,54.52097320556669],[19.734722137451513,54.52097320556669],[19.73468017578125,54.52130126953148],[19.73527717590332,54.521251678466854],[19.73527717590332,54.52152633667026],[19.735382080078068,54.52152633667026],[19.735834121704272,54.52152633667026],[19.735868453979606,54.52175140380871],[19.73638916015625,54.52180480957048],[19.73638916015625,54.522083282470646],[19.736511230468693,54.522087097168196],[19.736877441406364,54.52209472656273],[19.736877441406364,54.522705078125114],[19.73748779296909,54.522705078125114],[19.73748779296909,54.523498535156364],[19.73809814453125,54.523498535156364],[19.738056182861385,54.52402877807617],[19.73861122131393,54.52402877807617],[19.73861122131393,54.52410888671875],[19.73861122131393,54.524581909179744],[19.738708496093977,54.524581909179744],[19.73916625976574,54.524581909179744],[19.73916625976574,54.524860382080305],[19.739318847656307,54.524860382080305],[19.739721298217717,54.524860382080305],[19.73972320556669,54.525138854980696],[19.73981475830078,54.525138854980696],[19.740278244018498,54.525138854980696],[19.740278244018498,54.52532958984398],[19.740278244018498,54.52541732788109],[19.740814208984432,54.525482177734375],[19.740833282471044,54.52597045898449],[19.740905761718693,54.52597045898449],[19.74138832092285,54.52597045898449],[19.74138832092285,54.52626800537132],[19.74138832092285,54.52652740478527],[19.74177551269537,54.52652740478527],[19.741945266723633,54.52652740478527],[19.741945266723633,54.52667236328148],[19.741945266723633,54.52680587768566],[19.742073059082372,54.52680587768566],[19.74250030517578,54.52680587768566],[19.74249267578125,54.527099609375114],[19.743055343627987,54.52708435058639],[19.743055343627987,54.527282714843864],[19.743055343627987,54.52736282348661],[19.743274688720817,54.52736282348661],[19.743610382080135,54.52736282348661],[19.743610382080135,54.52748489379883],[19.743610382080135,54.52763748168945],[19.743824005127237,54.52763748168945],[19.74416542053234,54.52763748168945],[19.74416542053234,54.527915954590185],[19.744722366333463,54.527915954590185],[19.744722366333463,54.52804183959961],[19.744722366333463,54.528194427490405],[19.744991302490348,54.528194427490405],[19.74527740478527,54.528194427490405],[19.745300292968693,54.52850341796875],[19.745832443237646,54.52850341796875],[19.745832443237646,54.52902603149437],[19.74591064453125,54.52902603149437],[19.746387481689453,54.52902603149437],[19.746387481689453,54.52930450439476],[19.746520996094148,54.52930068969738],[19.74688720703125,54.529296875],[19.74688720703125,54.52990722656273],[19.747497558593807,54.52990722656273],[19.747497558593807,54.530418395996094],[19.748056411743164,54.530418395996094],[19.748107910156705,54.530700683594034],[19.74861145019571,54.530693054199276],[19.74861145019571,54.5308532714846],[19.74861145019571,54.530971527099666],[19.748849868774812,54.530971527099666],[19.749166488647518,54.530971527099666],[19.749166488647518,54.531150817871264],[19.749166488647518,54.53125000000023],[19.74969482421909,54.531311035156364],[19.74969482421909,54.53180694580101],[19.750278472900447,54.53180694580101],[19.750278472900447,54.53210449218767],[19.750278472900447,54.53236007690441],[19.750833511352823,54.53236007690441],[19.750833511352823,54.53291702270519],[19.750915527343977,54.53291702270519],[19.75138854980463,54.53291702270519],[19.75138854980463,54.533473968506314],[19.751525878906307,54.53350830078148],[19.751943588257177,54.53350830078148],[19.751943588257177,54.53486251831049],[19.752319335937614,54.534912109375114],[19.75250053405756,54.53486251831049],[19.752473831177156,54.53542327880882],[19.753055572509766,54.53541564941429],[19.753112792968693,54.535705566406364],[19.753610610961914,54.53569412231468],[19.753610610961914,54.53585433959961],[19.753610610961914,54.535972595214844],[19.754167556762695,54.53603744506836],[19.754167556762695,54.536251068115234],[19.754447937011662,54.536251068115234],[19.75472259521524,54.536251068115234],[19.75472259521524,54.536529541015625],[19.75527763366705,54.536529541015625],[19.75528526306158,54.53668212890642],[19.755308151245572,54.537109375],[19.755832672119595,54.537109375],[19.755832672119595,54.53763961792015],[19.755920410156705,54.53763961792015],[19.75638961791998,54.53763961792015],[19.756402969360295,54.537876129150504],[19.756530761718864,54.53791809082054],[19.757114410400618,54.53791809082054],[19.757499694824162,54.53791809082054],[19.757499694824162,54.53808593750023],[19.757499694824162,54.53819274902338],[19.757654190063533,54.53819274902338],[19.758054733276538,54.53819274902338],[19.75811767578125,54.53851318359381],[19.75861167907749,54.53847122192394],[19.75862693786638,54.53871154785185],[19.758728027344148,54.53874969482433],[19.75885009765659,54.53874969482433],[19.759721755981843,54.53874969482433],[19.759721755981843,54.53902816772472],[19.7602806091312,54.53902816772472],[19.7602806091312,54.539306640625114],[19.760833740234602,54.539306640625114],[19.760833740234602,54.539859771728516],[19.760925292968693,54.53991699218744],[19.761390686035554,54.539859771728516],[19.761390686035554,54.540138244628906],[19.76153182983404,54.540138244628906],[19.761943817138956,54.540138244628906],[19.76193809509283,54.54042434692383],[19.762502670288313,54.5404167175293],[19.76251220703125,54.54071044921875],[19.763055801391715,54.54069519043003],[19.7630939483646,54.540924072265625],[19.763612747192667,54.54097366333025],[19.763612747192667,54.54132080078148],[19.763612747192667,54.54152679443382],[19.76418113708496,54.541473388671875],[19.7641658782959,54.542362213134766],[19.764282226562557,54.542362213134766],[19.76472282409702,54.542362213134766],[19.76472282409702,54.542640686035156],[19.765277862548828,54.542640686035156],[19.765319824218693,54.542907714844034],[19.76583480834961,54.542915344238736],[19.76583480834961,54.5430603027346],[19.76583480834961,54.543193817138956],[19.76605415344244,54.543193817138956],[19.766387939453182,54.543193817138956],[19.766389846801758,54.54347229003912],[19.76647949218784,54.54347229003912],[19.766944885253963,54.54347229003912],[19.766967773437557,54.5436897277832],[19.767139434814396,54.54375076293951],[19.76749992370611,54.54375076293951],[19.767515182495572,54.54412841796909],[19.76805305480991,54.54402923584007],[19.76805305480991,54.54430389404291],[19.768127441406705,54.54430389404291],[19.76861190795944,54.54430389404291],[19.76861190795944,54.54449462890619],[19.76861190795944,54.5445823669433],[19.769166946411246,54.54464340209961],[19.769166946411246,54.545139312744254],[19.769287109375284,54.545139312744254],[19.769721984863622,54.545139312744254],[19.769721984863622,54.54547500610357],[19.769721984863622,54.545696258545036],[19.770299911499023,54.545696258545036],[19.77083396911638,54.545696258545036],[19.77086257934576,54.54591369628929],[19.77097892761242,54.54597091674805],[19.771387100219783,54.54597091674805],[19.771385192871378,54.54625701904297],[19.771482467651424,54.54625701904297],[19.771944046020735,54.54624938964844],[19.771944046020735,54.54632568359381],[19.771944046020735,54.54680633544922],[19.772094726562557,54.54687500000023],[19.772497177124137,54.54680633544922],[19.77252006530756,54.547119140625114],[19.77305793762207,54.54708480834995],[19.77306938171398,54.547302246094205],[19.773609161376896,54.54735946655296],[19.7735919952396,54.547664642333984],[19.77367973327671,54.547660827636776],[19.774166107177848,54.54763793945335],[19.774166107177848,54.54791641235374],[19.774291992187443,54.54791641235374],[19.77471923828125,54.547912597656364],[19.77471923828125,54.54852294921875],[19.775278091430607,54.548473358154524],[19.775329589843977,54.54870605468784],[19.775833129883154,54.54875183105469],[19.77587890625,54.54907226562494],[19.77638816833496,54.549026489257926],[19.776397705078466,54.549278259277685],[19.776489257812557,54.54931640625],[19.776916503906534,54.54931640625],[19.776916503906534,54.54992675781273],[19.77750015258789,54.54986190795904],[19.77750015258789,54.55014038085943],[19.778055191040096,54.55014038085943],[19.778055191040096,54.55047607421898],[19.778055191040096,54.550693511962834],[19.778343200683594,54.550693511962834],[19.778610229492244,54.550693511962834],[19.778640747070426,54.55093383789074],[19.778785705566463,54.550971984863224],[19.779167175293026,54.550971984863224],[19.779167175293026,54.5512390136721],[19.779167175293026,54.551528930664176],[19.77952766418457,54.551528930664176],[19.779722213745572,54.551528930664176],[19.779722213745572,54.551696777343864],[19.779722213745572,54.55180740356457],[19.78025627136236,54.55187225341825],[19.780271530151424,54.55236053466797],[19.78083419799816,54.55236053466797],[19.780883789062557,54.552673339843864],[19.78138923645014,54.55263900756836],[19.78138923645014,54.55291748046875],[19.781494140625284,54.55291748046875],[19.781921386718693,54.55291748046875],[19.781921386718693,54.55352783203148],[19.78247261047369,54.55352783203148],[19.78247261047369,54.5540771484375],[19.783079147338867,54.5540771484375],[19.783079147338867,54.554584503174055],[19.78361129760782,54.554584503174055],[19.78361129760782,54.554847717285156],[19.78361129760782,54.55513763427746],[19.784191131592195,54.55507278442377],[19.784166336059627,54.55541610717785],[19.784484863281477,54.55548095703131],[19.784721374512173,54.55541610717785],[19.78468704223627,54.55598831176769],[19.78527641296398,54.5559730529788],[19.78527641296398,54.556274414062614],[19.785833358764933,54.55625152587896],[19.785844802856445,54.5564994812014],[19.78591346740768,54.55652618408237],[19.786390304565884,54.55652618408237],[19.786390304565884,54.55666732788086],[19.786390304565884,54.55680465698259],[19.78660011291504,54.55680465698259],[19.786945343017692,54.55680465698259],[19.78692626953125,54.55712890625],[19.787498474121094,54.557083129882756],[19.787498474121094,54.557361602783146],[19.788055419921875,54.557361602783146],[19.7880859375,54.55767822265625],[19.788608551025447,54.55767822265625],[19.788608551025447,54.55819320678711],[19.788696289062557,54.55819320678711],[19.789167404174805,54.55819320678711],[19.789167404174805,54.5584716796875],[19.789306640625455,54.5584716796875],[19.78967475891153,54.5584716796875],[19.78967475891153,54.55908203125023],[19.79028129577671,54.55908203125023],[19.79028129577671,54.55987548828131],[19.79089355468784,54.55987548828131],[19.79089355468784,54.56072998046875],[19.791389465332088,54.56072998046875],[19.791389465332088,54.56124877929699],[19.79150390625,54.56127929687494],[19.791944503784293,54.56124877929699],[19.791944503784293,54.56152725219738],[19.79249954223627,54.56152725219738],[19.79249954223627,54.5620841979985],[19.793056488037223,54.5620841979985],[19.793090820312557,54.56231689453148],[19.7936115264896,54.56236267089872],[19.7936115264896,54.562473297119254],[19.7936115264896,54.562915802002294],[19.79388236999506,54.56292724609381],[19.794166564941406,54.562915802002294],[19.794166564941406,54.56304931640625],[19.794166564941406,54.563194274902514],[19.79439544677774,54.563194274902514],[19.794721603393953,54.563194274902514],[19.79467964172369,54.56347656250023],[19.795278549194336,54.56347274780268],[19.795278549194336,54.56375122070307],[19.79583358764671,54.56375122070307],[19.795824050903377,54.56404113769554],[19.7958984375,54.564086914062955],[19.79638862609869,54.56402587890648],[19.796401977539006,54.564266204833984],[19.796508789062557,54.56430435180687],[19.796876907348633,54.56430435180687],[19.796876907348633,54.564880371093864],[19.797500610352017,54.56486129760742],[19.797491073608512,54.56591796875],[19.79748344421398,54.56652832031273],[19.798055648803825,54.56652832031273],[19.798055648803825,54.56671142578148],[19.798055648803825,54.56680679321312],[19.798395156860522,54.56680679321312],[19.799165725708008,54.56680679321312],[19.799179077148494,54.567039489746094],[19.79932022094772,54.56708145141613],[19.79972267150913,54.56708145141613],[19.79972267150913,54.56735992431652],[19.800279617309513,54.56735992431652],[19.800279617309513,54.56768798828131],[19.800279617309513,54.5679168701173],[19.8005828857423,54.5679168701173],[19.800832748413484,54.5679168701173],[19.800863265991268,54.568130493164176],[19.80139160156284,54.56819534301769],[19.80142021179205,54.56842041015648],[19.801513671875455,54.568477630615234],[19.80188179016153,54.568481445312614],[19.80188179016153,54.56909179687494],[19.80248832702671,54.56909179687494],[19.80248832702671,54.569583892822436],[19.803054809570426,54.569583892822436],[19.80310058593784,54.56988525390625],[19.80361175537155,54.5698623657226],[19.803630828857422,54.57008743286161],[19.803756713867244,54.57013702392601],[19.804723739624137,54.57013702392601],[19.804748535156705,54.57030105590832],[19.80527687072754,54.5704154968264],[19.805278778076115,54.57069396972679],[19.80583381652849,54.5706787109375],[19.80583381652849,54.571529388427734],[19.805908203125284,54.571529388427734],[19.806383132934513,54.57148361206049],[19.80638885498047,54.57208251953131],[19.806701660156193,54.57208251953131],[19.80694580078125,54.57208251953131],[19.80688667297369,54.572692871093864],[19.808055877685604,54.57263946533226],[19.808055877685604,54.57291793823265],[19.808609008789006,54.572883605957145],[19.80861091613815,54.57374954223644],[19.808755874634016,54.57374954223644],[19.809164047241552,54.57374954223644],[19.809194564819336,54.573966979980696],[19.80972290039091,54.57402801513683],[19.80972290039091,54.574214935302734],[19.80972290039091,54.57430648803722],[19.80992126464855,54.57430648803722],[19.810277938842717,54.57430648803722],[19.810302734375114,54.57452392578148],[19.810832977295263,54.574584960937614],[19.810832977295263,54.574840545654354],[19.810832977295263,54.575138092041016],[19.811386108398494,54.575138092041016],[19.811386108398494,54.57569503784214],[19.811548233032568,54.57569503784214],[19.81194496154785,54.57569503784214],[19.81194496154785,54.57588577270542],[19.81194496154785,54.57597351074236],[19.812126159668367,54.57597351074236],[19.812498092651424,54.57597351074236],[19.812498092651424,54.576293945312955],[19.813055038452205,54.57624816894554],[19.813110351562557,54.57652664184593],[19.813608169555778,54.576484680176236],[19.813611984253328,54.57708358764671],[19.813903808594205,54.57708358764671],[19.81416893005371,54.57708358764671],[19.81416893005371,54.577640533447266],[19.814720153808537,54.577640533447266],[19.814720153808537,54.577915191650845],[19.81527709960949,54.577915191650845],[19.81530761718784,54.578125],[19.81583404541027,54.578193664551065],[19.81583404541027,54.57828140258795],[19.81583404541027,54.57986068725597],[19.81591796875,54.57989501953131],[19.816389083862248,54.57989501953131],[19.816389083862248,54.580417633056754],[19.816528320312727,54.580417633056754],[19.816944122314624,54.580417633056754],[19.816944122314624,54.580696105957145],[19.81707763671875,54.580696105957145],[19.817504882812557,54.580688476562614],[19.817504882812557,54.58129882812494],[19.818059921265103,54.58130264282249],[19.818115234375284,54.58209228515625],[19.81861114501993,54.58209228515625],[19.81861114501993,54.58263778686546],[19.818725585937443,54.58270263671875],[19.819166183471737,54.58270263671875],[19.819166183471737,54.58319473266624],[19.8194713592531,54.58319473266624],[19.81972312927269,54.58319473266624],[19.819684982299805,54.58403396606457],[19.820278167724666,54.584026336670036],[19.820285797119197,54.584281921386776],[19.820365905761776,54.58430480957077],[19.820833206177042,54.58430480957077],[19.820833206177042,54.584445953369084],[19.820833206177042,54.58458328247099],[19.821054458618107,54.58458328247099],[19.82138824462885,54.58458328247099],[19.82138824462885,54.58486175537115],[19.821472167969148,54.58486175537115],[19.8219451904298,54.58486175537115],[19.821964263916243,54.585094451904524],[19.822082519531307,54.58514022827154],[19.82250022888178,54.58514022827154],[19.822509765625114,54.58569335937494],[19.823055267333984,54.58569335937494],[19.823055267333984,54.58587646484369],[19.823055267333984,54.585971832275334],[19.823326110840185,54.585971832275334],[19.823610305786133,54.585971832275334],[19.823610305786133,54.586071014404524],[19.823610305786133,54.586807250976676],[19.823844909668082,54.586807250976676],[19.824165344238338,54.586807250976676],[19.824193954467887,54.58703994750999],[19.82427978515659,54.58709716796898],[19.825277328491268,54.58708190917969],[19.825277328491268,54.5872802734375],[19.825277328491268,54.58736038208008],[19.82583427429205,54.58736038208008],[19.82583427429205,54.58819580078125],[19.825927734375455,54.58819580078125],[19.82638740539562,54.58819580078125],[19.82638740539562,54.5884704589846],[19.82638740539562,54.58874893188499],[19.826696395873967,54.58874893188499],[19.826944351196403,54.58874893188499],[19.826944351196403,54.589027404785384],[19.827497482299805,54.589027404785384],[19.827497482299805,54.589294433593864],[19.827497482299805,54.589584350586165],[19.828056335449332,54.589584350586165],[19.828056335449332,54.5897216796875],[19.828056335449332,54.59041595458996],[19.828609466552734,54.59041595458996],[19.82867431640642,54.59051513671875],[19.82867431640642,54.59097290039091],[19.829166412353516,54.59097290039091],[19.829166412353516,54.59112548828148],[19.829166412353516,54.59152603149448],[19.82928466796875,54.59152603149448],[19.829719543457088,54.59152603149448],[19.829719543457088,54.5918045043947],[19.830278396606445,54.5918045043947],[19.830278396606445,54.59210205078131],[19.830278396606445,54.592361450195256],[19.830615997314567,54.592361450195256],[19.83083343505882,54.592361450195256],[19.83083343505882,54.592529296875114],[19.83083343505882,54.59263992309582],[19.830991744995174,54.59263992309582],[19.8313884735108,54.59263992309582],[19.8313884735108,54.59291839599621],[19.831481933593864,54.59291839599621],[19.831556320190487,54.59291839599621],[19.831943511963175,54.59291839599621],[19.831943511963175,54.59303283691429],[19.83194541931158,54.59319305419922],[19.832206726074276,54.59319305419922],[19.832500457764127,54.59319305419922],[19.83251953125,54.59350585937494],[19.833055496215934,54.59350585937494],[19.833055496215934,54.59402847290039],[19.833129882812557,54.59402847290039],[19.834167480468693,54.59402847290039],[19.834171295166243,54.59428787231468],[19.834289550781307,54.59430694580078],[19.834936141967773,54.59430694580078],[19.835832595825593,54.59430694580078],[19.835832595825593,54.59448242187534],[19.835832595825593,54.59458160400396],[19.83612442016647,54.59458160400396],[19.836389541625977,54.59458160400396],[19.836389541625977,54.594688415527344],[19.836389541625977,54.595138549804915],[19.83648681640659,54.595138549804915],[19.836944580078182,54.595138549804915],[19.836944580078182,54.59527587890625],[19.836944580078182,54.5962486267091],[19.8372802734375,54.5962486267091],[19.83749961853033,54.5962486267091],[19.83749961853033,54.59736251831083],[19.838054656982536,54.59736251831083],[19.838073730469148,54.59771728515642],[19.838611602783658,54.59763717651367],[19.838617324829045,54.59789276123041],[19.839166641235465,54.59790039062494],[19.839166641235465,54.598194122314624],[19.83942031860346,54.598194122314624],[19.83972167968784,54.598194122314624],[19.839675903320426,54.59877014160179],[19.84028053283737,54.59875106811518],[19.84028053283737,54.59902954101574],[19.8408336639406,54.59902954101574],[19.84088134765642,54.59930419921898],[19.841390609741552,54.59930419921898],[19.841390609741552,54.599456787109375],[19.841390609741552,54.59958267211914],[19.84158706665039,54.59958267211914],[19.841943740844954,54.59958267211914],[19.841918945312557,54.59991455078148],[19.842529296875284,54.59991455078148],[19.842529296875284,54.60041809082031],[19.843055725097713,54.60041809082031],[19.843059539795263,54.600524902343864],[19.843078613281307,54.601249694824446],[19.843612670898665,54.601318359375114],[19.843612670898665,54.60208511352562],[19.843688964843864,54.60211181640659],[19.844165802002067,54.60211181640659],[19.844165802002067,54.60347366333053],[19.844482421874943,54.60351562500023],[19.84472274780302,54.60347366333053],[19.844692230224666,54.604038238525675],[19.845277786254826,54.604026794433594],[19.845277786254826,54.60412597656256],[19.84527587890625,54.604583740234546],[19.845834732055778,54.604583740234546],[19.845886230469148,54.604919433593864],[19.846389770507756,54.604919433593864],[19.846389770507756,54.60541534423851],[19.846496582031307,54.60541534423851],[19.84694480895996,54.60541534423851],[19.846923828125114,54.60571289062494],[19.84749984741211,54.6056938171389],[19.84749984741211,54.606529235839844],[19.848083496093864,54.60650634765625],[19.848054885864315,54.60763931274437],[19.848611831665437,54.60763931274437],[19.848611831665437,54.60772705078148],[19.848611831665437,54.60874938964855],[19.84869384765659,54.60874938964855],[19.849166870117244,54.60874938964855],[19.849149703979947,54.60906982421898],[19.849302291870174,54.609066009521655],[19.850276947021598,54.60902786254894],[19.850280761719148,54.609313964843864],[19.851388931274357,54.609313964843864],[19.851388931274357,54.60958480834972],[19.851636886596964,54.60958480834972],[19.851943969726733,54.60958480834972],[19.85187721252447,54.6101646423341],[19.852500915527685,54.610137939453125],[19.852500915527685,54.610488891601506],[19.852500915527685,54.61069488525425],[19.8527774810791,54.61069488525425],[19.853057861328068,54.61069488525425],[19.85308837890642,54.610923767089844],[19.853609085083065,54.61097335815447],[19.85360336303711,54.61126327514671],[19.853696823120174,54.61125946044939],[19.854166030883846,54.61125183105463],[19.854179382324332,54.611480712890625],[19.854309082031307,54.61152267456066],[19.854675292968977,54.61151123046898],[19.854675292968977,54.61267089843773],[19.855285644531307,54.61267089843773],[19.855285644531307,54.613193511963175],[19.855831146240178,54.613193511963175],[19.855831146240178,54.61328125000006],[19.855831146240178,54.61375045776373],[19.85638809204096,54.61375045776373],[19.85638809204096,54.61404037475586],[19.85638809204096,54.61430740356468],[19.856708526611385,54.61430740356468],[19.85694503784191,54.61430740356468],[19.85694503784191,54.61458206176752],[19.85750007629389,54.61458206176752],[19.85748291015625,54.61492919921875],[19.858055114746094,54.61486053466808],[19.858055114746094,54.61513900756847],[19.858612060547216,54.61511611938488],[19.858612060547216,54.615695953369254],[19.858703613281307,54.61572265625023],[19.859167098999023,54.61572265625023],[19.859167098999023,54.616249084472656],[19.859497070312955,54.61627197265625],[19.85972213745157,54.616249084472656],[19.859680175781705,54.617126464843864],[19.860277175903377,54.61708450317417],[19.860277175903377,54.61736297607439],[19.860370635986442,54.61736297607439],[19.86083412170416,54.61736297607439],[19.86083412170416,54.617675781250284],[19.86083412170416,54.61791610717796],[19.861404418945767,54.61787796020508],[19.861389160156307,54.61847305297874],[19.86151123046875,54.61847305297874],[19.861944198608512,54.61847305297874],[19.861944198608512,54.61871337890625],[19.86249923706049,54.618751525878906],[19.86249923706049,54.61908340454124],[19.86249923706049,54.61930465698288],[19.863098144531307,54.61932373046875],[19.863098144531307,54.6195831298831],[19.863611221313818,54.6195831298831],[19.863611221313818,54.61968994140625],[19.863611221313818,54.62014007568365],[19.863708496093864,54.62014389038086],[19.864166259765625,54.62016296386764],[19.864166259765625,54.62097167968744],[19.86447906494152,54.62097167968744],[19.86472129821817,54.62097167968744],[19.864685058593693,54.621887207031364],[19.86527633666998,54.621807098388786],[19.86529541015642,54.621887207031364],[19.86529541015642,54.62236022949219],[19.86583328247093,54.62236022949219],[19.86583328247093,54.62249755859369],[19.86583328247093,54.62291717529297],[19.86590576171875,54.6229248046875],[19.86638832092291,54.622962951660384],[19.86638832092291,54.62347030639671],[19.866699218750057,54.62347412109409],[19.86694526672369,54.62347412109409],[19.866882324218977,54.62408447265625],[19.867492675781307,54.62408447265625],[19.867492675781307,54.62487792968773],[19.868103027343864,54.62487792968773],[19.868103027343864,54.62541580200207],[19.868608474731445,54.62541580200207],[19.868608474731445,54.62548828125006],[19.868608474731445,54.62597274780302],[19.86871337890659,54.62597274780302],[19.869167327880803,54.62597274780302],[19.869167327880803,54.62630844116234],[19.869167327880803,54.62652587890659],[19.869735717773835,54.626483917236555],[19.86972236633335,54.627082824706974],[19.870117187500398,54.627082824706974],[19.870277404785156,54.627082824706974],[19.870300292969148,54.627685546875],[19.87083053588873,54.627685546875],[19.87083053588873,54.62874984741211],[19.870914459228857,54.6287460327153],[19.871389389038086,54.62872314453131],[19.871389389038086,54.62958145141607],[19.87152290344244,54.62958145141607],[19.87194442749029,54.62958145141607],[19.87194442749029,54.62990570068371],[19.87194442749029,54.630138397217024],[19.872497558593864,54.63012695312494],[19.872497558593864,54.630973815918196],[19.87305641174322,54.630973815918196],[19.87305641174322,54.63128662109392],[19.87305641174322,54.6315269470216],[19.87345123291027,54.6315269470216],[19.873611450195767,54.6315269470216],[19.873611450195767,54.6316375732423],[19.873611450195767,54.63180541992199],[19.87380981445341,54.63180541992199],[19.874166488647575,54.63180541992199],[19.874166488647575,54.632080078125],[19.874694824219148,54.632080078125],[19.874694824219148,54.63319396972673],[19.875278472900334,54.63319396972673],[19.875282287597713,54.63330078125006],[19.875305175781307,54.634094238281364],[19.87583351135271,54.634094238281364],[19.87583351135271,54.63763809204113],[19.875915527343864,54.63763809204113],[19.876388549804688,54.63763809204113],[19.876403808594148,54.637870788574446],[19.876525878906193,54.63791656494152],[19.876943588257063,54.63791656494152],[19.87696075439453,54.63852691650385],[19.876388549804688,54.63847351074264],[19.876388549804688,54.638671875000114],[19.876388549804688,54.63874816894531],[19.875915527343864,54.63874816894531],[19.87583351135271,54.63874816894531],[19.87583351135271,54.639583587646655],[19.875915527343864,54.639583587646655],[19.876388549804688,54.639583587646655],[19.876392364502067,54.639850616455305],[19.876525878906193,54.639892578125],[19.876943588257063,54.639892578125]]],[[[19.99916648864746,54.64069366455101],[19.99916648864746,54.64041519165062],[19.999721527100007,54.64041519165062],[20.000570297241268,54.64041519165062],[20.001388549804744,54.64041519165062],[20.001388549804744,54.64033508300804],[20.001388549804744,54.64014053344721],[20.00175666809082,54.64014053344721],[20.00194358825695,54.64014053344721],[20.00194358825695,54.63999557495117],[20.00194358825695,54.63980484008789],[20.00194358825695,54.639583587646655],[20.00161361694336,54.639583587646655],[20.001525878906648,54.639583587646655],[20.001388549804744,54.639583587646655],[20.001388549804744,54.639305114746435],[20.000766754150504,54.639305114746435],[20.000280380249364,54.639305114746435],[20.000280380249364,54.63909912109369],[20.000280380249364,54.6390266418457],[19.999998092651424,54.6390266418457],[19.999721527100007,54.6390266418457],[19.999721527100007,54.639305114746435],[19.998056411743107,54.639305114746435],[19.998056411743107,54.6390266418457],[19.99521064758295,54.6390266418457],[19.99416732788086,54.6390266418457],[19.99416732788086,54.63892364501987],[19.99416732788086,54.63874816894531],[19.99256896972696,54.63874816894531],[19.99195480346725,54.638679504394645],[19.991945266723746,54.63847351074264],[19.989723205566463,54.63847351074264],[19.989719390869084,54.638671875000114],[19.989719390869084,54.63874816894531],[19.9886093139649,54.63874816894531],[19.9886093139649,54.63864135742193],[19.9886093139649,54.63847351074264],[19.988098144531193,54.638488769531364],[19.988056182861328,54.63819503784191],[19.987487792969034,54.63819503784191],[19.987487792969034,54.63791656494152],[19.986982345581453,54.63791656494152],[19.986387252807617,54.63791656494152],[19.986387252807617,54.638122558593864],[19.986387252807617,54.63819503784191],[19.984722137451456,54.63819503784191],[19.984722137451456,54.638122558593864],[19.984722137451456,54.63791656494152],[19.980833053589038,54.63791656494152],[19.98082923889166,54.63812637329124],[19.97966575622553,54.63819503784191],[19.974721908569677,54.63819503784191],[19.974670410156307,54.638488769531364],[19.973611831665323,54.63847351074264],[19.973611831665323,54.638671875000114],[19.973611831665323,54.63874816894531],[19.97305488586437,54.63874816894531],[19.97305488586437,54.638671875000114],[19.97305488586437,54.63847351074264],[19.97083282470726,54.63847351074264],[19.97083282470726,54.638671875000114],[19.97083282470726,54.63874816894531],[19.970277786254883,54.63874816894531],[19.970277786254883,54.64041519165062],[19.974311828613736,54.64041519165062],[19.97861289978033,54.64041519165062],[19.97861289978033,54.64031982421898],[19.97861289978033,54.64014053344721],[19.98076057434082,54.64014053344721],[19.98138236999506,54.64008712768583],[19.981388092041016,54.63986206054682],[19.983615875244084,54.63990020751953],[19.983612060547102,54.639583587646655],[19.984527587890625,54.639583587646655],[19.98468017578159,54.6395263671875],[19.984722137451456,54.639305114746435],[19.9869441986084,54.639305114746435],[19.9869441986084,54.6395263671875],[19.98749732971197,54.639583587646655],[19.987487792969034,54.639892578125],[19.98749732971197,54.64014053344721],[19.99027824401861,54.64014053344721],[19.99027824401861,54.63986206054682],[19.992492675781193,54.639892578125],[19.992500305176122,54.639583587646655],[19.99583244323759,54.639583587646655],[19.99583244323759,54.639892578125],[19.995910644531193,54.63988876342779],[19.99638938903854,54.63986206054682],[19.99638938903854,54.64014053344721],[19.99652099609392,54.64014053344721],[19.99663352966303,54.64014053344721],[19.996944427490348,54.64014053344721],[19.996944427490348,54.64031982421898],[19.996944427490348,54.64041519165062],[19.997499465942326,54.64041519165062],[19.997499465942326,54.64069366455101],[19.999084472656307,54.64069366455101],[19.99916648864746,54.64069366455101]]],[[[20.148609161376896,54.67291641235363],[20.148679733276538,54.671531677246264],[20.148056030273494,54.671527862549055],[20.148056030273494,54.671249389648665],[20.14752388000494,54.67132568359369],[20.147497177123967,54.670970916748104],[20.147167205810774,54.670970916748104],[20.146944046020565,54.670970916748104],[20.146944046020565,54.67079162597656],[20.146944046020565,54.67069625854492],[20.14680671691906,54.67069625854492],[20.146387100219783,54.67069625854492],[20.146387100219783,54.67041397094755],[20.146387100219783,54.67013931274414],[20.145872116089265,54.67010498046898],[20.14583396911621,54.66986083984375],[20.14532470703125,54.66992187500006],[20.145278930664404,54.66958236694336],[20.14471435546909,54.66958236694336],[20.14471435546909,54.66912841796898],[20.144721984863452,54.66902923583996],[20.144159317016545,54.66904067993187],[20.144166946411076,54.668750762939396],[20.143676757812557,54.668701171875],[20.143611907959098,54.668472290039006],[20.143127441406534,54.668472290039006],[20.143056869506893,54.668472290039006],[20.143056869506893,54.66790771484392],[20.14249992370651,54.66791534423862],[20.14249992370651,54.66764068603521],[20.141944885253963,54.66764068603521],[20.141944885253963,54.66736221313505],[20.14156723022495,54.66736221313505],[20.14147949218767,54.66736221313505],[20.141389846802156,54.66736221313505],[20.141387939453182,54.66708374023483],[20.14093017578125,54.66708374023483],[20.14083480834961,54.66708374023483],[20.140821456909123,54.66624832153332],[20.14031982421909,54.666320800781705],[20.140277862548828,54.665973663330305],[20.139823913574446,54.665973663330305],[20.13975524902378,54.66592788696289],[20.139724731445256,54.665695190429915],[20.139127731323583,54.665695190429915],[20.138612747192496,54.665695190429915],[20.138612747192496,54.66552734375023],[20.138612747192496,54.665138244629134],[20.138166427612248,54.665138244629134],[20.138067245483455,54.66510391235363],[20.138055801391545,54.66485977172874],[20.13751220703125,54.66491699218773],[20.137502670288143,54.66458511352539],[20.13708496093784,54.66458511352539],[20.136943817138786,54.66458511352539],[20.136943817138786,54.66412353515625],[20.136943817138786,54.66402816772461],[20.136472702026538,54.664070129394645],[20.136367797851562,54.664077758789006],[20.136390686035384,54.66374969482422],[20.135925292968693,54.66374969482422],[20.135833740234432,54.66374969482422],[20.135833740234432,54.66329193115246],[20.135833740234432,54.66319274902344],[20.135566711425952,54.66319274902344],[20.13528060913103,54.66319274902344],[20.13528060913103,54.663085937500114],[20.13528060913103,54.662918090820426],[20.134721755981673,54.662918090820426],[20.134721755981673,54.662639617920036],[20.134277343750398,54.662639617920036],[20.134166717529297,54.662639617920036],[20.134166717529297,54.66210937500006],[20.133729934692383,54.662086486816634],[20.13361167907732,54.662082672119084],[20.13361167907732,54.66180419921892],[20.13311767578125,54.66180419921892],[20.13311767578125,54.66097259521513],[20.131944656372184,54.66097259521513],[20.131944656372184,54.660842895507756],[20.131944656372184,54.66069412231491],[20.131530761718693,54.66069412231491],[20.131389617920377,54.66069412231491],[20.131389617920377,54.660415649414176],[20.130811691284407,54.6604461669923],[20.130832672119254,54.660137176513786],[20.130367279053132,54.660137176513786],[20.13027763366705,54.660137176513786],[20.13027763366705,54.659862518310774],[20.129699707031648,54.659912109375],[20.1297225952149,54.659584045410384],[20.129167556762695,54.659584045410384],[20.129167556762695,54.6590270996096],[20.12871932983444,54.659061431884766],[20.12859535217285,54.6590690612793],[20.128610610962312,54.65874862670921],[20.12811279296909,54.65874862670921],[20.12811279296909,54.65789794921898],[20.12750053405796,54.65791702270508],[20.12750053405796,54.65763854980469],[20.127075195312557,54.65763854980469],[20.126943588256836,54.65763854980469],[20.126943588256836,54.65710449218773],[20.126525878906705,54.65710449218773],[20.12639236450201,54.657066345214844],[20.12638854980463,54.656806945800895],[20.125833511352653,54.656806945800895],[20.125833511352653,54.656528472900504],[20.12469482421892,54.656528472900504],[20.12469482421892,54.65597152709955],[20.124166488647518,54.65597152709955],[20.124166488647518,54.65588378906244],[20.124166488647518,54.65569305419916],[20.123893737792912,54.65569305419916],[20.123609542847134,54.65569305419916],[20.123609542847134,54.65541839599632],[20.123718261718693,54.65541839599632],[20.124166488647518,54.65541839599632],[20.124166488647518,54.65513992309576],[20.123718261718693,54.65513992309576],[20.123609542847134,54.65513992309576],[20.123609542847134,54.654907226562614],[20.122497558593807,54.654907226562614],[20.12249946594278,54.654582977295206],[20.121295928955192,54.654582977295206],[20.120832443237475,54.654582977295206],[20.120832443237475,54.654457092285384],[20.120832443237475,54.654304504394986],[20.1202774047851,54.654304504394986],[20.1202774047851,54.653751373291016],[20.11972236633312,54.653751373291016],[20.11972236633312,54.65344619751022],[20.11972236633312,54.65319442749046],[20.119035720825195,54.65319442749046],[20.118610382080533,54.65319442749046],[20.118610382080533,54.65306091308594],[20.118610382080533,54.65291595459007],[20.117645263671875,54.65291595459007],[20.11750030517618,54.65291595459007],[20.11750030517618,54.65263748168968],[20.116796493530217,54.65263748168968],[20.11638832092285,54.65263748168968],[20.11638832092285,54.652500152588004],[20.11638832092285,54.6523628234865],[20.115686416626033,54.6523628234865],[20.115278244018498,54.6523628234865],[20.115278244018498,54.65228271484375],[20.115278244018498,54.65208435058628],[20.113708496093807,54.65208435058628],[20.11361122131376,54.65208435058628],[20.11361122131376,54.65180587768555],[20.113235473633154,54.65180587768555],[20.113056182861385,54.65180587768555],[20.113056182861385,54.651672363281364],[20.113056182861385,54.651527404785156],[20.111833572387923,54.651527404785156],[20.111509323120117,54.651527404785156],[20.111402511597134,54.65148925781244],[20.111389160156648,54.651248931884766],[20.11090278625494,54.65130615234369],[20.1108341217041,54.650970458984375],[20.110410690307674,54.650970458984375],[20.11027717590332,54.650970458984375],[20.11027717590332,54.650878906250114],[20.11027717590332,54.650695800781364],[20.109680175781648,54.650695800781364],[20.109720230102937,54.65041732788097],[20.109401702881087,54.65041732788097],[20.109167098998967,54.65041732788097],[20.109167098998967,54.65027236938511],[20.109167098998967,54.65013885498058],[20.10883522033737,54.65013885498058],[20.10870361328125,54.65013885498058],[20.108610153198583,54.65013885498058],[20.108610153198583,54.64986038208019],[20.10809326171909,54.64990234375006],[20.108055114746207,54.64958190917963],[20.10763549804733,54.64958190917963],[20.107498168945256,54.64958190917963],[20.107498168945256,54.64948654174799],[20.107498168945256,54.64930725097679],[20.106943130493278,54.64929199218773],[20.10688209533697,54.64875793457037],[20.106506347656534,54.64875030517584],[20.106386184692496,54.64875030517584],[20.106386184692496,54.64864730834984],[20.106386184692496,54.64847183227545],[20.105897903442383,54.64849853515625],[20.105833053588924,54.648193359375284],[20.105276107788143,54.648193359375284],[20.105285644531648,54.647705078125],[20.104167938232365,54.647640228271484],[20.104167938232365,54.64746475219749],[20.104167938232365,54.647361755371094],[20.10391044616739,54.647361755371094],[20.10361099243198,54.647361755371094],[20.10361099243198,54.64725112915039],[20.10361099243198,54.64708328247093],[20.103088378906364,54.647094726562614],[20.10305404663086,54.64680480957054],[20.101898193359432,54.6468200683596],[20.101945877075252,54.64597320556658],[20.101621627808015,54.64597320556658],[20.10138893127487,54.64597320556658],[20.10138893127487,54.64569091796898],[20.1008358001709,54.64569473266636],[20.1008358001709,54.645416259765625],[20.09972381591797,54.645416259765625],[20.09966468811041,54.64569473266636],[20.099166870117188,54.64569473266636],[20.099161148071232,54.64597320556658],[20.098613739013786,54.64597320556658],[20.098613739013786,54.646316528320426],[20.098613739013786,54.64652633667015],[20.09753608703619,54.64652633667015],[20.096391677856502,54.64652633667015],[20.09636878967325,54.64680480957054],[20.095832824707145,54.64680480957054],[20.09588623046909,54.647094726562614],[20.09429740905756,54.647094726562614],[20.09417343139654,54.6470565795903],[20.09416580200201,54.64680480957054],[20.093315124511776,54.64680480957054],[20.093055725097656,54.64680480957054],[20.093055725097656,54.64672851562494],[20.093055725097656,54.64652633667015],[20.09250068664585,54.64652633667015],[20.092489242553768,54.6467361450197],[20.09205818176298,54.64680480957054],[20.090278625488736,54.64680480957054],[20.090270996093807,54.647094726562614],[20.08916664123541,54.64708328247093],[20.089153289794922,54.64733505249052],[20.089084625244084,54.647361755371094],[20.08861160278343,54.647361755371094],[20.08861160278343,54.647544860839844],[20.08861160278343,54.647640228271484],[20.08807373046892,54.647705078125],[20.08807373046892,54.648193359375284],[20.08749961853067,54.648193359375284],[20.087501525879077,54.6483154296875],[20.0875244140625,54.64929199218773],[20.08805465698248,54.64930725097679],[20.08805465698248,54.64947509765648],[20.08805465698248,54.64958190917963],[20.08891105651884,54.64958190917963],[20.09138870239252,54.64958190917963],[20.091386795043945,54.649890899658544],[20.091493606567496,54.649887084961165],[20.09250068664585,54.64986038208019],[20.09250068664585,54.65013885498058],[20.093055725097656,54.65013885498058],[20.093055725097656,54.650695800781364],[20.093610763550203,54.650695800781364],[20.093610763550203,54.65041732788097],[20.09416580200201,54.65041732788097],[20.09416580200201,54.650695800781364],[20.09429740905756,54.650695800781364],[20.096944808960075,54.650695800781364],[20.096944808960075,54.650882720947266],[20.096944808960075,54.650970458984375],[20.097362518310547,54.650970458984375],[20.098613739013786,54.650970458984375],[20.09861564636236,54.6512336730957],[20.09869575500494,54.651248931884766],[20.10305404663086,54.651248931884766],[20.103088378906364,54.65148925781244],[20.104167938232365,54.651527404785156],[20.104167938232365,54.65164947509777],[20.104167938232365,54.65180587768555],[20.104614257812614,54.65180587768555],[20.105276107788143,54.65180587768555],[20.105285644531648,54.652099609375],[20.106945037841854,54.65208435058628],[20.106945037841854,54.65229034423828],[20.106945037841854,54.6523628234865],[20.10767555236822,54.6523628234865],[20.109167098998967,54.6523628234865],[20.109167098998967,54.65251159667969],[20.109167098998967,54.65263748168968],[20.109609603881836,54.65263748168968],[20.11027717590332,54.65263748168968],[20.110290527343807,54.65289306640625],[20.111389160156648,54.65291595459007],[20.111389160156648,54.653057098388956],[20.111389160156648,54.65319442749046],[20.111782073974553,54.65319442749046],[20.112499237061,54.65319442749046],[20.11248779296892,54.65350341796898],[20.113056182861385,54.65347290039085],[20.11309814453125,54.65368652343773],[20.11361122131376,54.653751373291016],[20.11361122131376,54.65389251709007],[20.11361122131376,54.654026031494254],[20.11386680603033,54.654026031494254],[20.114166259765568,54.654026031494254],[20.114166259765568,54.654205322265625],[20.114166259765568,54.654304504394986],[20.114334106445426,54.654304504394986],[20.114721298218114,54.654304504394986],[20.114721298218114,54.65449142456055],[20.114721298218114,54.654582977295206],[20.11498260498047,54.654582977295206],[20.115833282470703,54.654582977295206],[20.11582756042492,54.65488052368164],[20.11590576171909,54.654907226562614],[20.11638832092285,54.65486145019537],[20.116407394409123,54.655086517333984],[20.116558074951115,54.65513992309576],[20.116945266723633,54.65513992309576],[20.116945266723633,54.65541839599632],[20.118610382080533,54.65541839599632],[20.118610382080533,54.65569305419916],[20.118713378906534,54.65569305419916],[20.119167327880916,54.65569305419916],[20.119167327880916,54.65597152709955],[20.11972236633312,54.65597152709955],[20.11972236633312,54.65608215332048],[20.11972236633312,54.656250000000114],[20.12030029296909,54.65631103515625],[20.12030029296909,54.656806945800895],[20.120832443237475,54.656806945800895],[20.120832443237475,54.657081604003906],[20.12091064453125,54.657085418701286],[20.121387481689453,54.65710449218773],[20.121387481689453,54.65763854980469],[20.121519088745572,54.65763854980469],[20.121944427490234,54.65763854980469],[20.121944427490234,54.65791702270508],[20.12249946594278,54.65791702270508],[20.122497558593807,54.65808105468773],[20.12249946594278,54.65819549560547],[20.122661590576115,54.65819549560547],[20.123056411743164,54.65819549560547],[20.12310981750494,54.658508300781364],[20.123609542847134,54.658508300781364],[20.123609542847134,54.6590270996096],[20.123718261718693,54.6590270996096],[20.124166488647518,54.6590270996096],[20.124162673950536,54.659320831299055],[20.1247234344483,54.65930557250999],[20.1247501373291,54.65947723388683],[20.12483787536638,54.659584045410384],[20.125278472900845,54.659584045410384],[20.12530517578125,54.659912109375],[20.125833511352653,54.659862518310774],[20.12584304809576,54.66011047363281],[20.125915527343807,54.660137176513786],[20.12638854980463,54.660137176513786],[20.126382827759244,54.66042327880871],[20.126943588256836,54.660415649414176],[20.126953124999943,54.660663604736555],[20.127075195312557,54.66070556640625],[20.127502441406364,54.66070556640625],[20.127502441406364,54.66131591796898],[20.128055572509766,54.66125106811529],[20.12806510925327,54.66149902343773],[20.12815666198736,54.66152954101568],[20.128610610962312,54.66152954101568],[20.128589630127294,54.661834716796875],[20.129167556762695,54.66180419921892],[20.129167556762695,54.66210937500006],[20.129699707031648,54.66210937500006],[20.129699707031648,54.662639617920036],[20.13027763366705,54.662639617920036],[20.130285263061978,54.66289520263683],[20.130361557007177,54.662918090820426],[20.130832672119254,54.662918090820426],[20.130832672119254,54.66305923461914],[20.130832672119254,54.66319274902344],[20.13105010986351,54.66319274902344],[20.131389617920377,54.66319274902344],[20.131389617920377,54.66347122192383],[20.131530761718693,54.66347122192383],[20.131944656372184,54.66347122192383],[20.131944656372184,54.66374969482422],[20.132080078125114,54.66374969482422],[20.13249969482456,54.66374969482422],[20.13250350952154,54.66406631469749],[20.133054733276367,54.66402816772461],[20.13311767578125,54.664306640625],[20.13361167907732,54.664306640625],[20.13361167907732,54.66445541381859],[20.13361167907732,54.66458511352539],[20.134166717529297,54.66463470458996],[20.134166717529297,54.665138244629134],[20.134277343750398,54.665138244629134],[20.134721755981673,54.665138244629134],[20.134721755981673,54.66553115844761],[20.134721755981673,54.665695190429915],[20.135265350342138,54.665695190429915],[20.135833740234432,54.665695190429915],[20.135833740234432,54.665866851806754],[20.135833740234432,54.665973663330305],[20.136028289795263,54.665973663330305],[20.136390686035384,54.665973663330305],[20.136390686035384,54.666252136230696],[20.136390686035384,54.66652679443371],[20.13690948486328,54.666584014892635],[20.136943817138786,54.6668052673341],[20.137203216552734,54.6668052673341],[20.137502670288143,54.6668052673341],[20.13751220703125,54.667114257812614],[20.138055801391545,54.66708374023483],[20.138055801391545,54.66736221313505],[20.13819694519043,54.66736221313505],[20.138612747192496,54.66736221313505],[20.138612747192496,54.66772460937534],[20.138612747192496,54.66791534423862],[20.13917732238781,54.66787719726574],[20.1391658782959,54.66819381713884],[20.139472961425838,54.66819381713884],[20.139724731445256,54.66819381713884],[20.139673233032624,54.668766021728686],[20.141387939453182,54.668750762939396],[20.141387939453182,54.66902923583996],[20.141944885253963,54.66902923583996],[20.141944885253963,54.669303894043196],[20.14208984375,54.669303894043196],[20.14249992370651,54.669303894043196],[20.14249992370651,54.66949462890648],[20.14249992370651,54.66958236694336],[20.143035888671875,54.669647216796875],[20.143056869506893,54.67013931274414],[20.143127441406534,54.67013931274414],[20.143611907959098,54.67013931274414],[20.143602371215763,54.670448303222884],[20.143676757812557,54.670452117920036],[20.144166946411076,54.67047119140648],[20.144166946411076,54.670970916748104],[20.144287109375114,54.670970916748104],[20.144721984863452,54.670970916748104],[20.14471435546909,54.67132568359369],[20.145278930664404,54.671249389648665],[20.145282745361385,54.67132949829124],[20.14532470703125,54.671875000000114],[20.14583396911621,54.671806335449446],[20.145872116089265,54.672119140625],[20.146387100219783,54.67208480834984],[20.146402359009244,54.672325134277344],[20.146484375000398,54.67235946655285],[20.146564483642578,54.67235946655285],[20.146944046020565,54.67235946655285],[20.146944046020565,54.67263793945324],[20.148056030273494,54.67263793945324],[20.148056030273494,54.67291641235363],[20.148609161376896,54.67291641235363]]],[[[20.34087944030773,54.684326171875],[20.340833663940487,54.68402862548851],[20.341388702393033,54.68402862548851],[20.341388702393033,54.68347167968756],[20.340833663940487,54.68347167968756],[20.340833663940487,54.683193206787394],[20.340272903442553,54.683193206787394],[20.340272903442553,54.68267822265648],[20.33807563781744,54.68267822265648],[20.338054656982422,54.6823616027832],[20.335874557495174,54.68231201171898],[20.33583259582531,54.68208312988304],[20.335325241089322,54.68212890625006],[20.3352775573735,54.68180465698265],[20.332508087158203,54.6817321777346],[20.332500457763842,54.68152618408226],[20.331945419311467,54.68152618408226],[20.33194351196289,54.68125152587885],[20.33148193359375,54.68125152587885],[20.331388473511083,54.68125152587885],[20.331388473511083,54.680973052978686],[20.330968856811637,54.680973052978686],[20.330833435058707,54.680973052978686],[20.330833435058707,54.680694580078466],[20.328611373901424,54.680694580078466],[20.328578948974666,54.680973052978686],[20.32805633544922,54.680973052978686],[20.32812309265131,54.6812744140625],[20.325834274291935,54.68125152587885],[20.325830459595124,54.68152999877924],[20.32416725158737,54.68152618408226],[20.32416725158737,54.68171310424816],[20.32416725158737,54.68180465698265],[20.32327842712408,54.68180465698265],[20.322498321533658,54.68180465698265],[20.322498321533658,54.681884765625],[20.322511672973576,54.682922363281364],[20.325834274291935,54.682922363281364],[20.325834274291935,54.682640075683594],[20.32694435119629,54.682640075683594],[20.32694435119629,54.682922363281364],[20.32708740234375,54.682922363281364],[20.332500457763842,54.682918548583984],[20.332500457763842,54.683105468750455],[20.332500457763842,54.683193206787394],[20.332782745361385,54.683193206787394],[20.333610534668196,54.683193206787394],[20.33367729187046,54.68347167968756],[20.33583259582531,54.68347167968756],[20.33583259582531,54.68375015258795],[20.336029052734546,54.68375015258795],[20.337499618530614,54.68375015258795],[20.337526321411588,54.684082031250114],[20.33861351013178,54.68402862548851],[20.33861351013178,54.68429183959984],[20.338682174682617,54.6843070983889],[20.34087944030773,54.684326171875]]],[[[20.25639152526867,54.68513870239269],[20.25639152526867,54.6848602294923],[20.257507324218977,54.68487548828119],[20.25750160217285,54.68458175659174],[20.259723663330135,54.68458175659174],[20.259704589843693,54.68487548828119],[20.26083374023449,54.68487548828119],[20.26083374023449,54.68458175659174],[20.261856079101562,54.68458175659174],[20.26193618774414,54.68455505371094],[20.261945724487248,54.6843070983889],[20.26416778564493,54.6843070983889],[20.26416778564493,54.68450927734409],[20.26416778564493,54.68458175659174],[20.264722824096737,54.68458175659174],[20.264722824096737,54.68449783325218],[20.264722824096737,54.6843070983889],[20.2669486999514,54.684349060058594],[20.26694488525385,54.68402862548851],[20.267499923706396,54.68402862548851],[20.267499923706396,54.684326171875],[20.274719238281705,54.684326171875],[20.274723052978516,54.68402862548851],[20.279167175292912,54.68402862548851],[20.279167175292912,54.6843070983889],[20.279296875000455,54.6843070983889],[20.280834197998047,54.6843070983889],[20.280883789062443,54.68450927734409],[20.280834197998047,54.68458175659174],[20.2819442749024,54.68458175659174],[20.2819442749024,54.68450927734409],[20.2819442749024,54.6843070983889],[20.28305625915533,54.6843070983889],[20.28305625915533,54.68450927734409],[20.28305625915533,54.68458175659174],[20.284166336059513,54.68458175659174],[20.284166336059513,54.68450927734409],[20.284166336059513,54.6843070983889],[20.28527832031284,54.684326171875],[20.28527832031284,54.68402862548851],[20.285831451416243,54.68402862548851],[20.285888671875,54.684326171875],[20.286388397217195,54.684326171875],[20.286388397217195,54.68402862548851],[20.28808784484869,54.684082031250114],[20.288055419921932,54.68375015258795],[20.293727874755973,54.68375015258795],[20.294164657592887,54.683723449706974],[20.294166564941463,54.68347167968756],[20.30194473266596,54.68347167968756],[20.301946640015103,54.68371963500999],[20.30240631103527,54.68375015258795],[20.304687500000114,54.68375015258795],[20.304687500000114,54.68347167968756],[20.305276870727596,54.68347167968756],[20.305276870727596,54.683193206787394],[20.304687500000114,54.683193206787394],[20.304687500000114,54.682918548583984],[20.30639076232916,54.68290710449247],[20.306388854980923,54.68347167968756],[20.306518554687898,54.68347167968756],[20.307495117187557,54.68347167968756],[20.307500839233512,54.683193206787394],[20.31361389160162,54.683193206787394],[20.31361389160162,54.68375015258795],[20.313905715942496,54.68375015258795],[20.31416702270502,54.68375015258795],[20.31416702270502,54.68347167968756],[20.314722061157227,54.68347167968756],[20.314722061157227,54.68375015258795],[20.315277099609375,54.68375015258795],[20.315309524536133,54.684082031250114],[20.315835952758732,54.684082031250114],[20.315835952758732,54.68347167968756],[20.31591606140131,54.68347167968756],[20.316389083862703,54.68347167968756],[20.316389083862703,54.683193206787394],[20.31694412231451,54.683193206787394],[20.31694412231451,54.68267822265648],[20.31416702270502,54.68267822265648],[20.31416702270502,54.6823616027832],[20.309759140014705,54.6823616027832],[20.3091716766358,54.68231964111334],[20.309165954589844,54.68208312988304],[20.30805587768549,54.68208312988304],[20.308105468750455,54.68231201171898],[20.307641983032568,54.6823616027832],[20.303611755371094,54.6823616027832],[20.30361366271967,54.68268203735346],[20.294166564941463,54.682640075683594],[20.294166564941463,54.682926177978516],[20.28305625915533,54.682918548583984],[20.28305625915533,54.683105468750455],[20.28305625915533,54.683193206787394],[20.282499313354947,54.683193206787394],[20.282499313354947,54.683105468750455],[20.282499313354947,54.682918548583984],[20.279722213745117,54.682918548583984],[20.279722213745117,54.683105468750455],[20.279722213745117,54.683193206787394],[20.2785263061524,54.683193206787394],[20.274723052978516,54.683193206787394],[20.274723052978516,54.68347167968756],[20.271484375000455,54.68347167968756],[20.27139091491705,54.68347167968756],[20.27139091491705,54.683193206787394],[20.270832061767692,54.683193206787394],[20.270832061767692,54.68347167968756],[20.270277023315487,54.68347167968756],[20.270277023315487,54.683193206787394],[20.26785278320358,54.683193206787394],[20.26694488525385,54.683193206787394],[20.26694488525385,54.683105468750455],[20.26694488525385,54.682918548583984],[20.265277862549283,54.682918548583984],[20.265277862549283,54.683109283447266],[20.265277862549283,54.683193206787394],[20.2643985748291,54.683193206787394],[20.261388778686864,54.683193206787394],[20.261388778686864,54.683479309082315],[20.25861358642578,54.68347167968756],[20.25860977172897,54.683723449706974],[20.258054733276424,54.68375015258795],[20.258054733276424,54.68347167968756],[20.25750160217285,54.68347167968756],[20.25750160217285,54.68375015258795],[20.256532669067724,54.68375015258795],[20.25639152526867,54.68375015258795],[20.25639152526867,54.68347167968756],[20.25583267211914,54.68347167968756],[20.255840301513672,54.68376159667969],[20.255277633666935,54.68375015258795],[20.255277633666935,54.684089660644645],[20.255277633666935,54.6843070983889],[20.25416755676315,54.6843070983889],[20.25416755676315,54.68402862548851],[20.253112792969148,54.684082031250114],[20.253055572509822,54.68375015258795],[20.251674652100007,54.68375015258795],[20.251527786254996,54.68375015258795],[20.251388549805085,54.68374252319359],[20.251388549805085,54.68347167968756],[20.25083351135254,54.68347167968756],[20.25083351135254,54.68375015258795],[20.249166488647404,54.68375015258795],[20.249166488647404,54.68347167968756],[20.24805641174322,54.68347167968756],[20.247993469238338,54.68375015258795],[20.24694442749029,54.68375015258795],[20.246887207031534,54.684082031250114],[20.244720458984773,54.68402862548851],[20.244720458984773,54.6843070983889],[20.245117187500057,54.68430328369135],[20.245277404785156,54.68430328369135],[20.245300292968977,54.68487548828119],[20.245830535889127,54.68487548828119],[20.245830535889127,54.68458175659174],[20.247499465942838,54.68458175659174],[20.247497558593693,54.68487548828119],[20.248611450195426,54.68487548828119],[20.248611450195426,54.68458175659174],[20.249990463256836,54.68458175659174],[20.25026321411127,54.68451690673828],[20.25027847290073,54.6843070983889],[20.251388549805085,54.6843070983889],[20.251388549805085,54.68450927734409],[20.251388549805085,54.68458175659174],[20.252033233642578,54.68458175659174],[20.25416755676315,54.68458175659174],[20.25416755676315,54.68487548828119],[20.254699707031705,54.68487548828119],[20.254722595214957,54.68458175659174],[20.255277633666935,54.68458175659174],[20.255310058593693,54.68487548828119],[20.25583267211914,54.6848602294923],[20.255846023559627,54.68510818481491],[20.25592041015642,54.68513870239269],[20.25639152526867,54.68513870239269]]],[[[20.187501907348633,54.686260223388786],[20.187498092651424,54.685974121093864],[20.19031524658203,54.685974121093864],[20.190828323364315,54.68592071533226],[20.19083404541027,54.68569564819347],[20.194166183471737,54.68569564819347],[20.194166183471737,54.685974121093864],[20.194274902343693,54.685974121093864],[20.20249938964878,54.685974121093864],[20.20249938964878,54.68569564819347],[20.2069416046146,54.68569564819347],[20.2069416046146,54.685974121093864],[20.20727539062534,54.685974121093864],[20.207500457763956,54.68596267700195],[20.207500457763956,54.68569564819347],[20.211946487426758,54.68573760986351],[20.211944580078182,54.68541717529308],[20.213611602783317,54.68541717529308],[20.213611602783317,54.68572998046898],[20.213684082031705,54.68572998046898],[20.215269088745117,54.68572998046898],[20.215280532837028,54.68541717529308],[20.21777343750017,54.68541717529308],[20.218612670898494,54.68541717529308],[20.218612670898494,54.68531417846691],[20.218612670898494,54.68513870239269],[20.22305679321289,54.68513870239269],[20.22305679321289,54.685302734375],[20.22305679321289,54.68541717529308],[20.226388931274755,54.68541717529308],[20.226388931274755,54.685302734375],[20.226388931274755,54.68513870239269],[20.227497100830135,54.68513870239269],[20.227500915527514,54.685302734375],[20.227500915527514,54.68541717529308],[20.22972106933622,54.68541717529308],[20.22972106933622,54.685302734375],[20.22972106933622,54.68513870239269],[20.23077392578125,54.68513870239269],[20.230831146240575,54.6848602294923],[20.23194503784174,54.6848602294923],[20.23194503784174,54.68513870239269],[20.234167098999023,54.68513870239269],[20.234167098999023,54.6848602294923],[20.23805618286127,54.6848602294923],[20.23805618286127,54.68513870239269],[20.238611221313647,54.68512344360363],[20.238611221313647,54.6848602294923],[20.24029541015625,54.68487548828119],[20.240278244018953,54.68458175659174],[20.240835189819336,54.68450927734409],[20.24083328247076,54.6843070983889],[20.239685058593693,54.684326171875],[20.239721298218,54.68402862548851],[20.236511230469148,54.68407440185558],[20.23638725280756,54.68407440185558],[20.236389160156705,54.68375015258795],[20.23031616210949,54.68375015258795],[20.22972106933622,54.68375015258795],[20.22972106933622,54.68347167968756],[20.218688964843693,54.68347167968756],[20.218612670898494,54.68347167968756],[20.218612670898494,54.683193206787394],[20.216388702392976,54.683193206787394],[20.216388702392976,54.68347167968756],[20.213684082031705,54.68347167968756],[20.213611602783317,54.68347167968756],[20.213611602783317,54.683193206787394],[20.212499618530728,54.683193206787394],[20.212524414062557,54.68347167968756],[20.2069416046146,54.68347167968756],[20.2069416046146,54.683715820312614],[20.204284667969148,54.68375015258795],[20.20420455932623,54.68369674682617],[20.204166412353516,54.68347167968756],[20.20367431640625,54.68347167968756],[20.203609466553132,54.683193206787394],[20.203125,54.683193206787394],[20.203056335449162,54.68267822265648],[20.20251464843767,54.68267822265648],[20.20249938964878,54.6823616027832],[20.20138740539545,54.6823616027832],[20.20138740539545,54.6827011108399],[20.20138740539545,54.68291473388717],[20.200540542602596,54.682918548583984],[20.19972229003912,54.682918548583984],[20.199680328369425,54.68313598632824],[20.199604034424226,54.683193206787394],[20.199167251586914,54.683193206787394],[20.199186325073185,54.68351364135765],[20.19861030578653,54.68347167968756],[20.19861030578653,54.68375015258795],[20.197500228882177,54.68375015258795],[20.197509765625114,54.684082031250114],[20.19638824462885,54.68402862548851],[20.196472167968977,54.684326171875],[20.19583320617687,54.6843070983889],[20.195802688599088,54.68458175659174],[20.195278167725064,54.68458175659174],[20.195312500000398,54.68487548828119],[20.194723129272518,54.6848602294923],[20.194721221924112,54.68513870239269],[20.1787109375,54.68513870239269],[20.178613662719783,54.68513870239269],[20.178613662719783,54.6848602294923],[20.177488327026367,54.68487548828119],[20.177501678466854,54.68458175659174],[20.17621612548828,54.68458175659174],[20.17584609985363,54.68451309204107],[20.175832748413143,54.6843070983889],[20.174684524536076,54.684326171875],[20.17472267150879,54.68402862548851],[20.17370605468784,54.68402862548851],[20.173616409302156,54.684005737304915],[20.1736106872562,54.68375015258795],[20.172500610351847,54.68375015258795],[20.172500610351847,54.68347167968756],[20.171876907348633,54.68347167968756],[20.171943664550895,54.683193206787394],[20.171083450317724,54.683193206787394],[20.17083358764654,54.683193206787394],[20.17083358764654,54.683105468750455],[20.17083358764654,54.682918548583984],[20.170278549194734,54.682918548583984],[20.170278549194734,54.683105468750455],[20.170278549194734,54.683193206787394],[20.169721603393782,54.683193206787394],[20.169721603393782,54.683105468750455],[20.169721603393782,54.682918548583984],[20.16916084289545,54.682926177978516],[20.169166564941406,54.682640075683594],[20.168701171875114,54.682640075683594],[20.16861152648943,54.682640075683594],[20.16861152648943,54.683193206787394],[20.168056488037053,54.683193206787394],[20.168090820312557,54.68267822265648],[20.167480468750227,54.68267822265648],[20.16749954223667,54.6823616027832],[20.166944503784293,54.6823616027832],[20.166944503784293,54.68180465698265],[20.16670989990274,54.68180465698265],[20.166389465332486,54.68180465698265],[20.166389465332486,54.68163299560541],[20.166389465332486,54.68152618408226],[20.165924072265625,54.68152618408226],[20.16584587097185,54.681495666503906],[20.16583061218296,54.68125152587885],[20.165281295776367,54.6812744140625],[20.16527748107916,54.680973052978686],[20.164720535278775,54.680973052978686],[20.164720535278775,54.680416107177734],[20.164516448975007,54.680416107177734],[20.164167404174805,54.680416107177734],[20.164167404174805,54.680221557617244],[20.164167404174805,54.680137634277344],[20.163797378540153,54.680137634277344],[20.163696289062557,54.680137634277344],[20.163623809814908,54.68010711669916],[20.163612365722656,54.67986297607467],[20.163085937500398,54.679870605468864],[20.163055419921875,54.67958450317394],[20.162498474121094,54.67958450317394],[20.162498474121094,54.67930603027355],[20.162185668945767,54.67930603027355],[20.16194534301752,54.67930603027355],[20.16194534301752,54.67909240722685],[20.16194534301752,54.67874908447277],[20.16154289245611,54.67874908447277],[20.1614036560062,54.678703308105526],[20.16138839721674,54.67847061157238],[20.160888671875114,54.678527832031705],[20.160833358764762,54.67819595336937],[20.160413742065487,54.67819595336937],[20.160278320312955,54.67819595336937],[20.160278320312955,54.67810058593773],[20.160278320312955,54.67791748046898],[20.159301757812557,54.67791748046898],[20.159166336059627,54.67791748046898],[20.159166336059627,54.67763900756859],[20.158691406250398,54.67767333984375],[20.15861129760765,54.67763900756859],[20.15861129760765,54.67712402343773],[20.158079147339265,54.67712402343773],[20.158056259155273,54.67680740356445],[20.15704154968256,54.67680740356445],[20.156951904296875,54.67678070068382],[20.156944274902344,54.67652893066406],[20.15637588501022,54.676559448242415],[20.156389236450536,54.67625045776367],[20.155883789062557,54.67625045776367],[20.155883789062557,54.67572021484369],[20.15527725219721,54.67569351196312],[20.155273437500227,54.675476074219205],[20.15527725219721,54.67514038085932],[20.15472221374523,54.67514038085932],[20.15472221374523,54.67486190795893],[20.154161453247468,54.67486572265648],[20.154167175293026,54.674583435058764],[20.153795242309798,54.674583435058764],[20.153610229492642,54.674583435058764],[20.153610229492642,54.674476623535384],[20.153610229492642,54.674304962158544],[20.153074264526367,54.67431640625006],[20.153055191040096,54.67402648925781],[20.15252685546909,54.67407226562523],[20.15250015258829,54.67375183105497],[20.150831222534578,54.67375183105497],[20.15083885192894,54.67388916015648],[20.150878906250398,54.67486190795893],[20.15138816833496,54.674926757812614],[20.15138816833496,54.67541503906273],[20.15160369873047,54.67541503906273],[20.151945114135742,54.67541503906273],[20.15193748474121,54.675754547119425],[20.153055191040096,54.67569351196312],[20.153074264526367,54.67590332031244],[20.153610229492642,54.67597198486328],[20.153610229492642,54.67606353759777],[20.153610229492642,54.67680740356445],[20.15368652343767,54.67680740356445],[20.154167175293026,54.67680740356445],[20.154199600219783,54.677085876464844],[20.154298782348974,54.677093505859375],[20.154724121093807,54.67712402343773],[20.154724121093807,54.67767333984375],[20.15527725219721,54.67763900756859],[20.155273437500227,54.67791748046898],[20.156389236450536,54.67791748046898],[20.156389236450536,54.678085327148665],[20.156389236450536,54.67819595336937],[20.156713485717773,54.67819595336937],[20.15749931335489,54.67819595336937],[20.157472610474088,54.678527832031705],[20.158056259155273,54.67847061157238],[20.158056259155273,54.67874908447277],[20.158143997192383,54.67874908447277],[20.15861129760765,54.67874908447277],[20.15861129760765,54.67902755737316],[20.158691406250398,54.67907714843756],[20.159166336059627,54.67907714843756],[20.159166336059627,54.680137634277344],[20.159301757812557,54.680137634277344],[20.159425735473576,54.680137634277344],[20.160278320312955,54.680137634277344],[20.160278320312955,54.68029785156244],[20.160278320312955,54.680416107177734],[20.16044807434082,54.680416107177734],[20.160833358764762,54.680416107177734],[20.160888671875114,54.68072509765625],[20.16138839721674,54.680694580078466],[20.16138839721674,54.680973052978686],[20.16149902343784,54.680973052978686],[20.16157531738287,54.680973052978686],[20.161943435668945,54.680973052978686],[20.16192626953125,54.6812744140625],[20.162498474121094,54.68125152587885],[20.162477493286076,54.68151855468773],[20.163055419921875,54.68152618408226],[20.163055419921875,54.68170166015648],[20.163055419921875,54.68180465698265],[20.163612365722656,54.681858062744425],[20.163612365722656,54.6823616027832],[20.163696289062557,54.6823616027832],[20.164720535278775,54.6823616027832],[20.16467475891119,54.68267822265648],[20.16527748107916,54.682640075683594],[20.165281295776367,54.682922363281364],[20.166389465332486,54.682918548583984],[20.166389465332486,54.683090209960994],[20.166389465332486,54.683193206787394],[20.166593551636083,54.683193206787394],[20.166944503784293,54.683193206787394],[20.166944503784293,54.68347167968756],[20.168090820312557,54.68347167968756],[20.16861152648943,54.68347167968756],[20.16861152648943,54.68375015258795],[20.168701171875114,54.68375015258795],[20.169166564941406,54.68375015258795],[20.169166564941406,54.68403625488287],[20.16931152343784,54.68403625488287],[20.170278549194734,54.68402862548851],[20.170286178589265,54.684326171875],[20.171388626099088,54.6843070983889],[20.171388626099088,54.68449020385765],[20.171388626099088,54.68458175659174],[20.171701431274414,54.68458175659174],[20.172500610351847,54.68458175659174],[20.172485351562955,54.68487548828119],[20.173095703125114,54.68487548828119],[20.173055648803654,54.68458175659174],[20.1736106872562,54.68458175659174],[20.1736106872562,54.68486404418968],[20.17370605468784,54.6848602294923],[20.174165725708008,54.6848602294923],[20.174165725708008,54.68502807617199],[20.174165725708008,54.68513870239269],[20.17449951171875,54.68513870239269],[20.17472267150879,54.68513870239269],[20.17472267150879,54.6848602294923],[20.175277709960938,54.6848602294923],[20.175291061401424,54.68511962890625],[20.176944732666072,54.68513870239269],[20.176944732666072,54.68532562255882],[20.176944732666072,54.68541717529308],[20.17720794677757,54.68541717529308],[20.178054809570426,54.68541717529308],[20.17810058593767,54.68572998046898],[20.18027687072754,54.68569564819347],[20.18027687072754,54.685974121093864],[20.180927276611555,54.685974121093864],[20.18416786193893,54.685974121093864],[20.18416786193893,54.68627929687523],[20.185302734375114,54.68627929687523],[20.185277938842717,54.685974121093864],[20.18694496154785,54.685974121093864],[20.18694496154785,54.68627929687523],[20.187316894531477,54.68627929687523],[20.187501907348633,54.686260223388786]]],[[[20.37138938903837,54.689582824707315],[20.37138938903837,54.689304351807095],[20.37183570861822,54.689304351807095],[20.371944427490178,54.689304351807095],[20.371944427490178,54.68847274780296],[20.37152099609375,54.68847274780296],[20.37138938903837,54.68847274780296],[20.37138938903837,54.68819427490257],[20.36933326721197,54.68819427490257],[20.368610382080305,54.68819427490257],[20.368610382080305,54.68810272216808],[20.368610382080305,54.68791580200218],[20.366516113281193,54.68791580200218],[20.366388320923193,54.68791580200218],[20.366388320923193,54.68763732910179],[20.364685058594148,54.687683105469205],[20.36471939086948,54.68736267089861],[20.363830566406364,54.68736267089861],[20.36370849609375,54.68736267089861],[20.3636093139653,54.68736267089861],[20.3636093139653,54.68708419799839],[20.362499237060945,54.68708419799839],[20.362499237060945,54.686805725097656],[20.3619441986084,54.686805725097656],[20.3619441986084,54.68670654296881],[20.3619441986084,54.686527252197266],[20.360900878906307,54.68652343750006],[20.360834121704045,54.686248779296875],[20.356506347656307,54.68627929687523],[20.356384277343864,54.686256408691406],[20.356388092041414,54.685974121093864],[20.35496330261236,54.685970306396484],[20.35473251342819,54.68592453002924],[20.35472488403326,54.68569564819347],[20.35308647155773,54.68572998046898],[20.35305595397955,54.68541717529308],[20.352243423462028,54.68541717529308],[20.351942062378043,54.68541717529308],[20.351942062378043,54.68530654907238],[20.351942062378043,54.68513870239269],[20.349025726318644,54.68513870239269],[20.348693847656307,54.68513870239269],[20.348611831665153,54.68513870239269],[20.348611831665153,54.6848602294923],[20.34747314453142,54.68487548828119],[20.347499847412394,54.68458175659174],[20.346944808960018,54.68458175659174],[20.346944808960018,54.6843070983889],[20.342527389526595,54.684326171875],[20.342527389526595,54.68487548828119],[20.34307861328159,54.68487548828119],[20.34307861328159,54.68548583984375],[20.344167709350927,54.68541717529308],[20.344165802001953,54.685703277588004],[20.344299316406307,54.685703277588004],[20.345832824707088,54.68569564819347],[20.34588432312046,54.68591308593773],[20.346944808960018,54.685974121093864],[20.346925735473576,54.68627929687523],[20.347499847412394,54.686248779296875],[20.34747314453142,54.68652343750006],[20.3480548858642,54.686527252197266],[20.3480548858642,54.68670654296881],[20.3480548858642,54.686805725097656],[20.348968505859318,54.686805725097656],[20.351390838623047,54.686805725097656],[20.351392745971623,54.68706893920893],[20.35154151916504,54.68708419799839],[20.352499008179166,54.68708419799839],[20.352502822875977,54.68736267089861],[20.35361289978033,54.68736267089861],[20.3536052703858,54.68765640258823],[20.353698730469034,54.687683105469205],[20.35472488403326,54.68763732910179],[20.354675292968864,54.68792724609369],[20.356388092041414,54.68791580200218],[20.356388092041414,54.68809890747093],[20.356388092041414,54.68819427490257],[20.356729507446687,54.68819427490257],[20.357500076294173,54.68819427490257],[20.35748481750528,54.688476562500114],[20.358610153198526,54.68847274780296],[20.358612060546932,54.688751220703125],[20.358703613281193,54.688751220703125],[20.359018325806062,54.688751220703125],[20.362499237060945,54.688751220703125],[20.36248970031744,54.68908691406284],[20.363056182861328,54.689029693603516],[20.363056182861328,54.689304351807095],[20.36583137512224,54.68927001953142],[20.36583137512224,54.689029693603516],[20.369167327881257,54.689029693603516],[20.369163513183707,54.689311981201286],[20.369722366333065,54.689304351807095],[20.369722366333065,54.689582824707315],[20.369873046875057,54.689582824707315],[20.37138938903837,54.689582824707315]]],[[[21.3887,55.2907],[21.5017,55.1921],[22.0387,55.0851],[22.0711,55.0263],[22.5793,55.0744],[22.8571,54.9015],[22.8879,54.7882],[22.7406,54.7243],[22.6876,54.5905],[22.7934,54.3682],[21.4715,54.3207],[19.7931,54.4362],[19.9897,54.576],[20.0903,54.5546],[20.4742,54.704],[20.0858,54.6504],[19.9808,54.726],[19.9636,54.6396],[19.8697,54.6479],[19.9625,54.7674],[19.9775,54.961],[20.4975,54.9676],[20.9506,55.2768],[20.9981,55.2646],[20.8614,55.151],[20.5008,54.951],[21.0914,54.8932],[21.2475,54.9515],[21.1797,55.2049],[21.2881,55.1871],[21.2765,55.2457],[21.3887,55.2907]]]]}},{"type":"Feature","properties":{"id":25,"name":"Kalmyk","neighbors":[6,17,63,70,84]},"geometry":{"type":"Polygon","coordinates":[[[44.6069,48.0755],[44.9176,48.0597],[44.9814,48.0832],[44.9691,48.1659],[45.0596,48.1672],[45.3311,48.1308],[45.58,47.9974],[45.7662,47.9999],[45.7528,47.8369],[46.3827,47.4116],[46.6586,47.6173],[46.813,47.5862],[46.5332,47.405],[46.8643,46.989],[47.2628,46.7224],[46.998,46.523],[46.9873,46.4154],[46.7931,46.4076],[46.6057,46.2831],[46.8611,46.2203],[46.9523,46.052],[47.2641,46.0542],[46.8941,45.5713],[47.5742,45.5899],[47.5011,45.4981],[47.5944,45.4401],[47.5129,45.1028],[47.378,45.2146],[47.3962,45.0205],[47.1158,44.7884],[47.0482,44.8469],[46.7495,44.7922],[46.3855,44.9511],[45.7095,44.9896],[45.459,45.187],[44.3761,45.5278],[44.0474,45.8767],[43.4937,45.979],[42.9452,46.2259],[42.813,46.0918],[42.5642,45.9941],[42.3284,45.9724],[42.3476,46.1179],[42.2476,46.1385],[42.1456,45.9354],[41.7227,46.0101],[41.7002,46.1905],[41.8822,46.169],[41.9835,46.2215],[41.9715,46.3131],[42.238,46.3604],[42.0985,46.5754],[42.7215,46.3448],[42.9901,46.3959],[43.4249,46.1538],[43.6448,46.1568],[43.7863,46.3957],[43.8619,46.2824],[43.9688,46.3215],[43.9168,46.4698],[43.96,46.5493],[43.8437,46.5782],[44.1091,46.8268],[44.2837,46.8957],[44.3732,47.4434],[44.2054,47.5387],[44.17,47.4364],[43.9973,47.3893],[43.9074,47.2815],[43.7313,47.4698],[43.7197,47.635],[44.0576,47.8046],[44.1048,47.9118],[44.4586,47.9031],[44.5475,48.0045],[44.3488,48.0718],[44.404,48.1896],[44.6356,48.176],[44.6069,48.0755]]]}},{"type":"Feature","properties":{"id":26,"name":"Kaluga","neighbors":[9,49,57,69,76]},"geometry":{"type":"Polygon","coordinates":[[[36.6373,55.2964],[36.6409,55.2268],[36.8696,55.1709],[36.9764,55.2196],[37.1339,55.1317],[37.0878,55.0916],[37.2305,54.9015],[37.2122,54.6789],[37.1112,54.534],[36.8958,54.5703],[36.9314,54.5235],[36.8438,54.4886],[36.9729,54.4212],[36.9801,54.2809],[36.6499,54.2957],[36.2081,54.1467],[36.0426,54.1615],[36.1556,54.1234],[36.048,54.0936],[36.2441,54.0798],[36.1448,54.0182],[36.1459,53.9303],[35.9261,53.8359],[35.9756,53.7958],[35.9272,53.759],[36.0728,53.6881],[35.8083,53.5241],[35.5994,53.5223],[35.5301,53.4191],[35.482,53.4275],[35.5302,53.4888],[35.463,53.4755],[35.2643,53.2903],[34.6257,53.3993],[34.5313,53.4421],[34.5095,53.683],[34.2299,53.8696],[33.9521,53.8518],[33.8362,53.972],[33.4835,54.0643],[33.6908,54.1893],[33.6539,54.229],[33.7493,54.3103],[33.6589,54.3497],[33.7021,54.4997],[34.0175,54.5583],[34.492,54.496],[34.5591,54.6124],[34.4607,54.691],[34.6755,54.6588],[34.9519,54.7498],[34.8891,54.8607],[35.1206,54.9978],[35.188,54.9617],[35.3774,55.2289],[35.5309,55.1923],[35.7765,55.2624],[36.2993,55.1417],[36.4269,55.2737],[36.6373,55.2964]]]}},{"type":"Feature","properties":{"id":41,"name":"Kurgan","neighbors":[12,71,79]},"geometry":{"type":"Polygon","coordinates":[[[64.6622,56.8649],[64.9678,56.7967],[64.996,56.5735],[65.1511,56.4263],[65.1447,56.3499],[65.6342,56.3168],[66.0001,56.0482],[66.2565,56.1126],[66.4782,55.982],[66.6786,56.0737],[66.757,55.9989],[67.2528,55.9725],[67.3938,55.7578],[67.77,55.7608],[67.8747,55.6937],[68.1578,55.7337],[68.2097,55.6196],[68.6505,55.374],[68.6567,55.2598],[68.6174,55.189],[68.1778,55.1871],[68.2879,55.0692],[68.2014,54.9579],[67.8675,54.977],[67.6376,54.8528],[67.314,54.8668],[66.0201,54.6181],[65.9524,54.631],[65.9457,54.7126],[65.7553,54.6035],[65.491,54.6503],[65.4818,54.5727],[65.2008,54.5246],[65.2225,54.3416],[64.9779,54.4196],[64.7551,54.358],[64.6421,54.3976],[63.4118,54.1935],[63.1088,54.369],[63.1199,54.4701],[63.2883,54.5321],[63.204,54.7185],[62.7142,54.6688],[62.5317,54.6818],[62.5677,54.724],[62.4839,54.7544],[62.1842,54.6836],[62.0436,54.7662],[62.0833,54.8185],[61.9611,55.0482],[62.1902,55.0218],[62.2526,55.1157],[62.0566,55.311],[62.2105,55.3473],[62.1615,55.4536],[62.3583,55.4403],[62.5764,55.5231],[62.4806,55.5721],[62.5581,55.6253],[62.5412,55.773],[62.321,55.8929],[62.3662,55.942],[62.2406,55.946],[62.0309,56.1793],[62.0419,56.3014],[62.5111,56.6018],[62.6496,56.5171],[62.9458,56.6478],[63.3358,56.5772],[63.496,56.6496],[63.7873,56.5252],[64.1605,56.5097],[64.2309,56.5443],[64.1979,56.6131],[64.3452,56.684],[64.3372,56.773],[64.6622,56.8649]]]}},{"type":"Feature","properties":{"id":42,"name":"Kursk","neighbors":[8,9,44,57,86]},"geometry":{"type":"Polygon","coordinates":[[[35.5153,52.434],[35.6324,52.2864],[36.342,52.3877],[36.4817,52.2485],[37.1918,52.0924],[37.4027,51.9547],[37.5331,52.0434],[37.6872,51.9859],[37.7309,52.0573],[38.0035,51.9126],[38.3404,51.959],[38.4888,51.8988],[38.5094,51.7633],[38.6457,51.7187],[38.2116,51.6534],[38.3665,51.4776],[38.3697,51.2793],[38.0341,51.4262],[37.4321,51.3784],[36.6101,51.086],[36.0386,51.1902],[35.9508,51.1277],[35.9881,51.0611],[35.8448,50.9766],[35.5352,50.947],[35.3851,51.0722],[35.205,51.053],[35.1108,51.2239],[34.8106,51.1766],[34.6557,51.248],[34.2707,51.2599],[34.3433,51.3639],[34.2236,51.4062],[34.3182,51.5288],[34.0914,51.6633],[34.4322,51.7387],[34.4186,51.8333],[34.3271,51.8719],[34.4139,51.938],[34.2823,51.981],[34.323,52.0451],[34.6487,52.0991],[34.644,52.2233],[34.8117,52.2301],[34.931,52.3695],[35.3365,52.4062],[35.4606,52.4799],[35.5153,52.434]]]}},{"type":"Feature","properties":{"id":43,"name":"Leningrad","neighbors":[16,29,54,62,85]},"geometry":{"type":"MultiPolygon","coordinates":[[[[28.141979217529297,59.34285354614303],[28.141948699951342,59.34283828735357],[28.14188575744663,59.34284591674833],[28.141839981079215,59.34284210205078],[28.141807556152457,59.342792510986555],[28.141752243042106,59.342781066894645],[28.14170265197788,59.342788696289176],[28.141689300537394,59.34283065795904],[28.14169883728033,59.342857360839844],[28.141672134399528,59.34289169311535],[28.141723632812727,59.34289550781273],[28.14179801940952,59.34289169311535],[28.141859054565828,59.342887878418196],[28.141935348510856,59.342876434326286],[28.141979217529297,59.34285354614303]]],[[[28.147098541259936,59.34408569335966],[28.147035598755224,59.34406280517601],[28.146976470947322,59.3440780639649],[28.14704895019571,59.34409713745117],[28.147098541259936,59.34408569335966]]],[[[28.16894149780279,59.346733093261946],[28.16902542114292,59.346729278564624],[28.16905784606928,59.346729278564624],[28.169094085693587,59.346725463867415],[28.169134140015046,59.346721649169865],[28.16916847229038,59.346717834472884],[28.169197082519588,59.346656799316406],[28.169206619262695,59.346626281738224],[28.1692161560062,59.34659576416027],[28.169214248657227,59.346561431884766],[28.169174194336335,59.34651947021507],[28.16914558410639,59.3464927673341],[28.169115066528434,59.346458435058594],[28.16906166076666,59.346450805664404],[28.16898155212408,59.346454620361385],[28.168935775757234,59.34642028808605],[28.1689014434819,59.346370697021484],[28.16885375976608,59.346359252929744],[28.168832778930664,59.34640121459961],[28.16880607605026,59.34643554687494],[28.16879463195818,59.346462249755916],[28.16884994506836,59.346546173096044],[28.168874740600927,59.34658050537121],[28.16890907287643,59.34661865234369],[28.168914794921818,59.34666824340866],[28.16890907287643,59.34670257568382],[28.16894149780279,59.346733093261946]]],[[[27.998725891113736,59.654888153076456],[27.99601936340332,59.65115737915039],[27.99317932128912,59.65195846557617],[27.990961074829386,59.654518127441406],[27.993888854980867,59.65472412109375],[27.998725891113736,59.654888153076456]]],[[[28.017484664916992,59.661052703857365],[28.01625061035162,59.65833282470703],[28.01490783691412,59.660972595215185],[28.017484664916992,59.661052703857365]]],[[[28.083354949951286,59.81011581420921],[28.083797454833984,59.80759048461914],[28.081943511962947,59.80819320678734],[28.079677581787166,59.80958938598644],[28.083354949951286,59.81011581420921]]],[[[28.089443206787223,59.8154182434082],[28.089027404785156,59.81354141235374],[28.08650016784668,59.81564331054682],[28.089443206787223,59.8154182434082]]],[[[26.91916656494186,59.819305419921875],[26.91916656494186,59.819026947021484],[26.91972160339367,59.819026947021484],[26.91972160339367,59.818748474121094],[26.92027854919445,59.818748474121094],[26.92027854919445,59.81847381591808],[26.920833587646428,59.81847381591808],[26.920833587646428,59.81680679321295],[26.92194366455078,59.81680679321295],[26.92194366455078,59.816249847412394],[26.922500610351562,59.816249847412394],[26.922500610351562,59.81597137451217],[26.923610687255916,59.81597137451217],[26.923610687255916,59.8154182434082],[26.92305564880411,59.8154182434082],[26.92305564880411,59.81513977050804],[26.923610687255916,59.81513977050804],[26.923610687255916,59.81486129760765],[26.92305564880411,59.81486129760765],[26.92305564880411,59.81458282470726],[26.922500610351562,59.81458282470726],[26.922500610351562,59.81430435180687],[26.92194366455078,59.81430435180687],[26.92194366455078,59.81402587890648],[26.921388626098803,59.81402587890648],[26.921388626098803,59.813751220703466],[26.920833587646428,59.813751220703466],[26.920833587646428,59.813194274902344],[26.92027854919445,59.813194274902344],[26.92027854919445,59.81124877929682],[26.920833587646428,59.81124877929682],[26.920833587646428,59.81069564819359],[26.921388626098803,59.81069564819359],[26.921388626098803,59.810138702392635],[26.92194366455078,59.810138702392635],[26.92194366455078,59.80986022949247],[26.922500610351562,59.80986022949247],[26.922500610351562,59.80930709838867],[26.92305564880411,59.80930709838867],[26.92305564880411,59.80902862548828],[26.923610687255916,59.80902862548828],[26.923610687255916,59.80847167968773],[26.924165725708463,59.80847167968773],[26.924167633056868,59.80819320678734],[26.924722671508846,59.80819320678734],[26.924722671508846,59.80791854858393],[26.92527770996122,59.80791854858393],[26.92527770996122,59.807361602783544],[26.9258327484132,59.807361602783544],[26.9258327484132,59.80708312988281],[26.92638969421398,59.80708312988281],[26.92638969421398,59.80652618408203],[26.92694473266596,59.80652618408203],[26.92694473266596,59.80625152587902],[26.928054809570312,59.80625152587902],[26.928054809570312,59.80597305297863],[26.92916679382364,59.80597305297863],[26.92916679382364,59.80569458007824],[26.930276870727994,59.80569458007824],[26.93027877807623,59.80541610717785],[26.93083572387735,59.80541610717785],[26.93083572387735,59.80513763427746],[26.931388854980582,59.80513763427746],[26.931388854980582,59.804862976074446],[26.932500839233512,59.804862976074446],[26.932500839233512,59.804584503174055],[26.933610916137695,59.804584503174055],[26.933610916137695,59.804306030273665],[26.934167861938647,59.804306030273665],[26.934167861938647,59.804027557373104],[26.935277938843,59.804027557373104],[26.935277938843,59.80374908447271],[26.93638992309576,59.80374908447271],[26.93638992309576,59.80319595336914],[26.936944961548306,59.80319595336914],[26.936944961548306,59.80291748046875],[26.93749809265171,59.80291748046875],[26.93749809265171,59.802360534668196],[26.93805503845209,59.802360534668196],[26.93805503845209,59.802082061767805],[26.938610076904297,59.802082061767805],[26.938610076904297,59.801807403564396],[26.94083213806158,59.801807403564396],[26.94083213806158,59.801528930664006],[26.94138908386236,59.801528930664006],[26.94138908386236,59.80125045776384],[26.942499160766715,59.80125045776384],[26.942499160766715,59.80097198486362],[26.943056106567838,59.80097198486362],[26.943056106567838,59.80069351196289],[26.944164276123047,59.80069351196289],[26.944164276123047,59.8004150390625],[26.94527816772478,59.8004150390625],[26.94527816772478,59.80014038085983],[26.945833206176758,59.80014038085983],[26.945833206176758,59.7998619079591],[26.946945190430085,59.7998619079591],[26.946945190430085,59.79958343505871],[26.947500228881893,59.79958343505871],[26.947500228881893,59.79930496215832],[26.948610305786246,59.79930496215832],[26.948610305786246,59.799026489257926],[26.9491672515872,59.799026489257926],[26.9491672515872,59.798751831054915],[26.950277328491552,59.798751831054915],[26.950277328491552,59.798473358154524],[26.950834274291935,59.798473358154524],[26.950834274291935,59.798194885254134],[26.95138931274414,59.798194885254134],[26.95138931274414,59.79791641235374],[26.95416641235397,59.79791641235374],[26.95416641235397,59.79763793945318],[26.954721450805778,59.79763793945318],[26.954721450805778,59.79680633544922],[26.953056335449617,59.79680633544922],[26.953056335449617,59.79708480834961],[26.95138931274414,59.79708480834961],[26.95138931274414,59.79735946655279],[26.949722290039176,59.79735946655279],[26.949722290039176,59.79763793945318],[26.948610305786246,59.79763793945318],[26.948610305786246,59.79791641235374],[26.94805526733444,59.79791641235374],[26.94805526733444,59.798194885254134],[26.946388244629134,59.798194885254134],[26.946388244629134,59.798473358154524],[26.94527816772478,59.798473358154524],[26.94527816772478,59.798751831054915],[26.93972015380865,59.798751831054915],[26.93972015380865,59.799026489257926],[26.93916702270542,59.799026489257926],[26.93916702270542,59.79930496215832],[26.938610076904297,59.79930496215832],[26.938610076904297,59.79958343505871],[26.93805503845209,59.79958343505871],[26.93805503845209,59.7998619079591],[26.93749809265171,59.7998619079591],[26.93749809265171,59.80014038085983],[26.934722900390625,59.80014038085983],[26.934722900390625,59.8004150390625],[26.934167861938647,59.8004150390625],[26.934167861938647,59.80069351196289],[26.933610916137695,59.80069351196289],[26.933610916137695,59.80097198486362],[26.933057785034293,59.80097198486362],[26.933057785034293,59.801528930664006],[26.932500839233512,59.801528930664006],[26.932500839233512,59.801807403564396],[26.931945800781705,59.801807403564396],[26.931945800781705,59.802082061767805],[26.931388854980582,59.802082061767805],[26.931388854980582,59.802360534668196],[26.93083572387735,59.802360534668196],[26.93083572387735,59.80263900756836],[26.930276870727994,59.80263900756836],[26.930276870727994,59.80291748046875],[26.92916679382364,59.80291748046875],[26.92916679382364,59.80319595336914],[26.92861366271967,59.80319595336914],[26.92861366271967,59.80347061157255],[26.928054809570312,59.80347061157255],[26.928054809570312,59.80374908447271],[26.927499771118164,59.80374908447271],[26.927499771118164,59.804306030273665],[26.92694473266596,59.804306030273665],[26.92694473266596,59.804584503174055],[26.9258327484132,59.804584503174055],[26.9258327484132,59.804862976074446],[26.92527770996122,59.804862976074446],[26.92527770996122,59.80541610717785],[26.924722671508846,59.80541610717785],[26.924722671508846,59.80569458007824],[26.924165725708463,59.80569458007824],[26.924165725708463,59.80597305297863],[26.923610687255916,59.80597305297863],[26.923610687255916,59.80625152587902],[26.920833587646428,59.80625152587902],[26.920833587646428,59.80597305297863],[26.91916656494186,59.80597305297863],[26.91916656494186,59.80569458007824],[26.91638946533203,59.80569458007824],[26.91638946533203,59.80597305297863],[26.915834426879826,59.80597305297863],[26.915834426879826,59.80625152587902],[26.91638946533203,59.80625152587902],[26.91638946533203,59.80652618408203],[26.915834426879826,59.80652618408203],[26.915834426879826,59.80680465698242],[26.911945343017976,59.80680465698242],[26.911945343017976,59.80625152587902],[26.911388397217024,59.80625152587902],[26.911388397217024,59.80541610717785],[26.90916633605991,59.80541610717785],[26.90916633605991,59.80569458007824],[26.908056259155728,59.80569458007824],[26.908056259155728,59.80597305297863],[26.907499313354606,59.80597305297863],[26.907499313354606,59.80625152587902],[26.905277252197664,59.80625152587902],[26.905277252197664,59.80597305297863],[26.90416717529331,59.80597305297863],[26.90416717529331,59.80569458007824],[26.903610229492188,59.80569458007824],[26.903610229492188,59.80541610717785],[26.903053283691406,59.80541610717785],[26.903053283691406,59.80513763427746],[26.900831222534293,59.80513763427746],[26.900831222534293,59.80569458007824],[26.89972114562994,59.80569458007824],[26.89972114562994,59.80625152587902],[26.899166107178132,59.80625152587902],[26.899166107178132,59.80652618408203],[26.89860916137718,59.80652618408203],[26.89860916137718,59.80819320678734],[26.89805603027378,59.80819320678734],[26.89805603027378,59.80875015258812],[26.897499084472827,59.80875015258812],[26.897499084472827,59.80930709838867],[26.89805603027378,59.80930709838867],[26.89805603027378,59.810138702392635],[26.897499084472827,59.810138702392635],[26.897499084472827,59.810417175293026],[26.89694404602045,59.810417175293026],[26.89694404602045,59.81152725219738],[26.896387100220068,59.81152725219738],[26.896387100220068,59.81236267089855],[26.895833969116268,59.81236267089855],[26.895833969116268,59.81291580200195],[26.896387100220068,59.81291580200195],[26.896387100220068,59.8154182434082],[26.895833969116268,59.8154182434082],[26.895833969116268,59.817081451416186],[26.89860916137718,59.817081451416186],[26.89860916137718,59.81680679321295],[26.89972114562994,59.81680679321295],[26.89972114562994,59.81569290161144],[26.90027809143089,59.81569290161144],[26.90027809143089,59.81486129760765],[26.901388168335245,59.81486129760765],[26.901388168335245,59.81458282470726],[26.903610229492188,59.81458282470726],[26.903610229492188,59.81430435180687],[26.905277252197664,59.81430435180687],[26.905277252197664,59.814029693603686],[26.9069442749024,59.814029693603686],[26.9069442749024,59.81430435180687],[26.908611297607536,59.81430435180687],[26.908611297607536,59.81458282470726],[26.91027832031267,59.81458282470726],[26.91027832031267,59.81486129760765],[26.911943435669002,59.81486129760765],[26.911945343017976,59.8154182434082],[26.912500381469783,59.8154182434082],[26.912500381469783,59.816249847412394],[26.91305541992233,59.816249847412394],[26.91305541992233,59.81652832031256],[26.91416740417509,59.81652832031256],[26.91416740417509,59.816249847412394],[26.91472053527832,59.816249847412394],[26.91472053527832,59.81597137451217],[26.915834426879826,59.81597137451217],[26.915834426879826,59.81569290161144],[26.91638946533203,59.81569290161144],[26.91638946533203,59.81597137451217],[26.916942596435604,59.81597137451217],[26.916942596435604,59.81680679321295],[26.91638946533203,59.81680679321295],[26.91638946533203,59.81735992431635],[26.915834426879826,59.81735992431635],[26.915834426879826,59.81847381591808],[26.91638946533203,59.81847381591808],[26.91638946533203,59.818748474121094],[26.916942596435604,59.818748474121094],[26.916942596435604,59.819026947021484],[26.917499542236385,59.819026947021484],[26.917499542236385,59.819305419921875],[26.91916656494186,59.819305419921875]]],[[[27.195831298828125,59.86652755737305],[27.195831298828125,59.866249084472656],[27.196388244628906,59.866249084472656],[27.196388244628906,59.86597061157249],[27.196943283081055,59.86597061157249],[27.196943283081055,59.865695953369254],[27.19861030578619,59.865695953369254],[27.19861030578619,59.86541748046869],[27.201389312744254,59.86541748046869],[27.201389312744254,59.8651390075683],[27.20194435119663,59.8651390075683],[27.20194435119663,59.86486053466814],[27.20305633544939,59.86486053466814],[27.20305633544939,59.86458206176792],[27.203611373901367,59.86458206176792],[27.203611373901367,59.86430740356451],[27.204166412353743,59.86430740356451],[27.204166412353743,59.86402893066435],[27.205278396606502,59.86402893066435],[27.205278396606502,59.86375045776413],[27.20583343505905,59.86375045776413],[27.20583343505905,59.863471984863395],[27.206943511962834,59.863471984863395],[27.206945419311808,59.863193511963004],[27.20861053466797,59.863193511963004],[27.20861053466797,59.8626403808596],[27.20916748046875,59.8626403808596],[27.20916748046875,59.86208343505882],[27.21305656433117,59.86208343505882],[27.21305656433117,59.86180496215843],[27.213611602783146,59.86180496215843],[27.213611602783146,59.86152648925804],[27.214166641235522,59.86152648925804],[27.214166641235522,59.86125183105469],[27.2147216796875,59.86125183105469],[27.2147216796875,59.860694885253906],[27.21527862548828,59.860694885253906],[27.21527862548828,59.860416412353516],[27.215833663940828,59.860416412353516],[27.215833663940828,59.859859466552734],[27.21527862548828,59.859859466552734],[27.21527862548828,59.85930633544933],[27.215833663940828,59.85930633544933],[27.215833663940828,59.85902786254877],[27.216388702392635,59.85902786254877],[27.216388702392635,59.85874938964838],[27.21694374084518,59.85874938964838],[27.21694374084518,59.85819625854498],[27.217500686645565,59.85819625854498],[27.217500686645565,59.85791778564459],[27.21805572509794,59.85791778564459],[27.21805572509794,59.857639312744425],[27.21861076354992,59.857639312744425],[27.21861076354992,59.857360839844205],[27.219165802002294,59.857360839844205],[27.219165802002294,59.85680389404308],[27.219722747802678,59.85680389404308],[27.219722747802678,59.85652923584007],[27.220277786254883,59.85652923584007],[27.220277786254883,59.85625076293968],[27.22083282470703,59.85625076293968],[27.22083282470703,59.85597229003929],[27.221389770507812,59.85597229003929],[27.221389770507812,59.8556938171389],[27.22194480896036,59.8556938171389],[27.22194480896036,59.85541534423851],[27.222499847412166,59.85541534423851],[27.222499847412166,59.8551406860355],[27.223054885864713,59.8551406860355],[27.223054885864713,59.854862213134766],[27.22361373901407,59.854862213134766],[27.22361373901407,59.854583740234375],[27.2241668701173,59.854583740234375],[27.2241668701173,59.854305267333984],[27.224723815918423,59.854305267333984],[27.224723815918423,59.854026794433594],[27.225276947021655,59.854026794433594],[27.225276947021655,59.85347366333019],[27.225835800171012,59.85347366333019],[27.225835800171012,59.8531951904298],[27.226388931274414,59.8531951904298],[27.226388931274414,59.85291671752941],[27.226945877075366,59.85291671752941],[27.226945877075366,59.85263824462885],[27.227500915527344,59.85263824462885],[27.227500915527344,59.85208511352562],[27.228057861328125,59.85208511352562],[27.228057861328125,59.85180664062506],[27.228610992431697,59.85180664062506],[27.228610992431697,59.851528167724666],[27.228057861328125,59.851528167724666],[27.228057861328125,59.84986114501976],[27.228610992431697,59.84986114501976],[27.228610992431697,59.848751068115575],[27.22916793823248,59.848751068115575],[27.22916793823248,59.84624862670893],[27.228610992431697,59.84624862670893],[27.228610992431697,59.845695495605696],[27.228057861328125,59.845695495605696],[27.228057861328125,59.845417022705135],[27.226945877075366,59.845417022705135],[27.226945877075366,59.845138549804744],[27.226388931274414,59.845138549804744],[27.226388931274414,59.84486007690458],[27.225276947021655,59.84486007690458],[27.225276947021655,59.84458160400436],[27.2241668701173,59.84458160400436],[27.2241668701173,59.84430694580078],[27.219165802002294,59.84430694580078],[27.219165802002294,59.84402847290039],[27.21861076354992,59.84402847290039],[27.21861076354992,59.84375000000023],[27.21805572509794,59.84375000000023],[27.21805572509794,59.84347152709984],[27.217500686645565,59.84347152709984],[27.217500686645565,59.843193054199446],[27.21694374084518,59.843193054199446],[27.21694374084518,59.84291839599604],[27.21527862548828,59.84291839599604],[27.21527862548828,59.842639923095874],[27.2147216796875,59.842639923095874],[27.2147216796875,59.842361450195654],[27.214166641235522,59.842361450195654],[27.214166641235522,59.84208297729492],[27.213611602783146,59.84208297729492],[27.213611602783146,59.84180450439453],[27.212499618530387,59.84180450439453],[27.212499618530387,59.84152603149414],[27.211946487426815,59.84152603149414],[27.211946487426815,59.84125137329113],[27.211389541626033,59.84125137329113],[27.211389541626033,59.84097290039074],[27.210832595825252,59.84097290039074],[27.210832595825252,59.84069442749035],[27.210277557373104,59.84069442749035],[27.210277557373104,59.84041595458996],[27.209724426269872,59.84041595458996],[27.209724426269872,59.839862823486555],[27.20916748046875,59.839862823486555],[27.20916748046875,59.839584350586165],[27.20861053466797,59.839584350586165],[27.20861053466797,59.839305877685774],[27.20805549621616,59.839305877685774],[27.20805549621616,59.83902740478521],[27.206945419311808,59.83902740478521],[27.206943511962834,59.83874893188482],[27.206388473510856,59.83874893188482],[27.206388473510856,59.83847045898466],[27.20583343505905,59.83847045898466],[27.20583343505905,59.83819580078125],[27.20472145080572,59.83819580078125],[27.20472145080572,59.83791732788086],[27.204166412353743,59.83791732788086],[27.204166412353743,59.83763885498047],[27.203611373901367,59.83763885498047],[27.203611373901367,59.837360382080305],[27.20305633544939,59.837360382080305],[27.20305633544939,59.837081909179915],[27.202499389648438,59.837081909179915],[27.202499389648438,59.836807250976506],[27.20194435119663,59.836807250976506],[27.20194435119663,59.836528778076115],[27.200834274292447,59.836528778076115],[27.200834274292447,59.83625030517595],[27.20027542114292,59.83625030517595],[27.20027542114292,59.83597183227573],[27.19972229003912,59.83597183227573],[27.19972229003912,59.835693359375],[27.19916725158697,59.835693359375],[27.19916725158697,59.83541488647461],[27.19805335998541,59.83541488647461],[27.19805335998541,59.83514022827194],[27.197500228881836,59.83514022827194],[27.197500228881836,59.83486175537121],[27.19305610656761,59.83486175537121],[27.19305610656761,59.83458328247082],[27.191389083862305,59.83458328247082],[27.191389083862305,59.83486175537121],[27.190834045410497,59.83486175537121],[27.190834045410497,59.83541488647461],[27.189168930053768,59.83541488647461],[27.189168930053768,59.835693359375],[27.188056945800838,59.835693359375],[27.188056945800838,59.83597183227573],[27.185834884643896,59.83597183227573],[27.185834884643896,59.83625030517595],[27.185277938842773,59.83625030517595],[27.185277938842773,59.837360382080305],[27.184724807739542,59.837360382080305],[27.184724807739542,59.83763885498047],[27.18416404724121,59.83763885498047],[27.18416404724121,59.83791732788086],[27.18361091613781,59.83791732788086],[27.18361091613781,59.83819580078125],[27.18250274658243,59.83819580078125],[27.18250274658243,59.83847045898466],[27.181943893433072,59.83847045898466],[27.181943893433072,59.83874893188482],[27.181388854980526,59.83874893188482],[27.181388854980526,59.839305877685774],[27.180833816528718,59.839305877685774],[27.180833816528718,59.839584350586165],[27.180276870727766,59.839584350586165],[27.180276870727766,59.839862823486555],[27.17972183227539,59.839862823486555],[27.17972183227539,59.84013748168957],[27.179166793823413,59.84013748168957],[27.179166793823413,59.84069442749035],[27.178611755371037,59.84069442749035],[27.178611755371037,59.84125137329113],[27.178054809570654,59.84125137329113],[27.178054809570654,59.84180450439453],[27.177499771118278,59.84180450439453],[27.177499771118278,59.842361450195654],[27.17694473266647,59.842361450195654],[27.17694473266647,59.84291839599604],[27.176389694213924,59.84291839599604],[27.176389694213924,59.84347152709984],[27.175832748413143,59.84347152709984],[27.175832748413143,59.84375000000023],[27.175277709960994,59.84375000000023],[27.175277709960994,59.84402847290039],[27.17472267150879,59.84402847290039],[27.17472267150879,59.84430694580078],[27.17416763305664,59.84430694580078],[27.17416763305664,59.84597396850609],[27.17361068725586,59.84597396850609],[27.17361068725586,59.84791564941406],[27.17416763305664,59.84791564941406],[27.17416763305664,59.848472595214844],[27.17472267150879,59.848472595214844],[27.17472267150879,59.85013961792015],[27.175277709960994,59.85013961792015],[27.175277709960994,59.85041809082031],[27.17472267150879,59.85041809082031],[27.17472267150879,59.8512496948245],[27.17416763305664,59.8512496948245],[27.17416763305664,59.851528167724666],[27.17472267150879,59.851528167724666],[27.17472267150879,59.85235977172846],[27.175277709960994,59.85235977172846],[27.175277709960994,59.85347366333019],[27.175832748413143,59.85347366333019],[27.175832748413143,59.85597229003929],[27.176389694213924,59.85597229003929],[27.176389694213924,59.85819625854498],[27.17694473266647,59.85819625854498],[27.17694473266647,59.85930633544933],[27.176389694213924,59.85930633544933],[27.176389694213924,59.859859466552734],[27.175832748413143,59.859859466552734],[27.175832748413143,59.860694885253906],[27.176389694213924,59.860694885253906],[27.176389694213924,59.8609733581543],[27.179166793823413,59.8609733581543],[27.179166793823413,59.86125183105469],[27.180276870727766,59.86125183105469],[27.180276870727766,59.86152648925804],[27.180833816528718,59.86152648925804],[27.180833816528718,59.86180496215843],[27.181388854980526,59.86180496215843],[27.181388854980526,59.86208343505882],[27.181943893433072,59.86208343505882],[27.181943893433072,59.8626403808596],[27.18250274658243,59.8626403808596],[27.18250274658243,59.862915039062614],[27.18305587768583,59.862915039062614],[27.18305587768583,59.863193511963004],[27.185277938842773,59.863193511963004],[27.185277938842773,59.863471984863395],[27.185834884643896,59.863471984863395],[27.185834884643896,59.86402893066435],[27.186386108398892,59.86402893066435],[27.186386108398892,59.86430740356451],[27.186946868896484,59.86430740356451],[27.186946868896484,59.86458206176792],[27.1875,59.86458206176792],[27.1875,59.8651390075683],[27.188056945800838,59.8651390075683],[27.188056945800838,59.86541748046869],[27.189168930053768,59.86541748046869],[27.189168930053768,59.865695953369254],[27.18972206115717,59.865695953369254],[27.18972206115717,59.86597061157249],[27.191389083862305,59.86597061157249],[27.191389083862305,59.865695953369254],[27.193609237671012,59.865695953369254],[27.193609237671012,59.86597061157249],[27.194166183471964,59.86597061157249],[27.194166183471964,59.866249084472656],[27.194721221923942,59.866249084472656],[27.194721221923942,59.86652755737305],[27.195831298828125,59.86652755737305]]],[[[26.888055801392,59.93291854858421],[26.888055801392,59.93264007568382],[26.888612747192383,59.93264007568382],[26.888612747192383,59.93236160278343],[26.889165878296353,59.93236160278343],[26.889165878296353,59.930416107177734],[26.888612747192383,59.930416107177734],[26.888612747192383,59.930137634277344],[26.888055801392,59.930137634277344],[26.888055801392,59.92986297607433],[26.88750267028803,59.92986297607433],[26.88750267028803,59.92930603027355],[26.886943817138672,59.92930603027355],[26.886943817138672,59.92902755737299],[26.886388778686694,59.92902755737299],[26.886388778686694,59.9287490844726],[26.885833740234318,59.9287490844726],[26.885833740234318,59.928470611572436],[26.88416671752975,59.928470611572436],[26.88416671752975,59.9287490844726],[26.883611679077205,59.9287490844726],[26.883611679077205,59.92930603027355],[26.88416671752975,59.92930603027355],[26.88416671752975,59.92958450317394],[26.88472175598156,59.92958450317394],[26.88472175598156,59.930973052978516],[26.885276794433935,59.930973052978516],[26.88527870178234,59.93152618408226],[26.885833740234318,59.93152618408226],[26.885833740234318,59.93180465698265],[26.886388778686694,59.93180465698265],[26.886388778686694,59.93236160278343],[26.886943817138672,59.93236160278343],[26.886943817138672,59.93264007568382],[26.88750267028803,59.93264007568382],[26.88750267028803,59.93291854858421],[26.888055801392,59.93291854858421]]],[[[26.863611221313477,59.94625091552746],[26.863611221313477,59.94597244262707],[26.864166259766023,59.94597244262707],[26.864166259766023,59.944862365722884],[26.86472129821783,59.944862365722884],[26.86472129821783,59.94402694702154],[26.864166259766023,59.94402694702154],[26.864166259766023,59.94374847412115],[26.860832214355582,59.94374847412115],[26.860832214355582,59.94402694702154],[26.860277175903775,59.94402694702154],[26.860277175903775,59.9443054199221],[26.85916709899942,59.9443054199221],[26.85916709899942,59.94458389282249],[26.8586101531983,59.94458389282249],[26.8586101531983,59.945137023925895],[26.85916709899942,59.945137023925895],[26.85916709899942,59.945415496826286],[26.859720230102653,59.945415496826286],[26.859720230102653,59.945693969726676],[26.860277175903775,59.945693969726676],[26.860277175903775,59.94597244262707],[26.861389160156364,59.94597244262707],[26.861389160156364,59.94625091552746],[26.863611221313477,59.94625091552746]]],[[[26.680276870727482,59.96986007690447],[26.680278778076456,59.96958160400425],[26.680833816528434,59.96958160400425],[26.680833816528434,59.96763992309593],[26.67861175537115,59.96763992309593],[26.67861175537115,59.96791839599632],[26.678056716919343,59.96791839599632],[26.678056716919343,59.96819305419933],[26.67749977111839,59.96819305419933],[26.67749977111839,59.96930694580084],[26.678056716919343,59.96930694580084],[26.678056716919343,59.96958160400425],[26.67861175537115,59.96958160400425],[26.67861175537115,59.96986007690447],[26.680276870727482,59.96986007690447]]],[[[27.831832885742642,59.96808242797897],[27.828214645385685,59.96763992309593],[27.829008102416992,59.97057342529297],[27.832130432128906,59.97134017944347],[27.831832885742642,59.96808242797897]]],[[[27.90288543701172,59.98962020874029],[27.90002822876005,59.98519515991234],[27.896385192871094,59.98501968383812],[27.893859863281364,59.988941192627294],[27.892776489257812,59.98430633544922],[27.891387939453068,59.98138809204124],[27.889583587646428,59.984096527099894],[27.89011192321783,59.98808288574253],[27.888610839844148,59.990833282470646],[27.886547088623388,59.992717742920036],[27.884229660034634,59.99498367309582],[27.883735656738395,59.99913787841814],[27.891485214233853,60.00000000000023],[27.887784957885742,60.01132202148449],[27.89488410949741,60.01591873168968],[27.905185699463004,60.00922012329124],[27.905803680420263,60.00260925292969],[27.89920043945324,60.00066757202171],[27.90288543701172,59.98962020874029]]],[[[27.8403,59.986],[27.7933,59.9957],[27.835,60.0376],[27.8403,59.986]]],[[[28.058784484863338,60.02381896972679],[28.060972213745117,60.02144622802729],[28.02078437805193,60.026821136474894],[28.0074729919437,60.027000427246094],[28.00278472900385,60.0317192077639],[28.0053138732913,60.04094314575241],[28.008583068848054,60.042640686035156],[28.015415191650845,60.039916992187614],[28.02168464660656,60.0326194763187],[28.028484344482422,60.02991867065441],[28.058784484863338,60.02381896972679]]],[[[28.407442092895508,60.01591491699213],[28.393985748291072,60.00952148437523],[28.386985778808594,60.01182174682634],[28.371084213256836,60.024120330810774],[28.37555694580118,60.02949905395553],[28.370283126830998,60.040019989013786],[28.373785018921296,60.04412078857433],[28.390180587768555,60.040733337402344],[28.39458465576172,60.03982162475597],[28.397638320922965,60.02585983276373],[28.407442092895508,60.01591491699213]]],[[[27.025613784790096,60.025112152100064],[27.01238441467285,60.02011871337908],[26.98938560485857,60.02291870117233],[26.981582641601506,60.02589035034191],[26.98148536682129,60.03762054443371],[26.972885131836335,60.04392242431652],[26.965782165527514,60.05961990356451],[26.95302772521967,60.08419418334984],[26.947084426879996,60.08631896972656],[26.945304870605753,60.10011291503929],[26.953722000122127,60.107860565185774],[26.963916778564567,60.11066818237305],[26.983335494995515,60.09688949584978],[26.97988319396984,60.08932113647484],[26.98398780822754,60.085521697998274],[26.991985321044865,60.08242034912138],[26.998750686645963,60.073581695556754],[27.00788688659685,60.068820953369254],[27.01048469543457,60.061820983887],[27.011806488037223,60.058418273925895],[27.021184921264762,60.054920196533146],[27.023611068725643,60.04964065551758],[27.034889221191634,60.04116821289085],[27.025613784790096,60.025112152100064]]],[[[28.5583,60.3416],[28.7312,60.2857],[28.6201,60.2703],[28.5583,60.3416]]],[[[28.4724,60.3654],[28.5313,60.3075],[28.4216,60.3631],[28.4724,60.3654]]],[[[27.80738830566412,60.44872283935547],[27.801082611083928,60.44227600097679],[27.79452705383312,60.44269561767601],[27.78058433532715,60.451019287109375],[27.78285408020065,60.45499420166033],[27.783784866333065,60.45661926269554],[27.787736892700195,60.45715713500988],[27.789684295654297,60.45742034912121],[27.792127609253043,60.454521179199446],[27.79608535766613,60.44982147216808],[27.80738830566412,60.44872283935547]]],[[[28.695667266845703,60.44861221313511],[28.69048500061035,60.443119049072266],[28.681484222412223,60.4504203796389],[28.670082092285213,60.45249938964838],[28.666416168213004,60.4553337097168],[28.66728591918985,60.45922088623047],[28.67050933837902,60.461132049561],[28.673185348511083,60.46271896362322],[28.677383422851676,60.46261978149437],[28.6798877716069,60.45832061767601],[28.695667266845703,60.44861221313511]]],[[[28.4907,60.4279],[28.5362,60.3501],[28.4477,60.4641],[28.4907,60.4279]]],[[[27.87394523620634,60.46091842651373],[27.866193771362475,60.46014022827171],[27.861185073852937,60.46261978149437],[27.863832473754883,60.46577835083042],[27.860609054565543,60.471138000488565],[27.864776611328352,60.47383499145508],[27.87116432189987,60.47082901000999],[27.87286186218296,60.47002792358421],[27.883306503296012,60.46863937377964],[27.88646697998047,60.46524047851574],[27.879289627075195,60.463665008544865],[27.879085540771428,60.46361923217785],[27.87394523620634,60.46091842651373]]],[[[27.887084960937898,60.479122161865405],[27.88872146606451,60.472305297851676],[27.879611968994595,60.471221923828125],[27.87047004699741,60.47863769531244],[27.873361587524414,60.483333587646484],[27.8863201141358,60.47935485839855],[27.887084960937898,60.479122161865405]]],[[[27.887084960937898,60.479122161865405],[27.888971328735693,60.48444366455101],[27.892583847045955,60.48505401611334],[27.896549224853572,60.4796714782716],[27.888025283813818,60.47917556762695],[27.887084960937898,60.479122161865405]]],[[[27.85618782043457,60.5023193359375],[27.851749420166072,60.495723724365575],[27.84694480895996,60.49666595459007],[27.84008407592779,60.50144577026401],[27.840784072876374,60.505321502685774],[27.850484848022745,60.506019592285384],[27.854413986206453,60.50347137451172],[27.85618782043457,60.5023193359375]]],[[[27.81988525390659,60.50542068481457],[27.826385498046875,60.50012207031256],[27.83455467224121,60.49844360351574],[27.837999343872184,60.4946937561038],[27.85258674621582,60.49102020263683],[27.85478591918951,60.48902130126976],[27.850185394287337,60.48582077026367],[27.853485107421875,60.47772216796875],[27.851585388183594,60.47512054443382],[27.846307754517,60.47602844238281],[27.845434188842773,60.47574996948265],[27.839693069458463,60.473915100097656],[27.8328857421875,60.4757194519043],[27.82672691345215,60.47440338134777],[27.823984146118164,60.473819732666016],[27.8149738311771,60.47197341918968],[27.811445236206396,60.473640441894645],[27.812334060668945,60.47644424438471],[27.82098579406744,60.48022079467785],[27.81869506835949,60.485416412353686],[27.80978584289562,60.491222381592024],[27.80941963195795,60.49057769775396],[27.807306289672965,60.48677825927763],[27.80002975463873,60.48852920532249],[27.79183387756376,60.48772048950195],[27.789083480835075,60.49032211303722],[27.792684555054166,60.49602127075201],[27.78748321533203,60.50202178955084],[27.788480758667447,60.50381851196312],[27.788885116577262,60.50455474853527],[27.802984237671353,60.50382232666033],[27.811382293701115,60.506221771240234],[27.81988525390659,60.50542068481457]]],[[[28.678001403808935,60.51210784912132],[28.667184829712085,60.509521484375114],[28.664384841919173,60.511421203613395],[28.669584274291992,60.51480484008789],[28.671897888183935,60.51485824584984],[28.67583274841303,60.514945983886946],[28.678001403808935,60.51210784912132]]],[[[27.81127548217796,60.52566528320335],[27.823667526245117,60.523887634277344],[27.839485168457145,60.52412033081049],[27.84478569030773,60.52252197265659],[27.84648323059082,60.518421173096044],[27.83628463745123,60.51251983642584],[27.833604812622355,60.50427627563488],[27.826885223388672,60.505222320556754],[27.823984146118164,60.5113220214846],[27.806695938110806,60.5224723815918],[27.81127548217796,60.52566528320335]]],[[[28.669584274291992,60.47492218017601],[28.676385879517,60.47312164306675],[28.68558502197277,60.4766197204591],[28.696783065796012,60.46971893310547],[28.68868446350109,60.464820861816634],[28.67247390747076,60.46791839599621],[28.65897178649908,60.468360900878906],[28.646001815795955,60.474529266357365],[28.626750946045036,60.47613906860374],[28.616472244262695,60.482860565185604],[28.59888458251953,60.488620758056754],[28.594385147094954,60.491317749023665],[28.576684951782283,60.50191879272484],[28.576412200927678,60.50222015380865],[28.570985794067667,60.50822067260748],[28.57038688659685,60.518321990967024],[28.577051162719783,60.526306152343864],[28.578636169433764,60.52663040161133],[28.58111190795904,60.527137756347656],[28.584360122680778,60.52405548095703],[28.594194412231673,60.52347183227562],[28.5984859466555,60.51951980590832],[28.605138778686523,60.518611907959325],[28.609182357788143,60.51301956176769],[28.622081756592195,60.51074981689476],[28.626556396484773,60.499473571777344],[28.661985397339265,60.48292160034174],[28.669584274291992,60.47492218017601]]],[[[28.648361206055142,60.52474975585949],[28.635782241821346,60.52471923828131],[28.63227844238321,60.52669525146479],[28.639085769653434,60.53722000122076],[28.640462875366268,60.53742218017578],[28.64316749572754,60.537834167480696],[28.64596366882364,60.53316497802746],[28.64868545532238,60.52862167358421],[28.648361206055142,60.52474975585949]]],[[[28.61368560791027,60.533321380615234],[28.606082916259822,60.52483367919922],[28.60178565979004,60.52561950683594],[28.5952205657959,60.53541564941435],[28.600273132324276,60.542026519775504],[28.59802818298374,60.547668457031364],[28.592830657959325,60.551361083984375],[28.59372138977045,60.55483245849632],[28.59446334838873,60.55517578125],[28.598499298095987,60.55705642700201],[28.609062194824276,60.551731109619595],[28.616685867309968,60.54101943969749],[28.613485336304052,60.537719726562614],[28.61368560791027,60.533321380615234]]],[[[28.448282241821516,60.560520172119254],[28.444581985473974,60.56011199951172],[28.429721832275504,60.568943023681584],[28.44969177246128,60.56924819946312],[28.454721450805664,60.56669616699247],[28.448282241821516,60.560520172119254]]],[[[28.47618484497076,60.58491897583053],[28.470584869384936,60.58491897583053],[28.451358795166016,60.592296600342024],[28.442861557006893,60.59555435180687],[28.439666748046932,60.6011657714846],[28.44011306762735,60.607360839843864],[28.452083587646655,60.60527801513666],[28.459184646606502,60.60142135620117],[28.45818519592325,60.59611892700218],[28.45934867858881,60.59585571289085],[28.464382171630916,60.594718933105526],[28.47961044311546,60.58661270141607],[28.47618484497076,60.58491897583053]]],[[[28.657085418701286,60.60451889038109],[28.651998519897404,60.60430526733421],[28.64508438110346,60.613224029541016],[28.64694404602045,60.61647033691412],[28.656946182251204,60.60858154296875],[28.657085418701286,60.60451889038109]]],[[[28.438777923584382,60.62194442749035],[28.450195312500455,60.6175537109375],[28.4564723968507,60.61916732788086],[28.462749481201513,60.61461257934593],[28.453985214233512,60.61381912231445],[28.4516868591312,60.61122131347656],[28.43219375610363,60.619415283203466],[28.434581756592195,60.62202835083008],[28.438777923584382,60.62194442749035]]],[[[28.550083160400504,60.6223907470706],[28.5527858734132,60.61651992797874],[28.540784835815543,60.61882019042963],[28.533712387085075,60.625782012939396],[28.51518440246582,60.64402008056675],[28.51591682434116,60.64791488647455],[28.517990112304688,60.64888000488304],[28.522888183593864,60.65116500854509],[28.530197143554688,60.65066528320324],[28.545528411865575,60.63739013671875],[28.553251266479492,60.63064575195307],[28.555685043335302,60.62852096557617],[28.550083160400504,60.6223907470706]]],[[[28.610477447509822,60.659721374511946],[28.599185943603914,60.651721954345646],[28.59728431701666,60.65452194213873],[28.603887557983683,60.65982055664074],[28.610477447509822,60.659721374511946]]],[[[28.541500091552848,60.653861999512],[28.5361843109132,60.650020599365405],[28.52618408203142,60.65761947631847],[28.531585693359602,60.66072082519537],[28.5361843109132,60.659420013427734],[28.541500091552848,60.653861999512]]],[[[28.61488533020031,60.672721862793196],[28.614185333251896,60.67210388183594],[28.604484558105526,60.66352081298828],[28.586185455322266,60.66122055053722],[28.578884124755973,60.66352081298828],[28.58168220520031,60.66682052612305],[28.595285415649414,60.66632080078119],[28.605985641479776,60.672721862793196],[28.61488533020031,60.672721862793196]]],[[[28.711084365844727,60.73012161254877],[28.7001113891601,60.72472381591797],[28.69164085388195,60.7283096313476],[28.691177368164062,60.72850418090843],[28.69558525085455,60.73542022705078],[28.698272705078523,60.736183166503906],[28.69891548156744,60.736366271972656],[28.699575424194563,60.73655319213913],[28.710597991943416,60.73342514038086],[28.71063995361328,60.73313903808594],[28.710689544677678,60.73280715942417],[28.711084365844727,60.73012161254877]]],[[[28.733287811279524,60.71812057495151],[28.719284057617244,60.71812057495151],[28.712125778198242,60.722438812256314],[28.716484069824332,60.724422454833984],[28.716714859008903,60.72498321533226],[28.718984603881836,60.730522155761776],[28.708335876465014,60.74177932739258],[28.711885452270565,60.74922180175787],[28.713006973267,60.74969100952154],[28.714984893798885,60.75051879882835],[28.719484329223633,60.74882125854509],[28.717985153198185,60.743019104003906],[28.733163833618505,60.7348899841308],[28.752784729003906,60.73212051391624],[28.751386642456396,60.728622436523494],[28.76038932800293,60.72438812255882],[28.752885818481673,60.722621917724894],[28.744251251220817,60.72069549560581],[28.733287811279524,60.71812057495151]]],[[[28.6149,60.6727],[28.3115,60.6224],[28.3556,60.5968],[28.2431,60.5728],[28.2407,60.5116],[27.7943,60.5348],[29.3216,61.3358],[29.6399,61.1883],[32.785,60.6465],[32.9587,60.761],[33.1308,60.7768],[33.4423,61.0119],[33.7527,60.9476],[33.9023,61.1026],[33.6544,61.0984],[33.4791,61.1763],[33.523,61.2197],[34.2101,61.2729],[34.4731,61.1559],[34.5065,61.2472],[34.7601,61.3462],[35.1571,61.2587],[35.3495,61.3149],[35.3464,61.2084],[35.4883,61.1692],[35.6005,61.2375],[35.7091,61.1316],[35.5198,61.0048],[35.6002,60.9423],[35.526,60.8676],[35.3184,60.869],[35.2034,60.7971],[35.3422,60.5686],[35.1437,60.1549],[35.2344,60.118],[35.1738,60.0502],[35.5121,59.9865],[35.4429,59.9442],[35.4335,59.7681],[35.6517,59.7152],[35.6695,59.6277],[35.553,59.6705],[35.5586,59.5741],[35.4183,59.4865],[35.5005,59.4384],[35.382,59.3027],[35.0373,59.2233],[34.9546,59.2712],[34.7463,59.076],[34.3626,59.16],[34.0786,59.1148],[33.8946,59.1634],[33.6926,59.3462],[33.3416,59.2805],[33.0676,59.4063],[32.8107,59.2634],[32.8233,59.138],[32.6683,59.0618],[32.3638,59.1559],[32.3196,59.2688],[31.9892,59.387],[31.8365,59.2689],[31.5479,59.341],[31.6026,59.2027],[31.4062,59.0211],[31.0492,59.039],[30.729,58.722],[30.3845,58.6779],[30.1602,58.73],[30.1095,58.6177],[30.1569,58.4641],[29.7032,58.4156],[29.5574,58.5176],[29.2919,58.5614],[29.269,58.6486],[29.0101,58.7817],[28.3186,58.8406],[28.0547,58.9903],[27.727,58.9364],[27.9062,59.2491],[28.209,59.3701],[28.0442,59.4726],[28.095,59.5849],[28.0021,59.6947],[28.0993,59.7891],[28.3825,59.6603],[28.4727,59.8274],[28.8436,59.7807],[29.06,59.8633],[28.9892,59.9118],[29.0569,59.9574],[29.2267,59.9951],[29.632,59.9339],[29.6881,59.9799],[29.676,59.8632],[30.2368,59.6135],[30.4826,59.6233],[30.7709,59.7436],[30.5173,59.8509],[30.5247,59.9861],[30.3516,60.051],[30.3843,60.1282],[29.6384,60.2662],[29.4091,60.1632],[29.1443,60.1617],[28.7993,60.3582],[28.6202,60.3536],[28.4467,60.5433],[28.7141,60.4366],[28.6846,60.5567],[28.5546,60.6015],[28.7076,60.593],[28.6488,60.6545],[28.7201,60.6291],[28.7658,60.7259],[28.6753,60.769],[28.6149,60.6727]],[[28.165376663208008,59.4077987670903],[28.165420532227017,59.40778732299805],[28.16549873352062,59.40778732299805],[28.16557121276901,59.4077911376956],[28.165639877319677,59.4077987670903],[28.165693283081453,59.4077987670903],[28.165729522705192,59.4077987670903],[28.165777206421012,59.40778350830084],[28.165847778320426,59.407779693603516],[28.165899276733626,59.40777587890631],[28.165971755981445,59.4077911376956],[28.166011810302734,59.40781021118164],[28.166049957275447,59.40783309936546],[28.166082382202546,59.407859802246264],[28.166095733643033,59.40789794921875],[28.1660881042485,59.407943725586165],[28.166070938110465,59.40798950195358],[28.166044235229492,59.40806579589844],[28.16603660583496,59.40810012817394],[28.166015625000114,59.408130645751896],[28.1659774780274,59.40816879272461],[28.16594886779785,59.40820693969749],[28.165918350220068,59.408222198486555],[28.165887832641715,59.40824508667015],[28.165859222412166,59.408287048339844],[28.165836334228914,59.408309936523665],[28.165782928467138,59.40833282470726],[28.165704727172965,59.40835189819336],[28.165649414062614,59.40836334228544],[28.165594100952262,59.40837478637695],[28.16553497314453,59.408390045166016],[28.165470123291243,59.40840911865246],[28.165433883666935,59.40842437744135],[28.165401458740575,59.40847396850597],[28.165372848511197,59.408493041992415],[28.165332794189908,59.40850830078148],[28.16530418395996,59.40852737426775],[28.16526412963907,59.40854644775396],[28.1652126312257,59.40855026245117],[28.16517257690441,59.4085578918457],[28.165134429932095,59.408576965332145],[28.165109634399528,59.40860366821312],[28.16508102417032,59.40862655639671],[28.165042877197266,59.40864944458036],[28.165006637573526,59.40867996215832],[28.164995193481445,59.40871429443382],[28.16498565673868,59.408748626708984],[28.164966583252067,59.40877532958996],[28.164926528930778,59.40880584716791],[28.164882659912507,59.40882873535156],[28.164840698242244,59.408851623535156],[28.164800643921353,59.40886306762707],[28.1647624969483,59.40888977050804],[28.164707183838118,59.40890121459955],[28.16468620300327,59.4088706970216],[28.164657592773892,59.408836364746094],[28.164619445800838,59.40882110595737],[28.164573669433594,59.40881729125999],[28.164537429809684,59.40882873535156],[28.164489746093864,59.408851623535156],[28.16444778442417,59.40887451171898],[28.16440773010271,59.40887832641613],[28.16435623168951,59.40888977050804],[28.164318084717195,59.4089050292971],[28.16427612304733,59.4089241027832],[28.164257049560888,59.4089469909668],[28.164237976074276,59.40897750854515],[28.16421318054205,59.409011840820654],[28.164175033569734,59.40903854370163],[28.164131164550895,59.4090576171875],[28.164098739623967,59.4090843200683],[28.16404914855957,59.409114837646484],[28.163991928100813,59.409122467041016],[28.1639461517334,59.40911865234381],[28.163904190063533,59.409107208252294],[28.163879394531307,59.40906906127941],[28.1639022827153,59.409019470214844],[28.163911819458065,59.40896987915062],[28.163919448852596,59.408943176269986],[28.163932800293082,59.40891647338901],[28.163948059081974,59.40888977050804],[28.16397285461437,59.408855438232536],[28.163999557495174,59.40880966186546],[28.164018630981786,59.408767700195426],[28.164033889770508,59.40872573852573],[28.164043426513615,59.40867996215832],[28.164058685303075,59.408641815185604],[28.16410064697294,59.4086074829101],[28.164159774780273,59.408584594726676],[28.1641845703125,59.40856170654342],[28.164207458496094,59.40852737426775],[28.16423225402832,59.40849685668957],[28.164249420166357,59.408470153808594],[28.1642684936524,59.40843963623081],[28.164299011230582,59.40840911865246],[28.164337158203068,59.408382415771484],[28.164386749267862,59.40835571289068],[28.164417266845817,59.40833282470726],[28.164478302001953,59.408306121826286],[28.164524078369197,59.4082756042485],[28.164611816406477,59.40822601318354],[28.16468620300327,59.40818786621105],[28.16475486755394,59.40815734863287],[28.164804458618164,59.408134460449446],[28.164848327637173,59.40811157226585],[28.164907455444336,59.4080810546875],[28.164974212646598,59.40801620483421],[28.165014266967887,59.40799331665039],[28.16506576538086,59.40796661376959],[28.165130615234375,59.407939910888615],[28.165193557739258,59.40792083740257],[28.165258407593114,59.40790557861328],[28.165302276611385,59.40789031982422],[28.165328979492188,59.40787124633795],[28.16534423828125,59.407836914062614],[28.165376663208008,59.4077987670903]],[[28.191688537598054,59.39720535278349],[28.191717147827262,59.39720153808594],[28.19182205200201,59.39720916748047],[28.191894531250057,59.39720535278349],[28.19195365905796,59.39722061157238],[28.192020416259822,59.39722061157238],[28.19209289550787,59.39720535278349],[28.192153930664176,59.39721298217819],[28.192197799682617,59.39724731445335],[28.1922283172608,59.39728164672886],[28.192256927490348,59.3973274230957],[28.192293167114258,59.39738845825201],[28.192333221435547,59.397445678711165],[28.1923637390139,59.39749526977539],[28.192373275756836,59.39754867553734],[28.1923637390139,59.39759826660156],[28.192346572876033,59.39764785766596],[28.19231605529808,59.397708892822266],[28.19230461120617,59.39774703979515],[28.1922874450687,59.397800445556754],[28.19227981567377,59.39785003662132],[28.192285537719727,59.397907257080305],[28.19232368469244,59.397960662841854],[28.192373275756836,59.3980064392091],[28.192401885986385,59.398056030273494],[28.192386627197322,59.39810562133812],[28.192350387573413,59.398166656494595],[28.192300796509187,59.3982200622558],[28.19223976135288,59.398254394531534],[28.192142486572266,59.39831161499046],[28.192050933838004,59.3983726501466],[28.191967010498445,59.39839553833019],[28.19188117980957,59.398426055908544],[28.191844940186,59.39845275878952],[28.19182205200201,59.39849090576183],[28.19175720214872,59.39856338500988],[28.191711425781307,59.398609161377124],[28.191644668579215,59.39865875244152],[28.19159126281744,59.39870834350609],[28.19150733947754,59.39876556396507],[28.191425323486385,59.39881896972662],[28.191312789917447,59.39888763427729],[28.191223144531193,59.39894104003906],[28.191158294677905,59.39901351928711],[28.19106864929239,59.39910507202154],[28.19097328186075,59.39919281005865],[28.19090461730991,59.399246215820426],[28.19079780578619,59.39930725097656],[28.190675735473746,59.39938735961914],[28.19058609008806,59.3994522094726],[28.19053077697788,59.39949035644531],[28.190458297729492,59.39953613281273],[28.190353393555085,59.399597167969205],[28.190221786498967,59.39965820312517],[28.190078735351506,59.39973449707054],[28.18994140625,59.39980697631836],[28.189815521240575,59.399856567383154],[28.189697265624943,59.39989852905285],[28.189577102661474,59.39994430542009],[28.189474105835302,59.39998245239258],[28.1893367767334,59.40002059936546],[28.1892604827882,59.40002822875999],[28.189174652100064,59.40003967285173],[28.189050674438477,59.40003967285173],[28.188985824585018,59.40003967285173],[28.18891334533697,59.40005874633795],[28.188823699951286,59.40009689331066],[28.18870544433622,59.400142669678075],[28.18859100341797,59.40018081665039],[28.188472747803075,59.40021133422874],[28.188358306884993,59.4002418518067],[28.188266754150334,59.40027999877941],[28.18818855285656,59.400306701660384],[28.188077926636197,59.40032958984398],[28.188028335571232,59.400325775146655],[28.18796157836954,59.40032958984398],[28.187864303588924,59.40035629272461],[28.187818527222078,59.400409698486555],[28.187728881835994,59.40044784545927],[28.18761444091831,59.40047073364269],[28.18750381469721,59.400493621826286],[28.187400817871207,59.400501251220646],[28.18725204467779,59.40052032470726],[28.187099456787223,59.4005584716798],[28.186992645263672,59.400581359863395],[28.18689346313505,59.40060043334984],[28.18675422668457,59.40063095092779],[28.186643600463867,59.40066146850597],[28.186492919921875,59.400688171386946],[28.186361312866666,59.40071487426792],[28.186273574829386,59.40073394775419],[28.186155319213924,59.400760650634766],[28.18603324890131,59.40078353881859],[28.185955047607536,59.40079879760765],[28.185869216919002,59.400852203369254],[28.185840606689453,59.40089416503929],[28.185708999633903,59.40092849731445],[28.185636520385856,59.40093231201217],[28.185485839843864,59.40092468261747],[28.185432434082088,59.40090942382818],[28.1853675842288,59.400871276855696],[28.185306549072493,59.40083312988281],[28.18524360656778,59.40078353881859],[28.185178756713924,59.40073776245117],[28.185201644897518,59.40065383911144],[28.18518447875988,59.40061950683628],[28.185199737548942,59.400588989257926],[28.185249328613338,59.40055084228561],[28.18531990051298,59.40050888061518],[28.185382843017692,59.4004821777346],[28.185430526733512,59.40046691894531],[28.185489654541414,59.40043258666998],[28.185564041138036,59.40039443969749],[28.185615539550838,59.40034484863287],[28.185651779174748,59.40032958984398],[28.185724258422965,59.40029907226585],[28.185783386230696,59.40028762817394],[28.185848236083984,59.40025329589844],[28.185918807983796,59.40021133422874],[28.18596076965349,59.40017700195324],[28.18600082397495,59.4001579284668],[28.186082839966105,59.400135040283374],[28.186109542847078,59.400119781494084],[28.186162948608853,59.400066375732706],[28.18623161315952,59.40002059936546],[28.18630790710472,59.399967193603516],[28.186367034912053,59.39991378784191],[28.18646812438965,59.39984130859369],[28.186607360840128,59.399772644043026],[28.186719894409237,59.39972686767601],[28.186809539794922,59.399677276611385],[28.1868896484375,59.39962387084984],[28.1870174407959,59.39955139160179],[28.187107086181754,59.399505615234375],[28.18716812133789,59.39944839477562],[28.18723678588873,59.3994026184082],[28.1872882843021,59.39937973022495],[28.187360763549748,59.399337768554915],[28.187389373779695,59.39929962158203],[28.18746376037592,59.399242401123274],[28.187587738037507,59.39919281005865],[28.187656402588175,59.399162292480696],[28.187732696533203,59.39911651611328],[28.187795639038086,59.39908218383812],[28.187898635864258,59.39904022216808],[28.18796157836954,59.39899444580101],[28.18804931640625,59.39894485473644],[28.188131332397404,59.39889907836937],[28.188220977783658,59.39884567260742],[28.18833160400402,59.398777008056754],[28.18838691711437,59.39874267578125],[28.188451766968228,59.398700714111555],[28.188537597656364,59.39866256713867],[28.18864250183151,59.398616790771825],[28.18872642517107,59.39858245849632],[28.1888103485108,59.39855575561535],[28.18886947631853,59.3985328674317],[28.18891334533697,59.398517608642805],[28.189018249512117,59.39847183227539],[28.189056396484432,59.39843750000006],[28.18910789489763,59.39838027954113],[28.189159393310604,59.398338317871094],[28.189237594604606,59.39828872680687],[28.18936729431158,59.3982200622558],[28.18940734863304,59.39820098876976],[28.18948745727579,59.398159027099894],[28.18955802917486,59.39813995361362],[28.189632415771655,59.39811325073265],[28.189689636230582,59.3980827331543],[28.189739227295377,59.3980407714846],[28.18988609313965,59.39795684814453],[28.19001770019537,59.397884368896484],[28.190151214599723,59.39782714843773],[28.19024848937994,59.39778137207031],[28.1903400421146,59.39772796630871],[28.190416336059627,59.39768600463867],[28.190469741821573,59.39765548706072],[28.190542221069393,59.397613525390625],[28.190641403198242,59.3975639343264],[28.190723419189567,59.397529602050895],[28.19080543518072,59.39749526977539],[28.190902709960938,59.397464752197436],[28.190982818603516,59.397441864013786],[28.191074371338345,59.39741897583019],[28.191118240356445,59.39738464355469],[28.191165924072266,59.39733123779308],[28.191320419311978,59.39727783203148],[28.191425323486385,59.397274017334155],[28.191501617431754,59.397270202636946],[28.191545486450593,59.397254943847884],[28.19161415100126,59.39722061157238],[28.191688537598054,59.39720535278349]],[[28.2032527923584,59.363162994384766],[28.203306198120174,59.363155364990234],[28.20339965820324,59.363174438476676],[28.20355033874523,59.36322021484369],[28.203712463379134,59.36327362060547],[28.20390510559082,59.363330841064794],[28.204103469848633,59.36337661743164],[28.204309463500977,59.363426208496435],[28.204505920410213,59.36344909667969],[28.20472145080572,59.36348342895519],[28.204982757568416,59.363529205322266],[28.205167770385742,59.36352539062506],[28.20539093017578,59.36355209350586],[28.20561790466354,59.3635711669923],[28.2057018280031,59.363609313965014],[28.20582199096674,59.363700866699446],[28.20593261718784,59.36382675170927],[28.20603752136242,59.36395645141624],[28.206035614013842,59.36402893066406],[28.205955505371094,59.364055633545036],[28.20582962036167,59.364051818847884],[28.205667495727766,59.364036560058594],[28.205501556396484,59.36399841308628],[28.205265045166357,59.36393356323242],[28.20502853393566,59.36383056640625],[28.204698562622468,59.363704681396655],[28.204378128052213,59.363605499267805],[28.20416831970249,59.363529205322266],[28.203958511352596,59.36343765258795],[28.203569412231673,59.363315582275334],[28.20335960388195,59.363231658935774],[28.203258514404354,59.36319351196312],[28.2032527923584,59.363162994384766]],[[28.197441101074276,59.36007308959955],[28.197376251221158,59.360027313232536],[28.19733238220215,59.36000061035156],[28.19712066650402,59.35989761352573],[28.196969985962028,59.35982131958036],[28.196781158447322,59.35970687866245],[28.196226119995345,59.35880661010765],[28.195728302002294,59.35806274414057],[28.195711135864258,59.358036041259766],[28.195669174194393,59.35797500610346],[28.1956539154055,59.357952117920036],[28.19497299194353,59.3569908142091],[28.194320678710938,59.35628128051758],[28.194217681884766,59.356170654297046],[28.193500518799226,59.35537719726574],[28.19345855712936,59.35532379150396],[28.19341087341354,59.35527420043957],[28.193365097046126,59.35523223876953],[28.193332672119197,59.35519027709984],[28.193302154541414,59.3551292419437],[28.193288803100927,59.355072021484375],[28.19329261779791,59.35501098632807],[28.193309783935945,59.35495758056669],[28.193334579467773,59.35491943359398],[28.193384170532568,59.3548583984375],[28.193473815918253,59.354793548583984],[28.193599700927848,59.354728698730696],[28.19370269775385,59.35468292236328],[28.193811416625977,59.35464096069359],[28.193927764892635,59.35460662841808],[28.194063186645565,59.35457611084013],[28.194202423096044,59.354549407959155],[28.194366455078352,59.354530334472884],[28.19451141357422,59.35452270507835],[28.19461822509794,59.35452270507835],[28.19473838806158,59.354526519775504],[28.194856643677042,59.354534149169865],[28.194974899292106,59.35455322265648],[28.195098876953125,59.35457992553711],[28.195219039916992,59.35461044311546],[28.19532775878912,59.354644775390796],[28.195421218872525,59.35469055175781],[28.19550704956066,59.354724884033146],[28.19595718383789,59.354984283447266],[28.198543548584098,59.35645294189476],[28.19901275634777,59.356876373291016],[28.199035644531364,59.35690689086937],[28.199951171875455,59.358146667480696],[28.199977874756257,59.358303070068814],[28.199983596801815,59.3583335876466],[28.200004577636662,59.35845565795921],[28.199832916259822,59.3588104248048],[28.199296951294286,59.35991287231445],[28.199167251587312,59.360092163085994],[28.19908905029297,59.360187530517635],[28.199033737182617,59.36023712158226],[28.198783874511776,59.36053085327171],[28.198728561401424,59.360595703125],[28.198410034179744,59.36052322387718],[28.198099136352823,59.360378265380916],[28.197811126708928,59.36026000976585],[28.197536468505916,59.360122680664176],[28.197441101074276,59.36007308959955]],[[28.19641876220703,59.36004638671898],[28.196372985839787,59.36005783081066],[28.196233749389705,59.360023498535156],[28.19608497619629,59.35997390747093],[28.195934295654297,59.35990524291992],[28.19582939147989,59.35982131958036],[28.1958065032959,59.35977554321312],[28.19582939147989,59.35973358154342],[28.195930480957088,59.35973358154342],[28.196081161499478,59.3597526550293],[28.1962566375733,59.359825134277344],[28.196401596069734,59.35990524291992],[28.1964435577396,59.359996795654354],[28.19641876220703,59.36004638671898]],[[28.184627532959098,59.352298736572266],[28.18469429016119,59.352279663085994],[28.184736251831055,59.35232543945324],[28.184669494628963,59.35234069824213],[28.184627532959098,59.352298736572266]],[[28.187107086181754,59.35183334350597],[28.187185287475927,59.351806640625],[28.187265396118107,59.35182189941406],[28.187278747558594,59.351852416992415],[28.187334060668945,59.35187149047846],[28.187349319458406,59.35192108154308],[28.18728446960455,59.351936340332145],[28.18720817565918,59.351932525634766],[28.187135696411133,59.35190582275419],[28.187086105346737,59.35187530517601],[28.187107086181754,59.35183334350597]],[[28.189807891846044,59.3514404296875],[28.189828872681062,59.3513298034668],[28.189861297607422,59.351219177246435],[28.189844131469783,59.35117340087902],[28.18977355957071,59.351119995117415],[28.189712524414404,59.351028442383154],[28.18973350524942,59.35099029541027],[28.18981742858898,59.35098266601574],[28.189884185791243,59.350967407226676],[28.189924240112703,59.35083389282249],[28.18995285034191,59.35073852539085],[28.189891815185604,59.35061264038109],[28.189804077148494,59.35046768188482],[28.189691543579556,59.350414276123274],[28.189563751220987,59.35039138793945],[28.189437866210994,59.35038757324264],[28.189313888549805,59.35035324096697],[28.189222335815884,59.35030746459972],[28.189197540283317,59.35026168823265],[28.189226150512695,59.350219726562614],[28.189233779907227,59.350143432617415],[28.189203262329272,59.350067138672046],[28.18910026550327,59.35000610351608],[28.188934326171818,59.34991455078125],[28.188852310180664,59.349868774414006],[28.188816070556754,59.3498153686528],[28.188795089721737,59.34976196289085],[28.18882942199707,59.349708557128906],[28.188831329345817,59.34964370727539],[28.1887931823735,59.349586486816634],[28.188743591308537,59.34955215454113],[28.188699722290096,59.34947967529291],[28.188676834106843,59.34944915771496],[28.188655853271428,59.34939956665056],[28.188600540161076,59.349315643310604],[28.188581466675203,59.349239349365234],[28.188568115234716,59.349174499511946],[28.188564300537166,59.3491020202639],[28.188583374023608,59.34905242919967],[28.188581466675203,59.34901428222679],[28.18857955932623,59.348976135253906],[28.188596725464095,59.34891128540062],[28.188581466675203,59.34886932373058],[28.1885547637944,59.34881973266596],[28.188537597656364,59.34871673583979],[28.18855094909668,59.34865951538086],[28.188573837280273,59.34859848022472],[28.188581466675203,59.348510742187614],[28.188552856445256,59.348434448242415],[28.188505172729435,59.34838485717819],[28.1884441375733,59.34833145141624],[28.18842315673828,59.34828567504883],[28.188436508178768,59.34822845459007],[28.18846321105957,59.34819030761719],[28.18846321105957,59.34811782836914],[28.188446044922273,59.348056793212834],[28.18847465515148,59.347999572753906],[28.188537597656364,59.34793853759777],[28.188581466675203,59.347900390625284],[28.188604354858455,59.34784317016613],[28.188575744629247,59.347808837890625],[28.188537597656364,59.34778594970737],[28.188537597656364,59.34774398803734],[28.188617706298942,59.34766387939476],[28.188676834106843,59.34761047363281],[28.188661575317383,59.3475723266601],[28.18855857849121,59.347541809082145],[28.188486099243562,59.3475227355957],[28.188476562500057,59.34748458862299],[28.188505172729435,59.34743881225597],[28.18858718872076,59.34740829467779],[28.18869018554733,59.3473930358889],[28.188758850097997,59.34737777709984],[28.188768386840934,59.34732818603544],[28.188772201538484,59.347282409668196],[28.18884658813471,59.34723663330078],[28.188943862915323,59.34719848632807],[28.188980102539062,59.34714508056686],[28.18895339965826,59.34707641601585],[28.18888092041061,59.34702301025425],[28.188884735107422,59.34696197509777],[28.188962936401765,59.346912384033146],[28.18909263610874,59.34685897827194],[28.189245223999137,59.34684753417969],[28.189428329467887,59.34687042236328],[28.189624786377294,59.346912384033146],[28.189880371093864,59.346996307373274],[28.190055847168082,59.34712219238287],[28.19026756286621,59.34729385375971],[28.19040298461914,59.347457885742415],[28.19053459167486,59.34767150878929],[28.190645217895963,59.34791946411133],[28.190683364868278,59.34811401367199],[28.19067382812534,59.348239898681584],[28.190637588501033,59.348388671875],[28.190608978271484,59.34848403930664],[28.190593719482422,59.34856033325201],[28.19058609008806,59.34867477416992],[28.19056320190424,59.34872817993187],[28.190517425537394,59.34880447387707],[28.190500259399528,59.348892211914176],[28.19049072265642,59.34894561767578],[28.190458297729492,59.349063873291016],[28.190437316894645,59.3491783142091],[28.19042015075678,59.349243164062955],[28.190399169921932,59.34930801391624],[28.1903915405274,59.34937667846691],[28.190385818481445,59.34943771362305],[28.190349578857536,59.34948348999046],[28.190326690674112,59.34954071044922],[28.190353393555085,59.349586486816634],[28.19038772583042,59.3496208190918],[28.19035530090332,59.34981918334961],[28.190162658691804,59.350776672363395],[28.19004058837919,59.35137176513683],[28.190053939819677,59.3514404296875],[28.190038681030217,59.351482391357365],[28.189956665039062,59.35151290893555],[28.189861297607422,59.35151290893555],[28.189807891846044,59.3514404296875]],[[28.185121536255338,59.349330902099894],[28.185026168823697,59.349342346191406],[28.18495750427286,59.349338531494595],[28.1848659515382,59.349315643310604],[28.184780120850064,59.34931182861362],[28.184743881225586,59.34929656982416],[28.18470573425327,59.34926986694359],[28.18470191955572,59.3492317199707],[28.184707641601676,59.34919357299799],[28.184629440307674,59.349151611328125],[28.18455886840826,59.34912490844732],[28.184560775756836,59.349075317382926],[28.184513092041016,59.34904861450195],[28.18449211120617,59.3490257263187],[28.18451118469244,59.34898757934582],[28.18451118469244,59.34895324707031],[28.18448257446306,59.34892654418968],[28.184421539306754,59.348892211914176],[28.18434715270996,59.34885025024414],[28.184307098388672,59.34881591796898],[28.184326171875114,59.348789215088004],[28.18436813354498,59.34875106811529],[28.184421539306754,59.34872055053734],[28.184473037719727,59.34869766235374],[28.18453979492199,59.34868621826183],[28.184581756591854,59.34868240356445],[28.184644699097134,59.348690032958984],[28.184715270996207,59.34872436523432],[28.184768676757983,59.3487548828125],[28.18483734130865,59.348785400390625],[28.184930801392056,59.34882736206072],[28.18497276306175,59.348873138427734],[28.185016632080192,59.34892654418968],[28.185110092163086,59.348968505859375],[28.1851806640625,59.34900283813471],[28.18526840209961,59.34904479980497],[28.1853675842288,59.34908676147484],[28.18538665771524,59.34912109375034],[28.185388565063647,59.34917068481457],[28.185333251953466,59.34922409057617],[28.185277938843114,59.34927749633812],[28.18522071838379,59.34930419921892],[28.185121536255338,59.349330902099894]],[[28.184585571289062,59.3513641357423],[28.184528350830476,59.351390838623274],[28.184438705444393,59.351387023925724],[28.184326171875114,59.35137557983421],[28.184226989746094,59.35135269165039],[28.18409729003912,59.351310729980696],[28.18402862548828,59.35128402709972],[28.183975219726506,59.35124588012741],[28.183942794800146,59.35118865966808],[28.183948516845703,59.35114669799805],[28.18399238586437,59.35108947753929],[28.1840763092041,59.35107040405285],[28.184150695800895,59.35105895996094],[28.184234619140625,59.351043701171875],[28.18436813354498,59.351039886474666],[28.184421539306754,59.351051330566406],[28.184465408325195,59.35107421875],[28.184495925903548,59.351123809814794],[28.184532165527457,59.35117340087902],[28.18456649780279,59.351219177246435],[28.18458747863781,59.35126876831066],[28.184612274170036,59.351322174072266],[28.184585571289062,59.3513641357423]],[[28.1616592407226,59.34355926513683],[28.161891937256314,59.34370803833008],[28.16191291809116,59.34380722045944],[28.16170310974144,59.34392929077171],[28.161334991455362,59.344032287597884],[28.161285400390568,59.34400939941406],[28.1610889434819,59.3439178466798],[28.160991668701115,59.34387969970709],[28.16096115112316,59.343860626220646],[28.16092491149942,59.34382629394531],[28.160919189453466,59.34379577636719],[28.160963058471737,59.34374618530296],[28.16100120544462,59.34371566772461],[28.1610565185548,59.343673706054915],[28.161098480224666,59.34363937377941],[28.161138534545955,59.343608856201456],[28.161203384399414,59.34357070922874],[28.161243438720703,59.3435516357423],[28.161291122436523,59.34353256225586],[28.1613445281983,59.34352111816452],[28.16141128540039,59.34352111816452],[28.161478042602823,59.34352493286133],[28.16154670715349,59.34354019165039],[28.1616592407226,59.34355926513683]],[[28.161130905151595,59.34398269653326],[28.16126823425293,59.344043731689396],[28.161306381225984,59.34407424926758],[28.161277770996037,59.344112396240234],[28.161230087280217,59.34413909912104],[28.161151885986442,59.34415054321312],[28.161075592041414,59.34415817260765],[28.161003112793026,59.34413909912104],[28.160884857178132,59.34414672851557],[28.160751342773438,59.34414672851557],[28.160600662231445,59.344131469726676],[28.16056632995611,59.34416580200201],[28.160673141479833,59.34417343139654],[28.16085433959961,59.3441810607913],[28.16096115112316,59.344200134277344],[28.160970687866268,59.344230651855696],[28.160797119140852,59.34426116943365],[28.16053581237793,59.34423446655268],[28.160377502441406,59.344215393066634],[28.16043472290073,59.34416961669922],[28.16043472290073,59.344123840332145],[28.16042327880865,59.34409713745117],[28.160453796386776,59.34405517578148],[28.160486221313533,59.34400939941406],[28.16041183471691,59.34398269653326],[28.160438537597713,59.343944549560774],[28.160537719726904,59.34395980834984],[28.160564422607877,59.3439178466798],[28.160604476929166,59.343868255615405],[28.160640716552905,59.34383773803722],[28.160669326782283,59.34380722045944],[28.160707473755338,59.343788146972656],[28.160745620727653,59.34379196166998],[28.160783767700366,59.34380722045944],[28.160848617553654,59.343845367431754],[28.16088294982916,59.343868255615405],[28.160917282104492,59.3438835144043],[28.16100883483898,59.3439178466798],[28.161130905151595,59.34398269653326]],[[28.171274185180835,59.34363937377941],[28.171344757080078,59.34362411499035],[28.17137145996105,59.34363937377941],[28.17135238647461,59.343681335449446],[28.17132377624523,59.34371566772461],[28.171258926391943,59.343761444092024],[28.17117691040079,59.34379959106474],[28.17110061645502,59.34383010864269],[28.17100906372076,59.343864440918196],[28.170927047729606,59.34389114379883],[28.17087364196783,59.34390640258789],[28.170896530151424,59.343856811523665],[28.170955657958984,59.34381866455078],[28.171039581298885,59.343761444092024],[28.171197891235806,59.343673706054915],[28.171274185180835,59.34363937377941]],[[28.148450851440373,59.343051910400504],[28.14847564697277,59.342971801757926],[28.148406982421932,59.34291839599632],[28.148231506347713,59.342914581299],[28.148090362548828,59.34288406372082],[28.14780998229986,59.34284210205078],[28.147655487060888,59.34282302856468],[28.14753150939947,59.34286117553722],[28.147254943847884,59.342887878418196],[28.147039413452205,59.34285354614303],[28.1469612121586,59.34283447265625],[28.146791458130167,59.34265899658203],[28.146680831909634,59.34267044067394],[28.146646499633732,59.342685699463004],[28.146692276000977,59.34270858764643],[28.146749496460302,59.34274673461914],[28.146787643432617,59.342788696289176],[28.14676284790079,59.34283065795904],[28.146648406982706,59.34282684326206],[28.14641571044956,59.34279632568371],[28.146297454834098,59.342792510986555],[28.14617729187046,59.342788696289176],[28.146047592163484,59.34272766113304],[28.14595413208025,59.34272003173851],[28.145793914794922,59.34272003173851],[28.1456947326663,59.34270858764643],[28.14547920227062,59.34267044067394],[28.145505905151424,59.34255218505865],[28.1455078125,59.342502593994254],[28.14555549621582,59.34247970581066],[28.145658493041992,59.34249496459972],[28.145723342895508,59.34248352050781],[28.14579010009794,59.34241104125999],[28.145820617675895,59.342330932617415],[28.14582252502487,59.34227371215849],[28.14584541320812,59.34221649169933],[28.145771026611328,59.34216308593756],[28.14568328857422,59.34212493896507],[28.145669937133903,59.34207534790045],[28.145755767822607,59.34194946289085],[28.145891189575536,59.34191131591797],[28.146030426025447,59.341888427734375],[28.146186828613395,59.341873168945654],[28.146358489990234,59.34196090698259],[28.146478652954272,59.34199523925827],[28.146615982055778,59.341972351074276],[28.14673042297386,59.341892242431925],[28.146793365478572,59.34183883667015],[28.146863937377987,59.341781616210994],[28.146970748901367,59.34173965454113],[28.14699745178234,59.341705322265625],[28.1469612121586,59.34165191650402],[28.146875381469727,59.34166717529291],[28.146827697753906,59.34164810180687],[28.14680671691906,59.341617584228516],[28.146751403808707,59.341598510742244],[28.146919250488736,59.34155273437523],[28.147104263306062,59.34156417846674],[28.147193908691577,59.341613769531705],[28.14727592468273,59.34163284301758],[28.147422790527344,59.34166336059593],[28.147460937500057,59.34167480468767],[28.14751625061041,59.341693878173885],[28.147510528564453,59.34173965454113],[28.147504806518498,59.341793060302734],[28.14757537841814,59.341876983642635],[28.147691726684627,59.34192276000988],[28.147737503052213,59.34190750122082],[28.147686004638672,59.34185409545921],[28.147712707519645,59.34175491333002],[28.147684097290266,59.341693878173885],[28.147613525390625,59.34165191650402],[28.14758682251022,59.34157943725603],[28.147632598877067,59.341518402100064],[28.147712707519645,59.34147644042963],[28.14788246154791,59.34148025512718],[28.147998809814567,59.341514587402344],[28.148143768310604,59.34165954589838],[28.148189544677848,59.34177780151401],[28.148250579833984,59.341896057128906],[28.148279190063533,59.34200668334961],[28.148223876953182,59.34208679199219],[28.148172378539982,59.34212493896507],[28.14804458618198,59.34218215942383],[28.147903442382926,59.342136383056584],[28.147787094116268,59.34220504760742],[28.14776229858404,59.34226989746094],[28.147645950317383,59.34230804443382],[28.147613525390625,59.342418670654524],[28.147649765014933,59.342533111572436],[28.147716522217195,59.34254455566412],[28.14779853820835,59.34252929687523],[28.147932052612305,59.34252929687523],[28.14798927307163,59.34247970581066],[28.1479816436767,59.34237670898483],[28.14808082580572,59.34230422973644],[28.1482448577882,59.342243194580305],[28.148433685302905,59.342159271240575],[28.148586273193473,59.342151641845874],[28.148864746093864,59.342224121093864],[28.148942947388036,59.34218215942383],[28.14901733398483,59.34212112426769],[28.14909744262701,59.34210586547863],[28.149314880371094,59.34209060668991],[28.149465560913086,59.342166900634766],[28.14946365356451,59.342247009277514],[28.149341583252067,59.342323303222884],[28.149209976196516,59.342338562011946],[28.149076461791992,59.34237670898483],[28.14904212951666,59.34247589111328],[28.14916038513229,59.34254837036133],[28.14933967590349,59.34262466430687],[28.149438858032283,59.3427352905274],[28.149398803711392,59.34282684326206],[28.149345397949617,59.34289550781273],[28.149234771728516,59.34294509887695],[28.149055480957145,59.34297943115246],[28.14895820617693,59.3430747985841],[28.148836135864315,59.34311294555698],[28.148649215698185,59.34310531616228],[28.148546218872013,59.34310531616228],[28.148450851440373,59.343051910400504]],[[28.134796142578296,59.34138870239275],[28.134729385376033,59.3414192199707],[28.134672164917447,59.34136962890648],[28.134620666503906,59.34137344360346],[28.134550094604833,59.34139251709007],[28.134441375732706,59.34141540527372],[28.13429641723627,59.34137344360346],[28.13429641723627,59.34127044677746],[28.13431167602573,59.34123992919933],[28.134370803833065,59.34118270874018],[28.13445281982422,59.341156005859375],[28.134492874145508,59.3411369323735],[28.134534835815373,59.34112167358404],[28.13455963134777,59.34110641479515],[28.134605407715014,59.341079711914176],[28.13468360900879,59.341060638427734],[28.134733200073583,59.3410263061524],[28.134788513183935,59.340984344482536],[28.13483428955078,59.340965270996094],[28.134893417358512,59.340980529785384],[28.134912490844783,59.34101867675787],[28.13497352600109,59.34101867675787],[28.13506507873535,59.34103393554716],[28.13513374328619,59.34105682373058],[28.13515663147001,59.34111022949253],[28.1351375579834,59.34117507934582],[28.13510894775419,59.34122467041044],[28.13502120971691,59.34132003784208],[28.13495826721237,59.341354370117415],[28.134864807128963,59.34137344360346],[28.134796142578296,59.34138870239275]],[[28.129882812500398,59.338195800781364],[28.129880905151424,59.338119506836165],[28.12989425659191,59.33807373046875],[28.129955291748047,59.33799362182617],[28.13002204895031,59.33792114257835],[28.13008880615257,59.33785629272484],[28.13024520874052,59.33781814575195],[28.130512237548828,59.33777236938511],[28.130645751953523,59.33776855468773],[28.13070678710983,59.33777618408209],[28.13096237182623,59.33786392211937],[28.13115310668951,59.337955474853686],[28.131225585937898,59.33799362182617],[28.131402969360693,59.33813476562523],[28.131441116333008,59.338195800781364],[28.1314315795899,59.33830642700207],[28.131273269653718,59.3383903503418],[28.13106155395542,59.338397979736555],[28.130916595458984,59.338378906250114],[28.130756378174055,59.338378906250114],[28.130681991577262,59.3384170532226],[28.130601882934684,59.33843994140659],[28.130441665649755,59.3384170532226],[28.13038063049362,59.33842086792015],[28.130302429199276,59.338451385498104],[28.13024139404297,59.338478088378906],[28.1301727294923,59.33850860595726],[28.130094528198697,59.33848953247082],[28.13005828857422,59.33842849731468],[28.130027770996264,59.338382720947266],[28.129882812500398,59.338195800781364]],[[28.14591026306158,59.33616256713873],[28.14601707458496,59.336128234863224],[28.14606475830078,59.336128234863224],[28.14610862731979,59.336132049560774],[28.14620018005371,59.3361549377442],[28.146293640137117,59.33620834350597],[28.146387100219783,59.33625793457037],[28.14644050598156,59.33626174926758],[28.146530151367244,59.33625793457037],[28.14662742614786,59.33624649047886],[28.14668655395502,59.336227416992415],[28.146764755249194,59.336227416992415],[28.146888732910213,59.33627319335983],[28.14700126647989,59.33637619018566],[28.147058486938477,59.33646011352539],[28.14712142944336,59.33657455444347],[28.14712524414091,59.33664321899414],[28.14709281921398,59.33669281005871],[28.146970748901367,59.33671569824236],[28.1468505859375,59.33670425415062],[28.14673805236822,59.336688995361555],[28.146663665771598,59.336688995361555],[28.146520614624137,59.336677551269645],[28.146230697631836,59.33664321899414],[28.146070480346737,59.33661651611351],[28.14599418640171,59.33660507202143],[28.14597320556686,59.33663558959961],[28.146032333374023,59.336688995361555],[28.146026611328068,59.33674621582031],[28.14599037170416,59.336769104003906],[28.145896911621094,59.336772918701286],[28.14577484130905,59.33678054809582],[28.145721435547273,59.336765289306754],[28.145668029785327,59.336761474609375],[28.14556694030773,59.33679580688471],[28.145486831665153,59.33680343627924],[28.145429611206225,59.336784362793196],[28.145391464233512,59.33678054809582],[28.145341873168945,59.336769104003906],[28.145286560058764,59.336765289306754],[28.145242691040096,59.336761474609375],[28.14520072937023,59.336753845214844],[28.14518165588379,59.33673095703125],[28.145187377929744,59.33670043945307],[28.145223617554052,59.336681365967024],[28.145278930664404,59.33666229248058],[28.145355224609432,59.33665084838867],[28.14543533325235,59.33664321899414],[28.145526885986442,59.33662414550804],[28.145587921142578,59.33661270141596],[28.14563941955612,59.336589813232536],[28.14568710327194,59.33655548095703],[28.1457195281983,59.33651733398432],[28.145769119263093,59.33644485473633],[28.1457977294923,59.336418151855696],[28.145824432373274,59.336387634277344],[28.145820617675895,59.33635711669922],[28.14579010009794,59.336334228515796],[28.145795822143896,59.336303710937614],[28.145780563354435,59.33627700805664],[28.145805358886832,59.336235046386946],[28.145828247070256,59.33620834350597],[28.145856857300203,59.336181640625],[28.14591026306158,59.33616256713873]],[[28.11797714233421,59.2983283996582],[28.11773490905773,59.298252105713004],[28.11767959594738,59.29805374145519],[28.117553710937955,59.29793930053711],[28.117483139038143,59.29786682128929],[28.11750411987299,59.29778289794933],[28.11764335632347,59.29759216308605],[28.11759948730463,59.29747009277344],[28.11747932434116,59.29740524292015],[28.117298126220817,59.29742431640642],[28.116979598998967,59.29740142822277],[28.116804122925146,59.29730224609398],[28.11662673950235,59.29717254638717],[28.116640090942838,59.2970352172851],[28.11683082580612,59.296928405761946],[28.1169624328615,59.296833038330305],[28.1172008514406,59.29677963256836],[28.117509841918945,59.296810150146484],[28.117740631103516,59.29685974121128],[28.117752075195597,59.29696273803711],[28.117696762085416,59.297100067138786],[28.117628097534578,59.29720306396496],[28.11761474609409,59.297264099121094],[28.117641448975064,59.29732131958002],[28.117765426636083,59.29732131958002],[28.117937088012752,59.29723358154314],[28.118108749389762,59.2971382141115],[28.11840057373047,59.29701995849621],[28.11873817443893,59.29703140258812],[28.119014739990348,59.29704284667986],[28.11916542053234,59.297111511230696],[28.119178771972656,59.29722976684593],[28.119049072265682,59.29734039306646],[28.118967056274528,59.29741668701166],[28.119010925293367,59.29751968383806],[28.118860244750977,59.297630310058594],[28.11868667602539,59.29771041870134],[28.118413925170955,59.297885894775334],[28.11830902099655,59.29803848266613],[28.11823654174816,59.29819869995123],[28.1181697845459,59.29832458496105],[28.11797714233421,59.2983283996582]],[[28.026861190795955,59.29542541503929],[28.02720260620123,59.295566558838004],[28.0273818969726,59.295650482177734],[28.02774810791027,59.295742034912564],[28.028894424438533,59.29604721069336],[28.02927780151407,59.29616165161144],[28.029554367065487,59.2962455749514],[28.029703140258903,59.29633712768566],[28.029634475708065,59.29644393920921],[28.02941703796398,59.29650115966797],[28.029153823852482,59.296546936035384],[28.02913475036661,59.29660415649414],[28.02927780151407,59.29667663574219],[28.029474258423306,59.296821594238395],[28.0296249389653,59.297008514404524],[28.029586791992244,59.29721832275385],[28.029411315918026,59.29730224609398],[28.029108047485636,59.2973518371582],[28.028617858886946,59.297359466552734],[28.028406143188818,59.297275543213004],[28.02822113037149,59.29722595214838],[28.028091430664517,59.29722976684593],[28.028177261352653,59.29750061035179],[28.028135299682617,59.297626495361385],[28.02779960632364,59.29769134521507],[28.02744483947788,59.297733306884766],[28.02708244323736,59.29778671264671],[28.02649307250988,59.29777908325218],[28.026149749755803,59.297714233398665],[28.025840759277457,59.297645568847656],[28.025207519531307,59.29730224609398],[28.024951934814908,59.29716873168945],[28.024848937988736,59.29697036743164],[28.02479553222696,59.29681777954124],[28.02474784851114,59.29676055908226],[28.024768829345987,59.29668045043951],[28.024894714355582,59.29665374755854],[28.025093078613224,59.296649932861555],[28.0254688262944,59.296646118164006],[28.025806427001953,59.296630859375114],[28.025789260864656,59.29657363891636],[28.02556800842285,59.2965087890625],[28.02479553222696,59.29629898071295],[28.0242538452149,59.29613113403332],[28.02361297607422,59.295726776123104],[28.023191452026367,59.29546356201183],[28.022865295410156,59.2952499389649],[28.022670745849894,59.29488754272461],[28.022792816162507,59.29463195800804],[28.02303504943859,59.29447555542026],[28.023096084594727,59.29445266723627],[28.023311614990405,59.29437255859392],[28.023605346679688,59.294326782226676],[28.024007797241268,59.29434967041027],[28.02416229248081,59.294399261474894],[28.024679183960302,59.29451370239258],[28.02545356750494,59.294666290283544],[28.025663375854492,59.29479217529297],[28.025957107543945,59.294921875000114],[28.026639938354492,59.29513931274437],[28.026718139648494,59.29531478881859],[28.026861190795955,59.29542541503929]],[[28.016296386718864,59.294399261474894],[28.016336441040153,59.294498443603516],[28.016496658325252,59.29444885253929],[28.016769409179688,59.294479370117244],[28.016929626464844,59.29454040527355],[28.016969680786303,59.29465866088884],[28.01710319519043,59.29473876953119],[28.017229080200252,59.294776916503906],[28.017456054687614,59.2947998046875],[28.017673492431697,59.29486846923834],[28.01782035827671,59.29490661621105],[28.018180847168423,59.295032501220646],[28.018272399902344,59.295116424560774],[28.018459320068814,59.295219421386946],[28.018606185913086,59.295204162597884],[28.018661499023438,59.295135498047046],[28.018802642822322,59.29507827758789],[28.01897621154791,59.29508590698242],[28.019199371337947,59.29516220092802],[28.019388198852653,59.29526901245117],[28.019462585449446,59.29544830322294],[28.019330978393498,59.29552841186529],[28.019092559814396,59.29554367065458],[28.01891136169445,59.2955322265625],[28.018924713134936,59.295570373535156],[28.01899147033737,59.295669555664176],[28.019107818603857,59.295742034912564],[28.01909828186035,59.29579162597679],[28.018901824951115,59.29581069946323],[28.01872444152832,59.295822143554744],[28.018466949463345,59.29578018188488],[28.01826667785656,59.29573059082031],[28.018152236938477,59.29568862915062],[28.018013000488395,59.29563140869146],[28.01792716979986,59.295562744140625],[28.017881393433015,59.29550933837885],[28.017272949218693,59.29526901245117],[28.017169952392692,59.295295715332145],[28.017082214355412,59.29532623291033],[28.016914367676122,59.29524612426758],[28.016822814941463,59.295166015625],[28.016805648803995,59.295104980468864],[28.016597747802848,59.29499816894531],[28.01650428772018,59.29496383666998],[28.016357421875,59.295024871826115],[28.01625061035162,59.29497909545944],[28.016223907470646,59.29492568969749],[28.016101837158203,59.29486846923834],[28.016025543213004,59.2948760986331],[28.016017913818473,59.294929504394474],[28.01600265502941,59.29496765136719],[28.01589202880905,59.29499816894531],[28.015787124633903,59.29497528076172],[28.015701293945767,59.294940948486555],[28.01563644409191,59.294960021972656],[28.015638351440487,59.2950134277346],[28.01559638977062,59.2950553894043],[28.01548576354992,59.29504394531273],[28.01548576354992,59.29499435424816],[28.01545715332054,59.294944763183764],[28.0153865814209,59.294960021972656],[28.015247344970817,59.29496383666998],[28.015163421631257,59.29499053955078],[28.014968872070426,59.294937133789006],[28.01487922668457,59.29487991333008],[28.014881134033317,59.294837951660384],[28.014825820922965,59.29478454589844],[28.014762878418082,59.294757843017805],[28.014709472656307,59.29471206665039],[28.014698028564396,59.294662475586165],[28.014621734619197,59.294589996338175],[28.014638900757234,59.2945365905764],[28.014749526977596,59.294494628906534],[28.014904022217138,59.29448318481445],[28.015153884887752,59.294502258301236],[28.01535797119152,59.29455566406244],[28.015422821045206,59.29454040527355],[28.015335083007926,59.29452133178711],[28.015260696411133,59.29445266723627],[28.014408111572493,59.29412078857467],[28.01427459716797,59.29397964477562],[28.014343261718807,59.29388046264643],[28.014551162719954,59.29384231567394],[28.01468849182129,59.29387283325207],[28.014804840087947,59.29391860961914],[28.014997482299805,59.293964385986555],[28.015300750732592,59.29400634765625],[28.015438079834098,59.29410171508789],[28.015594482421875,59.294200897216854],[28.01576423645031,59.29418945312534],[28.016143798828466,59.29426193237299],[28.016296386718864,59.294399261474894]],[[28.036579132080533,59.29407119750971],[28.036363601684684,59.29400634765625],[28.036163330078068,59.29393768310558],[28.035936355590877,59.29391860961914],[28.03577995300293,59.29391860961914],[28.03559684753418,59.2939071655274],[28.035175323486328,59.29382705688505],[28.034833908081055,59.2938041687014],[28.03458023071289,59.29375076293945],[28.034368515014762,59.29371643066412],[28.034208297729435,59.29375076293945],[28.033964157104947,59.29380035400408],[28.03366470336954,59.29383087158203],[28.033374786377067,59.29389190673851],[28.033298492431697,59.293960571289176],[28.033252716064453,59.294040679931754],[28.03309440612793,59.29403305053722],[28.032958984375,59.29401779174833],[28.032873153686467,59.294036865234375],[28.032695770263672,59.29400634765625],[28.032442092895508,59.29392623901367],[28.03202247619663,59.29387283325207],[28.031829833984375,59.29374313354492],[28.031585693359318,59.29362869262701],[28.031312942504883,59.293510437011946],[28.03107833862316,59.293491363525504],[28.030815124511662,59.293514251709155],[28.03062438964838,59.29355239868164],[28.030132293701286,59.29330062866222],[28.029745101928768,59.29274749755882],[28.029151916503906,59.291980743408146],[28.029052734375455,59.291812896728516],[28.029096603393555,59.29175567626953],[28.029180526733455,59.291618347168026],[28.0292263031007,59.291522979736385],[28.02936553955118,59.29148101806652],[28.029760360718228,59.29148864746105],[28.030187606811637,59.291542053222656],[28.03050041198736,59.2916374206543],[28.0307235717774,59.29174423217785],[28.030967712402628,59.291881561279524],[28.03142166137701,59.291969299316634],[28.03205490112299,59.29201126098633],[28.03240203857422,59.29199981689459],[28.032646179199276,59.29189682006859],[28.033233642578182,59.29195022583019],[28.033813476562955,59.29213333129894],[28.034088134765796,59.29222869873058],[28.034284591675203,59.29238510131836],[28.034215927124364,59.29240417480514],[28.033914566039982,59.29248809814453],[28.03369140625034,59.292533874511946],[28.033638000488565,59.2925910949707],[28.033824920654297,59.292701721191406],[28.034019470215128,59.292770385742244],[28.03421401977539,59.292873382568644],[28.03425407409668,59.29301834106468],[28.03422927856485,59.293136596679915],[28.03429794311569,59.29320526123058],[28.034505844116268,59.293243408203125],[28.034746170043945,59.29329681396507],[28.034954071044922,59.29342269897484],[28.03493118286167,59.293502807617415],[28.034902572631893,59.29357147216808],[28.03505134582531,59.29355239868164],[28.035184860229663,59.29356384277355],[28.035346984863736,59.29357147216808],[28.0355682373048,59.2935676574707],[28.03576087951666,59.29362106323248],[28.035924911498967,59.293674468994254],[28.036159515380916,59.29369735717768],[28.036487579345703,59.293758392333984],[28.037040710449276,59.293762207031364],[28.037443161010685,59.29372024536133],[28.0379142761235,59.29375076293945],[28.038295745850064,59.29384994506847],[28.03824234008829,59.29391479492193],[28.038101196289062,59.29392623901367],[28.038032531738395,59.29399108886736],[28.037933349609375,59.294044494628906],[28.03772354126022,59.294059753418196],[28.037431716919343,59.294040679931754],[28.03721809387207,59.29403305053722],[28.03686332702648,59.29408264160179],[28.036579132080533,59.29407119750971]],[[28.038120269775675,59.29357147216808],[28.03793525695835,59.29354476928711],[28.0378036499024,59.29347229003906],[28.03767967224121,59.293395996093864],[28.037590026855526,59.29330062866222],[28.03763198852539,59.29321670532249],[28.037651062011832,59.29311370849632],[28.03752899169922,59.29303741455095],[28.037433624267578,59.29292678833002],[28.03753280639694,59.29281616210949],[28.03754425048828,59.292701721191406],[28.03750801086437,59.292606353759766],[28.037746429443473,59.292434692382926],[28.037889480590934,59.29238128662115],[28.038215637207315,59.29241180419933],[28.03831672668491,59.29244613647484],[28.038497924804688,59.292694091796875],[28.038566589355526,59.29275512695335],[28.038820266724088,59.29294967651401],[28.038845062255916,59.2929382324221],[28.03887557983444,59.2929039001466],[28.03887939453125,59.29286193847656],[28.038904190063647,59.29283142089838],[28.038959503173828,59.29281997680687],[28.039020538330135,59.29282379150402],[28.03902244567871,59.292888641357536],[28.039039611816747,59.29291534423851],[28.03905487060547,59.29294967651401],[28.039068222045955,59.29299163818371],[28.039035797119197,59.29302597045921],[28.038999557495288,59.293067932128906],[28.038953781128043,59.29310989379894],[28.038953781128043,59.293148040771484],[28.039009094238395,59.29319000244152],[28.039001464843864,59.29321670532249],[28.038862228393953,59.293254852295206],[28.038730621337834,59.29326248168991],[28.038570404052905,59.293312072754134],[28.038406372070597,59.29337310791027],[28.038259506225586,59.29344558715849],[28.038291931152344,59.29352569580084],[28.038120269775675,59.29357147216808]],[[28.039400100708463,59.2928276062014],[28.039339065552156,59.292781829833984],[28.039287567138786,59.292781829833984],[28.039283752441804,59.29273986816429],[28.03927803039585,59.292701721191406],[28.039327621460075,59.29265213012718],[28.03941726684576,59.292617797851676],[28.03944015502975,59.29257202148443],[28.0394611358646,59.29254913330101],[28.03950881958042,59.29254531860346],[28.03956031799322,59.29254913330101],[28.03962898254406,59.29254531860346],[28.03970718383823,59.29253005981457],[28.039709091186637,59.29249191284208],[28.039752960205078,59.29245376586937],[28.03979492187534,59.292423248291016],[28.039892196655387,59.29239654541044],[28.040048599243335,59.29238891601568],[28.040132522583065,59.29239273071289],[28.04018592834484,59.292423248291016],[28.040260314941463,59.29247665405279],[28.040296554565543,59.292514801025504],[28.040334701538256,59.29256057739275],[28.040391921997184,59.292610168457145],[28.040431976318473,59.29263687133812],[28.040491104126204,59.29266357421909],[28.040626525879304,59.29272079467785],[28.040748596191747,59.29275131225603],[28.040794372558594,59.292781829833984],[28.04082298278854,59.29283142089838],[28.040821075439567,59.292888641357536],[28.04077911376953,59.29294967651401],[28.04067611694336,59.29301834106468],[28.040531158447664,59.29307937622082],[28.040418624877987,59.293140411377294],[28.040298461914517,59.29318237304699],[28.040187835693416,59.293220520019474],[28.040063858032227,59.293251037597656],[28.03991889953636,59.293254852295206],[28.039745330810547,59.293235778808935],[28.03960418701206,59.293254852295206],[28.039503097534464,59.29328155517578],[28.039430618286246,59.29327774047863],[28.03937721252447,59.293243408203125],[28.039375305175895,59.29320144653343],[28.039411544799805,59.293140411377294],[28.039455413818644,59.293064117431925],[28.0394611358646,59.29299163818371],[28.039447784424283,59.29291152954113],[28.039400100708463,59.2928276062014]],[[28.027797698974666,59.29182052612305],[28.0279426574711,59.29186630249046],[28.028051376343228,59.29186248779308],[28.028276443481843,59.29190444946295],[28.028478622436467,59.291969299316634],[28.028713226318587,59.29201889038086],[28.02891921997076,59.29209136962925],[28.02896690368658,59.2921981811524],[28.028854370117642,59.29228210449253],[28.02873229980503,59.29230499267578],[28.028573989868107,59.292320251464844],[28.028514862060945,59.29239654541044],[28.028583526611612,59.292522430420036],[28.028665542602766,59.29267120361328],[28.02862930297846,59.292793273925895],[28.02850151062046,59.2928276062014],[28.028371810913484,59.29285049438499],[28.02828979492233,59.292858123779354],[28.02817916870123,59.29281616210949],[28.028047561645508,59.292789459228516],[28.027826309204443,59.29281616210949],[28.02765655517618,59.29284667968767],[28.02744483947788,59.29282379150402],[28.027267456055085,59.29272079467785],[28.027225494384822,59.292694091796875],[28.02709007263229,59.292610168457145],[28.027004241943416,59.29249954223678],[28.026868820190487,59.29236602783226],[28.026765823364315,59.29225921630854],[28.0265998840336,59.292163848876896],[28.026454925537166,59.29202651977539],[28.02650070190441,59.29191589355469],[28.026607513428132,59.291713714599666],[28.026622772216854,59.291599273681584],[28.026777267456396,59.291519165039404],[28.027080535888786,59.291519165039404],[28.02735328674322,59.291603088379134],[28.027610778808594,59.29168701171869],[28.027797698974666,59.29182052612305]],[[28.019762039184855,59.296016693115234],[28.01963615417486,59.29607772827171],[28.019559860229492,59.296100616455135],[28.019607543945312,59.296142578125],[28.019649505615348,59.29618453979509],[28.019689559936637,59.296291351318416],[28.019641876220817,59.29632568359375],[28.019548416137752,59.296302795410156],[28.019439697265625,59.296283721924055],[28.019264221191804,59.29632568359375],[28.019100189209325,59.29632949829113],[28.018953323364315,59.296283721924055],[28.018785476684627,59.29622268676758],[28.018630981445654,59.29617309570335],[28.018623352051122,59.296096801758154],[28.018714904785213,59.296035766601676],[28.018848419189908,59.29595947265648],[28.018985748291243,59.295909881591854],[28.01913452148483,59.295917510986385],[28.01926994323776,59.29594421386719],[28.019256591797273,59.29598617553705],[28.019275665283146,59.296012878418026],[28.01932525634811,59.296024322509766],[28.0193653106694,59.29597473144554],[28.019500732421932,59.29589843750017],[28.019685745239656,59.29594802856457],[28.019762039184855,59.296016693115234]],[[28.020917892456055,59.29633712768566],[28.020826339721793,59.296272277831974],[28.020866394043082,59.29621887207077],[28.020984649658317,59.29616546630882],[28.02109909057623,59.29618453979509],[28.021192550659464,59.29622650146496],[28.021291732788086,59.296272277831974],[28.021364212036133,59.29635238647472],[28.021339416503906,59.29638671875006],[28.021272659302213,59.2963981628418],[28.021160125732536,59.29640197753935],[28.021112442016715,59.2963981628418],[28.021001815796183,59.296371459961165],[28.020917892456055,59.29633712768566]],[[28.022909164428995,59.2963218688966],[28.022689819336335,59.29625320434593],[28.02251243591354,59.29626083374046],[28.02239418029791,59.29626464843744],[28.022268295288484,59.29623031616211],[28.02221870422369,59.29616165161144],[28.02218627929733,59.296108245849666],[28.022203445434627,59.29608154296869],[28.022392272949332,59.2960662841798],[28.022558212280387,59.29607772827171],[28.022663116455533,59.29613494873047],[28.02278709411638,59.29620361328131],[28.022918701171932,59.29623413085949],[28.022960662841797,59.2963218688966],[28.022909164428995,59.2963218688966]],[[28.027626037597656,59.29785537719738],[28.027841567993335,59.29777908325218],[28.027925491333065,59.29779434204124],[28.028041839599723,59.297832489013956],[28.028108596801815,59.29785919189453],[28.028186798096158,59.2979354858403],[28.028266906738338,59.29801940917969],[28.028343200683537,59.298076629638615],[28.028467178345124,59.298084259033146],[28.028532028198242,59.29813766479492],[28.028490066528377,59.29819107055687],[28.028383255004826,59.29821395874052],[28.028284072876204,59.298240661621094],[28.028097152709904,59.298240661621094],[28.027956008911588,59.298267364501896],[28.02787208557129,59.29831695556686],[28.027734756469783,59.2983283996582],[28.02760887146036,59.29833221435558],[28.027511596679744,59.29831314086914],[28.02753257751459,59.29827499389643],[28.027534484863565,59.298240661621094],[28.027431488037564,59.29822540283203],[28.02730941772495,59.29821395874052],[28.02719879150385,59.298175811767805],[28.027099609375057,59.29810333251959],[28.027006149291992,59.29806137084972],[28.02697944641119,59.29800033569359],[28.0270938873291,59.297901153564624],[28.027196884155273,59.29787445068382],[28.027292251586914,59.297885894775334],[28.027408599853572,59.29787826538097],[28.0275173187257,59.2978515625],[28.027626037597656,59.29785537719738]],[[28.038068771362305,59.29827880859398],[28.038160324097134,59.298156738281364],[28.03823852539074,59.298072814941634],[28.038291931152344,59.29801940917969],[28.038383483886776,59.29796981811546],[28.03860473632824,59.29784011840866],[28.038686752319393,59.29784393310547],[28.03896331787155,59.29792022705084],[28.039115905761776,59.29795074462902],[28.03916931152372,59.29795837402355],[28.039228439331055,59.297985076904524],[28.039327621460075,59.29803848266613],[28.039495468140103,59.29809951782261],[28.039682388305664,59.29811096191412],[28.03979110717779,59.29813385009777],[28.039844512939567,59.29820632934576],[28.039932250976847,59.298271179199446],[28.040128707886083,59.298336029052734],[28.040510177612646,59.298618316650504],[28.040382385254077,59.29873657226574],[28.04026985168457,59.29877471923828],[28.04012680053711,59.29876708984409],[28.04001045227062,59.29874038696312],[28.039886474609432,59.29874801635765],[28.03978347778326,59.29874038696312],[28.039634704589844,59.29874801635765],[28.039577484131257,59.298805236816406],[28.03944015502975,59.29886627197271],[28.039337158203182,59.29885482788103],[28.039232254028434,59.298805236816406],[28.039064407348576,59.29877090454107],[28.038898468017692,59.298709869384766],[28.038639068603572,59.298618316650504],[28.038227081298828,59.29839324951172],[28.038068771362305,59.29827880859398]],[[28.042837142944336,59.298892974853516],[28.043214797974088,59.29883575439476],[28.04360389709501,59.29887771606445],[28.043905258178825,59.298904418945426],[28.044414520263956,59.298885345458984],[28.044870376587312,59.29895019531267],[28.04505920410162,59.29910659790062],[28.04474449157715,59.299324035644474],[28.044359207153775,59.299324035644474],[28.044157028198242,59.299232482910384],[28.043977737427213,59.299152374267635],[28.043531417846793,59.299163818359375],[28.043228149414404,59.29914093017595],[28.04287528991722,59.2990417480471],[28.042837142944336,59.298892974853516]],[[28.047168731689453,59.29911041259777],[28.047403335571744,59.29891586303734],[28.047693252563477,59.29895782470737],[28.048023223877408,59.298980712890625],[28.04821014404297,59.29887008666992],[28.048328399658203,59.29882812500023],[28.048666000366325,59.2989311218264],[28.049087524414347,59.299064636230526],[28.04859161376953,59.29914093017595],[28.047870635986442,59.299259185791016],[28.04724121093784,59.29935073852545],[28.04700660705572,59.299358367920206],[28.04693031311035,59.29927444458008],[28.047168731689453,59.29911041259777]],[[28.046295166015796,59.2983016967774],[28.046115875244595,59.29824447631847],[28.04602241516136,59.298171997070256],[28.045841217041016,59.29800033569359],[28.0458030700687,59.297988891601506],[28.045764923095817,59.29795837402355],[28.045701980591105,59.297908782959325],[28.045598983765103,59.297821044921875],[28.04554939270014,59.29776382446289],[28.04525375366211,59.29766082763672],[28.045135498047216,59.297630310058594],[28.044242858887117,59.297454833984375],[28.04377174377447,59.297348022460994],[28.04359626770065,59.297264099121094],[28.043506622314396,59.297176361083984],[28.04357337951666,59.29713439941429],[28.043809890747184,59.297096252441406],[28.044483184814624,59.297000885009766],[28.045364379882812,59.297004699707145],[28.045955657959098,59.297096252441406],[28.045997619628963,59.2971382141115],[28.04602241516136,59.29722595214838],[28.04599380493198,59.29732131958002],[28.04591941833536,59.297359466552734],[28.045812606811637,59.297637939453125],[28.04599380493198,59.297706604004134],[28.046028137207486,59.29779052734369],[28.04604721069336,59.29791259765631],[28.0460662841798,59.29795074462902],[28.046167373657227,59.29801940917969],[28.04628562927246,59.29805755615257],[28.04634857177774,59.29812622070358],[28.046405792236328,59.298175811767805],[28.046550750732365,59.29822921752941],[28.04655265808151,59.29830551147461],[28.04648971557623,59.298339843750114],[28.046295166015796,59.2983016967774]],[[28.06126213073742,59.29811477661133],[28.060949325561523,59.297992706299055],[28.06073951721197,59.29803466796875],[28.06047248840332,59.2981071472168],[28.059940338134766,59.2979354858403],[28.05948448181158,59.297702789306584],[28.059259414672965,59.29759979248041],[28.059215545654695,59.29740142822277],[28.058967590332088,59.29730224609398],[28.058761596679744,59.2973518371582],[28.058483123779354,59.2973518371582],[28.058195114136026,59.29726028442411],[28.0580101013187,59.29713439941429],[28.058208465576513,59.297008514404524],[28.058427810669002,59.29705810546875],[28.05852508544922,59.29698944091808],[28.05887985229498,59.297096252441406],[28.059286117553768,59.297279357910156],[28.059709548950195,59.297443389892635],[28.06046485900879,59.29769134521507],[28.061307907104833,59.29795837402355],[28.061750411987703,59.29809951782261],[28.061586380005224,59.29816055297874],[28.06126213073742,59.29811477661133]],[[28.065694808960302,59.297714233398665],[28.065223693848054,59.297523498535384],[28.065025329589844,59.29747390747082],[28.064111709594727,59.29731750488304],[28.063312530517692,59.29724502563482],[28.062694549560604,59.29706573486328],[28.062559127807674,59.296821594238395],[28.063064575195654,59.29676055908226],[28.06352424621582,59.29686737060547],[28.06381988525385,59.29701995849621],[28.064180374145565,59.296997070312614],[28.064661026000977,59.297092437744254],[28.065103530883846,59.29723358154314],[28.065633773803995,59.29738998413109],[28.066230773925838,59.29756927490246],[28.06642150878912,59.297737121582315],[28.066179275512866,59.29784011840866],[28.065694808960302,59.297714233398665]],[[28.06191444397001,59.29678344726591],[28.062032699585075,59.29687881469755],[28.061491012573583,59.296810150146484],[28.060813903808594,59.29667663574219],[28.06039619445812,59.29656982421898],[28.060100555419865,59.29641723632824],[28.060342788696346,59.296287536621435],[28.060699462890682,59.29625320434593],[28.061088562012173,59.296470642090014],[28.06158065795927,59.29666519165062],[28.06191444397001,59.29678344726591]],[[28.041080474853516,59.29677200317383],[28.040824890136946,59.29696655273443],[28.040561676025447,59.297199249267805],[28.040525436401538,59.29725646972656],[28.040439605713004,59.297363281250455],[28.040241241455192,59.297622680664404],[28.04013824462902,59.29767608642601],[28.04004669189493,59.2976989746096],[28.03984260559116,59.297721862793026],[28.03968811035162,59.297714233398665],[28.039546966552734,59.29768753051769],[28.039459228515625,59.297641754150675],[28.039363861083984,59.297538757324276],[28.039339065552156,59.29742050170921],[28.039335250854606,59.29738998413109],[28.03932952880865,59.29735565185575],[28.03932571411167,59.29730224609398],[28.03937339782749,59.29716873168945],[28.03942108154331,59.29705047607456],[28.039415359497184,59.296916961670036],[28.039415359497184,59.29686355590826],[28.039411544799805,59.2967224121096],[28.03940582275385,59.296382904053075],[28.039419174194336,59.296211242676065],[28.039415359497184,59.29595184326172],[28.03941345214878,59.29588699340843],[28.039478302002067,59.29586029052746],[28.039627075195312,59.29587554931652],[28.03976440429699,59.29589843750017],[28.039924621582486,59.295936584472656],[28.04012680053711,59.29594802856457],[28.040205001831282,59.29594802856457],[28.040342330932617,59.29594421386719],[28.0404891967778,59.295936584472656],[28.040601730346737,59.29595947265648],[28.04067230224615,59.296005249023494],[28.040733337402287,59.296028137207486],[28.040830612183072,59.29605484008812],[28.040924072265568,59.29606246948265],[28.04103851318365,59.29608917236345],[28.041128158569336,59.29613113403332],[28.041175842285156,59.2961692810058],[28.041219711303995,59.296211242676065],[28.04126930236822,59.296272277831974],[28.041286468506257,59.29631423950241],[28.041307449341275,59.296367645263615],[28.041347503662564,59.29641342163086],[28.04133796691906,59.296466827392805],[28.04130554199213,59.29652023315441],[28.041322708129996,59.296558380126896],[28.04133796691906,59.29658889770508],[28.04126548767084,59.29665374755854],[28.041193008423022,59.29670715332031],[28.041080474853516,59.29677200317383]],[[28.041313171386662,59.29597473144554],[28.04131698608404,59.295909881591854],[28.041376113891943,59.29585647583008],[28.041496276855412,59.295852661132926],[28.041677474975586,59.29587554931652],[28.041866302490632,59.29589843750017],[28.042020797729435,59.295917510986385],[28.04216194152832,59.295936584472656],[28.04232978820835,59.29597473144554],[28.04244422912643,59.29600143432651],[28.04246139526373,59.296028137207486],[28.042455673217773,59.29605865478527],[28.04239654541061,59.296104431152344],[28.042268753052042,59.29613876342785],[28.04211807251022,59.296180725097884],[28.041965484619254,59.296207427978516],[28.041822433471793,59.296199798583984],[28.041622161865405,59.29616546630882],[28.041414260864258,59.296096801758154],[28.041313171386662,59.29597473144554]],[[28.03806686401373,59.297706604004134],[28.038043975830476,59.29776382446289],[28.0379314422608,59.29788208007835],[28.037845611572266,59.297904968261946],[28.037788391113338,59.29795074462902],[28.037742614746094,59.29800033569359],[28.037611007690543,59.29805374145519],[28.03750038147001,59.298069000244254],[28.03726196289091,59.29803085327194],[28.037059783935547,59.298011779785156],[28.036882400512752,59.29796600341808],[28.03663635253912,59.29788208007835],[28.036565780640046,59.297813415527685],[28.03638458251953,59.29767227172863],[28.036136627197664,59.29747009277344],[28.035928726196346,59.297359466552734],[28.035758972168082,59.2972221374514],[28.035638809204045,59.297111511230696],[28.035528182983512,59.29701995849621],[28.035440444946232,59.29696655273443],[28.035371780395565,59.29695129394554],[28.035306930542276,59.29696273803711],[28.035320281982763,59.297008514404524],[28.03531265258823,59.29706573486328],[28.03528213500988,59.297100067138786],[28.035188674926815,59.29712295532221],[28.034984588623047,59.29713058471674],[28.03478431701666,59.29711914062523],[28.03463172912643,59.29714202880882],[28.0343856811528,59.29713439941429],[28.03421020507841,59.297103881836165],[28.034076690673885,59.29705810546875],[28.033922195434513,59.297008514404524],[28.033872604370117,59.29687881469755],[28.03376388549816,59.296829223632926],[28.033685684204386,59.29676055908226],[28.033685684204386,59.296726226806754],[28.033830642700252,59.29665756225609],[28.033893585205135,59.29663467407249],[28.033912658691406,59.29659652709961],[28.033794403076513,59.29652404785156],[28.033647537231502,59.2964820861817],[28.033597946167106,59.2963981628418],[28.03367614746088,59.29633712768566],[28.033813476562955,59.296306610107706],[28.033861160278775,59.29623794555664],[28.033971786499308,59.29621505737305],[28.034084320068416,59.29616546630882],[28.03420639038086,59.29613113403332],[28.034358978271825,59.29608917236345],[28.0347003936771,59.2960090637207],[28.034904479980867,59.296028137207486],[28.034990310669002,59.29613113403332],[28.035049438476562,59.296176910400334],[28.035160064697266,59.29625320434593],[28.035320281982763,59.29626083374046],[28.035457611084098,59.29621505737305],[28.0355682373048,59.29615783691429],[28.035705566406307,59.29606246948265],[28.03585052490274,59.29607009887718],[28.035987854004247,59.296119689941406],[28.03618621826189,59.29616546630882],[28.03637695312517,59.29616546630882],[28.036531448364713,59.29613113403332],[28.036571502685604,59.296112060546875],[28.036663055420092,59.29606246948265],[28.03681182861368,59.296012878418026],[28.03754806518583,59.29596710205101],[28.03840065002447,59.295909881591854],[28.03879547119152,59.29590606689487],[28.03887557983444,59.29591369628906],[28.038911819458008,59.29591369628906],[28.038961410522575,59.296005249023494],[28.03895568847662,59.29603958129883],[28.038925170898494,59.29622268676758],[28.038917541504134,59.29626464843744],[28.03889083862316,59.29640197753935],[28.038810729980582,59.29726028442411],[28.038749694824276,59.29734420776367],[28.038591384887752,59.29742813110374],[28.038379669189624,59.2975120544433],[28.03806686401373,59.297706604004134]],[[28.040718078613395,59.29779052734369],[28.040586471557845,59.29750061035179],[28.040613174438818,59.297454833984375],[28.040681838989485,59.297363281250455],[28.040809631348054,59.297252655029354],[28.040973663330533,59.29721450805687],[28.041149139404354,59.29720687866234],[28.041828155517578,59.29722595214838],[28.042051315307788,59.29724121093784],[28.042186737060888,59.297252655029354],[28.04227828979498,59.29725646972656],[28.04237747192417,59.297267913818814],[28.042449951171818,59.29729080200207],[28.042507171631144,59.29732513427757],[28.042541503906477,59.29734039306646],[28.042591094970703,59.29734420776367],[28.042673110962028,59.2973327636721],[28.04283142089838,59.2973327636721],[28.042898178100643,59.2973327636721],[28.043348312378043,59.297378540039176],[28.043777465820426,59.297435760498104],[28.044805526733455,59.2976150512697],[28.044914245605582,59.297637939453125],[28.045061111450593,59.2976646423341],[28.04519462585455,59.297702789306584],[28.045394897461335,59.29778289794933],[28.045475006103516,59.29783630371094],[28.045562744140625,59.29793930053711],[28.045574188232536,59.29797744750999],[28.04552841186529,59.298069000244254],[28.045438766479606,59.2981414794923],[28.045288085937614,59.29814910888683],[28.04507064819336,59.29811859130888],[28.044921875000114,59.29805755615257],[28.044738769531193,59.29795455932617],[28.044418334960938,59.29787445068382],[28.04426193237299,59.297813415527685],[28.044033050537394,59.297733306884766],[28.043828964233626,59.29780578613298],[28.043754577636832,59.2979354858403],[28.04346466064453,59.29812622070358],[28.043022155761662,59.29818344116234],[28.04278755187994,59.29817962646479],[28.04265594482456,59.29821014404297],[28.042558670043945,59.29822921752941],[28.04244422912643,59.29824829101585],[28.042312622070312,59.298267364501896],[28.04221343994186,59.298259735107536],[28.042100906372184,59.2982177734375],[28.041952133178768,59.29821014404297],[28.04170417785656,59.2982177734375],[28.041482925415096,59.29820251464844],[28.04130172729515,59.298164367675895],[28.041276931762752,59.29815292358421],[28.041109085083463,59.29806137084972],[28.04099082946783,59.297981262206974],[28.040834426879883,59.297889709472884],[28.040718078613395,59.29779052734369]],[[28.061124801635913,59.29757690429699],[28.061023712158317,59.297630310058594],[28.05970764160179,59.2972221374514],[28.059862136840763,59.29713058471674],[28.05993843078653,59.29707717895553],[28.060085296630973,59.297016143799055],[28.060295104980526,59.29705429077154],[28.060533523559627,59.2971382141115],[28.060848236084098,59.297275543213004],[28.060979843140046,59.297363281250455],[28.061208724975643,59.29748153686535],[28.061124801635913,59.29757690429699]],[[28.04725837707531,59.29730224609398],[28.047653198242188,59.29740905761713],[28.047834396362532,59.29751586914085],[28.04763603210489,59.29751968383806],[28.047506332397916,59.29749298095726],[28.04740524292015,59.297458648682095],[28.046873092651765,59.29747772216797],[28.046638488769645,59.297435760498104],[28.046619415283203,59.297367095947266],[28.04665184020996,59.29731369018549],[28.046291351318416,59.297279357910156],[28.0462532043461,59.297252655029354],[28.046226501465128,59.29722976684593],[28.046255111694336,59.297180175781364],[28.046310424804688,59.29714965820318],[28.046514511108455,59.297180175781364],[28.04725837707531,59.29730224609398]],[[28.007690429687955,59.28954315185592],[28.007606506347656,59.2895393371582],[28.007526397705476,59.28954315185592],[28.007453918457088,59.28952789306646],[28.0073623657226,59.28950119018549],[28.007293701171932,59.28950119018549],[28.00707054138229,59.28944778442428],[28.006948471069677,59.28941345214861],[28.006734848022404,59.289375305175895],[28.006639480590763,59.289363861083984],[28.005889892578125,59.289127349853686],[28.005905151367585,59.289100646972884],[28.00592422485346,59.28907775878906],[28.006025314331055,59.28905487060547],[28.006149291992244,59.289031982422046],[28.006252288818814,59.28899002075195],[28.006324768066463,59.2889518737793],[28.006399154663086,59.288925170898665],[28.00657272338907,59.28887176513672],[28.006694793701115,59.28888702392578],[28.006813049316577,59.288921356201115],[28.006933212280217,59.28894805908209],[28.006998062133903,59.28897476196289],[28.00710296630865,59.28899765014671],[28.00721931457514,59.28906631469772],[28.007324218750114,59.28913497924839],[28.00739288330078,59.289184570312614],[28.00746917724615,59.289199829101676],[28.00764083862299,59.2891731262207],[28.007743835449162,59.28915405273466],[28.007860183716218,59.28916549682617],[28.007909774780444,59.28920745849604],[28.007898330688533,59.28924560546875],[28.0078639984132,59.289257049561],[28.007801055908317,59.28927230834972],[28.007701873779297,59.289291381836165],[28.007642745972134,59.28932189941429],[28.007671356201342,59.28940200805687],[28.007745742798136,59.28944396972656],[28.00784683227573,59.28945541381847],[28.007921218872525,59.2894859313966],[28.00791549682657,59.28953552246122],[28.007854461670263,59.28957366943371],[28.007761001587028,59.289558410644645],[28.007690429687955,59.28954315185592]],[[28.02469253540079,59.289196014404524],[28.024629592895508,59.28916549682617],[28.024515151977994,59.289192199707145],[28.02435302734409,59.2891464233399],[28.02415847778326,59.28904342651373],[28.02403068542486,59.28903579711937],[28.023916244507177,59.28904342651373],[28.023817062377987,59.28897094726608],[28.0237598419194,59.28888320922863],[28.023757934570256,59.288833618164006],[28.023834228516023,59.288742065429915],[28.023912429809627,59.28872680664085],[28.024112701416016,59.28877639770508],[28.02452468872076,59.28889465332031],[28.024848937988736,59.28899765014671],[28.025123596191577,59.28908157348644],[28.025108337402685,59.2891464233399],[28.025041580200423,59.289203643799055],[28.024862289428654,59.28924560546875],[28.024749755859375,59.2892494201663],[28.02469253540079,59.289196014404524]],[[28.00548934936569,59.28882217407249],[28.00544548034668,59.28886795043974],[28.005308151245174,59.288917541504134],[28.00522613525402,59.288921356201115],[28.00512313842802,59.28889083862316],[28.005041122436864,59.288856506347656],[28.00481605529825,59.28879928588867],[28.004653930664176,59.28875732421881],[28.004478454589957,59.28871917724632],[28.00441741943365,59.28869247436535],[28.00435066223139,59.288646697998274],[28.00429725647018,59.28863906860374],[28.004219055175838,59.28861618042015],[28.00413513183628,59.288581848144815],[28.004037857055664,59.288570404052734],[28.003934860229492,59.28855514526384],[28.00388336181669,59.28853225708019],[28.003845214843807,59.28851699829113],[28.00378036499069,59.28851699829113],[28.00372886657715,59.28850555419922],[28.003665924072436,59.28845214843744],[28.003646850585994,59.288391113281534],[28.003698348999364,59.28832626342785],[28.003734588623104,59.288288116455135],[28.003774642944563,59.28824996948265],[28.003864288330078,59.288215637207145],[28.003944396972997,59.288223266601676],[28.00404357910162,59.28825378417963],[28.00415802001953,59.28832626342785],[28.00420570373535,59.288387298583984],[28.004243850708406,59.28844451904291],[28.004272460937614,59.288467407226904],[28.00434112548828,59.28849792480469],[28.004396438598633,59.28850173950207],[28.00446510314947,59.288482666015625],[28.004570007324617,59.288463592529524],[28.004667282104663,59.288490295410156],[28.004785537719727,59.288562774658544],[28.004844665527457,59.28860473632824],[28.004917144775845,59.28861236572277],[28.005022048950252,59.28863525390619],[28.005100250244197,59.288646697998274],[28.005153656005973,59.288665771484375],[28.005334854126147,59.288738250732365],[28.00539398193405,59.28877639770508],[28.005458831787166,59.28879547119152],[28.00548934936569,59.28882217407249]],[[28.02446937561058,59.28862380981468],[28.024314880371207,59.288547515869084],[28.02411079406744,59.288478851318416],[28.023965835571403,59.28853225708019],[28.023818969726562,59.288581848144815],[28.0235652923584,59.2885856628418],[28.023374557495117,59.288482666015625],[28.023202896118278,59.288383483886776],[28.022970199585302,59.28825378417963],[28.02284812927269,59.28815841674799],[28.02276039123541,59.28807830810564],[28.022758483887173,59.288024902343864],[28.022802352905273,59.28798675537132],[28.02293968200695,59.28797149658226],[28.023340225219783,59.28813171386719],[28.023622512817326,59.28818893432617],[28.023956298828068,59.28828430175781],[28.024526596069336,59.28845214843744],[28.024698257446346,59.28853225708019],[28.0246524810795,59.28861236572277],[28.02446937561058,59.28862380981468]],[[28.00095558166504,59.28820037841825],[28.000934600830192,59.28827667236362],[28.000928878784237,59.28835296630882],[28.000925064086857,59.28841018676758],[28.000928878784237,59.28845596313499],[28.000898361206453,59.28850555419922],[28.0008602142334,59.28852844238304],[28.000764846801758,59.288558959961165],[28.00058937072754,59.288570404052734],[28.000480651855582,59.28855514526384],[28.000404357910213,59.2885437011721],[28.0003414154055,59.28852844238304],[28.00032615661661,59.28850173950207],[28.00031089782715,59.288467407226904],[28.000247955322266,59.28845596313499],[28.00015830993658,59.28849411010788],[28.000089645385913,59.28852081298851],[27.999988555908317,59.28851699829113],[27.999944686890046,59.288490295410156],[27.99986076354992,59.288475036621094],[27.999790191650504,59.288486480713175],[27.999706268310945,59.28850555419922],[27.999597549438818,59.288486480713175],[27.99950981140171,59.28844451904291],[27.99937820434576,59.288375854492244],[27.99928283691412,59.28832626342785],[27.999204635620174,59.28826904296892],[27.999135971069506,59.2881774902346],[27.99916267395048,59.2881431579591],[27.99918746948248,59.288112640381314],[27.99916648864746,59.2880668640139],[27.999092102050838,59.288021087646484],[27.99876022338907,59.287857055664176],[27.998380661010742,59.28769683837908],[27.99834251403803,59.28766250610374],[27.998308181762695,59.28762054443365],[27.998233795166072,59.287578582763786],[27.99809455871582,59.2875137329105],[27.997869491577205,59.28744888305664],[27.997718811035384,59.287403106689396],[27.997522354125977,59.28737258911144],[27.997339248657227,59.28733444213873],[27.997203826904297,59.28728866577171],[27.99695587158226,59.28724670410185],[27.996852874756257,59.287208557129134],[27.99682426452631,59.28716278076172],[27.996900558472078,59.287128448486555],[27.997032165527457,59.28712463378923],[27.997192382812955,59.287128448486555],[27.997247695923306,59.287139892578125],[27.997295379639127,59.28718566894554],[27.997327804565487,59.287223815918196],[27.99735832214367,59.28725051879883],[27.9974422454834,59.28727340698242],[27.997524261474723,59.28724670410185],[27.997558593750057,59.28719711303722],[27.997539520263615,59.28714370727545],[27.997533798218228,59.28710937499994],[27.997583389282283,59.28710556030296],[27.99764060974121,59.28710556030296],[27.99772071838379,59.28711318969749],[27.997842788696403,59.28715515136719],[27.997905731201286,59.28717041015625],[27.997905731201286,59.287235260009766],[27.998008728027287,59.28725814819336],[27.99802780151373,59.287303924560774],[27.998052597046126,59.28733444213873],[27.998161315918253,59.28733444213873],[27.998289108276822,59.28731918334984],[27.998376846313533,59.287330627441406],[27.998418807983796,59.28736495971691],[27.99841308593784,59.287410736084155],[27.998416900634822,59.28744506835983],[27.99844169616705,59.287487030029524],[27.998498916625977,59.287494659424055],[27.998575210571744,59.28747177124046],[27.998645782470817,59.28745269775402],[27.998741149902457,59.28743743896513],[27.99882316589361,59.28742599487305],[27.998954772949332,59.28742980957037],[27.999055862426758,59.28744888305664],[27.999132156372127,59.28746032714855],[27.9992351531983,59.28744125366211],[27.999303817748967,59.28742218017584],[27.999374389648608,59.28744125366211],[27.999404907226562,59.28746032714855],[27.99943733215332,59.28750991821312],[27.99956512451189,59.28762435913086],[27.999889373779297,59.287670135498274],[27.999961853027344,59.287742614746094],[28.0000267028812,59.287773132324446],[28.000104904174805,59.287761688232536],[28.00022315979004,59.287773132324446],[28.00037384033243,59.28781890869169],[28.00041389465332,59.287853240967024],[28.00046920776407,59.28788757324236],[28.000534057617188,59.28792190551803],[28.000606536865575,59.287937164306754],[28.000814437866325,59.28801727294967],[28.00078773498535,59.28807830810564],[28.000795364379883,59.288120269775504],[28.00086402893112,59.288139343261946],[28.000936508178768,59.28816223144554],[28.00095558166504,59.28820037841825]],[[28.005765914917106,59.28779220581072],[28.00558090209961,59.287757873535384],[28.00535011291504,59.28772354126005],[28.005065917968693,59.287601470947436],[28.00490760803234,59.28761672973633],[28.00477981567377,59.2876434326173],[28.004661560058707,59.28759384155268],[28.004495620727994,59.2875671386721],[28.004320144653434,59.28756332397472],[28.004289627075252,59.28750228881859],[28.00436973571783,59.287410736084155],[28.00449752807623,59.287391662597884],[28.00467300415079,59.28742218017584],[28.00489616394043,59.28744125366211],[28.005126953125,59.287494659424055],[28.00544166564987,59.287578582763786],[28.005689620971737,59.28761291503912],[28.005928039550838,59.28763580322311],[28.006032943725586,59.28764724731445],[28.006149291992244,59.28768157958979],[28.00629806518566,59.2877197265625],[28.006454467773438,59.287757873535384],[28.006694793701115,59.28778076171898],[28.006910324096793,59.28780746459961],[28.006954193115632,59.287765502929915],[28.006845474243505,59.2877006530764],[28.00665283203125,59.287670135498274],[28.006526947021655,59.287666320800895],[28.00637817382824,59.28762054443365],[28.00629425048868,59.287559509277344],[28.006238937378328,59.287494659424055],[28.00621414184576,59.28742599487305],[28.006322860717887,59.287391662597884],[28.006631851196403,59.28743362426758],[28.006914138794343,59.28750228881859],[28.007181167602653,59.28759765625023],[28.00741767883335,59.287677764892805],[28.007452011108853,59.28786468505871],[28.007356643677213,59.287937164306754],[28.007133483886832,59.287937164306754],[28.007003784179858,59.287956237793196],[28.006824493408658,59.287937164306754],[28.006687164306584,59.28789138793968],[28.00642585754406,59.28787612915062],[28.006237030029354,59.28786849975609],[28.00596427917492,59.28781127929693],[28.005765914917106,59.28779220581072]],[[28.003234863281648,59.28755569458019],[28.00334548950218,59.287677764892805],[28.003271102905387,59.28769683837908],[28.003135681152457,59.28766250610374],[28.00293540954624,59.287570953369254],[28.002746582031364,59.28746795654308],[28.002523422241325,59.28736877441406],[28.002384185791414,59.28731918334984],[28.002292633056754,59.28726577758789],[28.00225067138672,59.287223815918196],[28.00209808349649,59.2871665954591],[28.001920700073697,59.28710937499994],[28.00177955627447,59.28706741333008],[28.00142478942888,59.28698348999035],[28.001367568969727,59.287025451660384],[28.001335144043367,59.28705978393555],[28.001251220703068,59.287036895752294],[28.00114250183111,59.28697586059582],[28.001041412353914,59.28693389892595],[28.001028060913427,59.286880493164176],[28.001089096069734,59.28684616088901],[28.001201629638672,59.28681945800804],[28.001308441162394,59.28681564331066],[28.001388549805142,59.28683853149431],[28.001466751098746,59.286869049072266],[28.001550674438477,59.286880493164176],[28.001623153686523,59.286857604980526],[28.0017604827882,59.28684616088901],[28.00186347961437,59.286861419677734],[28.001989364624364,59.28690719604515],[28.002117156982365,59.286960601806925],[28.002183914184627,59.28701782226585],[28.00222206115734,59.28707504272461],[28.002431869507234,59.287151336670206],[28.00247764587408,59.287216186523665],[28.002515792846793,59.28725814819336],[28.00260543823248,59.2872772216798],[28.00284767150913,59.28733444213873],[28.002946853637752,59.287403106689396],[28.003051757812898,59.28746795654308],[28.003129959106502,59.28749847412104],[28.003234863281648,59.28755569458019]],[[28.004842758179052,59.28706741333008],[28.00499153137207,59.28704833984381],[28.00535011291504,59.28708267211914],[28.005432128906364,59.28711318969749],[28.005399703979435,59.28716278076172],[28.0053386688233,59.287212371826115],[28.005100250244197,59.2872009277346],[28.00495910644571,59.28715515136719],[28.004844665527457,59.28710937499994],[28.004842758179052,59.28706741333008]],[[28.000965118408146,59.287151336670206],[28.001075744629247,59.28717041015625],[28.001184463501374,59.2871665954591],[28.001333236694393,59.28718185424816],[28.001514434814567,59.28719329834007],[28.001646041870117,59.28719329834007],[28.001756668091218,59.287204742431584],[28.001857757568416,59.287212371826115],[28.001966476440373,59.287235260009766],[28.00209045410196,59.28726577758789],[28.002101898193473,59.287292480468864],[28.0020236968997,59.287322998047216],[28.00194358825695,59.28734207153349],[28.001861572265625,59.28735733032238],[28.001125335693473,59.287315368652514],[28.001056671142805,59.287307739257756],[28.000942230224723,59.28728866577171],[28.00087928772001,59.2872428894043],[28.00082778930664,59.2872009277346],[28.000865936279524,59.2871665954591],[28.000965118408146,59.287151336670206]],[[28.005697250366268,59.288848876953466],[28.005777359009016,59.288841247558764],[28.005863189697322,59.288848876953466],[28.00594711303745,59.28886032104498],[28.006000518799226,59.28886795043974],[28.006061553955533,59.28889465332031],[28.00608253479038,59.288925170898665],[28.006032943725586,59.28895950317383],[28.005962371826172,59.28897857666027],[28.00590324401861,59.28897857666027],[28.00581169128435,59.28897094726608],[28.00568008422897,59.288928985595646],[28.005651473999023,59.28890228271507],[28.005697250366268,59.288848876953466]],[[28.01208686828619,59.28665542602573],[28.012037277221964,59.28662872314476],[28.0119953155521,59.28662872314476],[28.011917114257926,59.28664016723627],[28.011781692504996,59.28665542602573],[28.01168823242233,59.28665161132835],[28.011566162109716,59.28662490844738],[28.011428833007812,59.28660583496094],[28.011125564575252,59.286506652832145],[28.011074066162053,59.28646850585943],[28.011009216308764,59.286411285400504],[28.01095962524454,59.28638458251953],[28.01085662841797,59.28635406494135],[28.01078414917015,59.286323547363395],[28.010719299316463,59.286312103271484],[28.010639190674283,59.28629684448242],[28.01051330566412,59.28627014160179],[28.01035308837936,59.28626251220726],[28.010227203369197,59.28625106811518],[28.0100154876709,59.286224365234375],[28.00991058349649,59.2861976623538],[28.00979232788086,59.286148071289176],[28.00970840454113,59.28610229492216],[28.0096321105961,59.28608322143589],[28.009555816650334,59.286060333251896],[28.009517669677848,59.28603744506847],[28.009443283081055,59.28600692749052],[28.009340286255053,59.285980224609546],[28.00926208496088,59.28597640991234],[28.009193420410213,59.285949707031364],[28.009143829345817,59.28592300415039],[28.009107589722078,59.28589248657261],[28.008924484253157,59.28589248657261],[28.008802413940543,59.28588867187523],[28.008703231811523,59.28588867187523],[28.00859642028854,59.28588867187523],[28.00851631164562,59.285865783691634],[28.008428573608512,59.28580093383795],[28.00833702087442,59.28573608398449],[28.00828552246105,59.285694122314624],[28.00815391540567,59.28565216064453],[28.008056640625057,59.28567504882835],[28.007965087890625,59.285686492919865],[28.00785255432129,59.28565979003929],[28.007743835449162,59.28562927246094],[28.007507324219034,59.28559875488298],[28.00741767883335,59.2855682373048],[28.007356643677213,59.285514831543026],[28.00724983215332,59.28548049926769],[28.007064819336165,59.285419464111385],[28.00692367553711,59.28536224365246],[28.006805419922216,59.285335540771484],[28.00671195983898,59.28532028198276],[28.006629943847656,59.28531265258806],[28.00655746459961,59.28527450561535],[28.00646209716797,59.285228729248104],[28.006370544433707,59.285163879394645],[28.00633049011242,59.285156250000455],[28.006286621094148,59.28518676757824],[28.006217956542912,59.28519821167015],[28.00616645812994,59.2851676940918],[28.00612258911127,59.28513336181646],[28.00603485107456,59.28511047363304],[28.005918502808072,59.285072326660156],[28.005826950073242,59.285057067871094],[28.005729675293196,59.285064697265625],[28.005605697632177,59.285045623779354],[28.00550079345703,59.2850151062014],[28.00540924072294,59.28494262695318],[28.005380630493562,59.284893035888786],[28.005346298218228,59.28482055664057],[28.005250930786588,59.28477096557617],[28.005027770996378,59.28473663330101],[28.004961013793945,59.28472518920893],[28.00489616394043,59.28466796875],[28.004833221435547,59.284618377685774],[28.00471687316906,59.28448867797897],[28.004312515259073,59.28421401977539],[28.00374031066923,59.28404617309593],[28.00348091125528,59.28388214111345],[28.003213882446232,59.28366851806652],[28.003084182739258,59.28339004516596],[28.003013610839844,59.28321838378929],[28.003084182739258,59.283153533936],[28.003208160400845,59.28310775756859],[28.003387451171875,59.28310394287104],[28.003862380981843,59.28310775756859],[28.004112243652287,59.28312683105503],[28.004287719726676,59.28315734863281],[28.004440307617642,59.28320693969721],[28.0046005249024,59.28324127197294],[28.005010604858512,59.283283233642805],[28.0054931640625,59.28339004516596],[28.006240844726733,59.28340148925804],[28.006523132324276,59.283542633056754],[28.006498336792447,59.28369903564487],[28.006443023682095,59.283729553222656],[28.006418228149528,59.283790588379134],[28.006439208984375,59.28385543823265],[28.006519317627294,59.283901214599666],[28.00670051574707,59.283935546875],[28.00692749023483,59.283973693847884],[28.007028579711857,59.284004211426065],[28.007112503051985,59.28403091430664],[28.00714683532732,59.284065246581974],[28.00715065002447,59.28411102294922],[28.007179260254247,59.2841491699221],[28.007263183593807,59.284175872803075],[28.00768089294445,59.284271240234716],[28.008163452148438,59.284351348876896],[28.00881195068365,59.28442764282249],[28.009538650512695,59.28456497192383],[28.01037025451666,59.284805297851676],[28.01096725463907,59.28503799438482],[28.011243820190487,59.28517913818371],[28.011753082275447,59.285499572754134],[28.012004852295036,59.28575515747093],[28.012252807617244,59.285861968994254],[28.012670516968114,59.28600692749052],[28.012857437133846,59.286235809326286],[28.01299476623535,59.28639602661178],[28.012586593627987,59.28644943237299],[28.012479782104833,59.28646469116245],[28.01239395141613,59.286502838134766],[28.012247085571687,59.28662872314476],[28.01218986511236,59.28666305541992],[28.01213455200201,59.286674499512],[28.01208686828619,59.28665542602573]],[[28.00050163269043,59.282539367675724],[28.000621795654297,59.28252792358421],[28.000717163085938,59.28253555297874],[28.00085639953619,59.28258514404297],[28.000829696655217,59.28266525268555],[28.000726699829045,59.282714843750114],[28.000606536865575,59.28271865844749],[28.000442504883267,59.28268432617199],[28.000419616699276,59.28260421752941],[28.00050163269043,59.282539367675724]],[[28.00258064270065,59.282466888427734],[28.002571105957145,59.28241729736351],[28.00258827209518,59.282375335693416],[28.002681732177678,59.282386779785156],[28.002790451049805,59.28239440917969],[28.002811431884822,59.28242874145519],[28.002786636352823,59.282455444336165],[28.002698898315543,59.282478332519815],[28.002639770507812,59.28249740600586],[28.00258064270065,59.282466888427734]],[[28.000017166137695,59.28240203857422],[27.999889373779297,59.28243255615257],[27.999731063842773,59.28241729736351],[27.99971961975143,59.282371520996094],[27.99970054626499,59.28230667114258],[27.999738693237305,59.282264709472884],[27.99986839294428,59.2822532653808],[27.999992370605867,59.282279968261776],[28.00012207031284,59.28232574462902],[28.00013923645031,59.282360076904524],[28.000017166137695,59.28240203857422]],[[28.000362396240348,59.28195571899437],[28.00033760070812,59.28190231323242],[28.000400543212834,59.28181076049833],[28.00060081481945,59.281734466552734],[28.000759124755973,59.28171157836914],[28.000854492187614,59.281753540039176],[28.000793457031307,59.281852722168196],[28.000730514526424,59.281879425049],[28.000610351562557,59.28186798095726],[28.000581741333008,59.28193283081055],[28.000478744506836,59.28197479248064],[28.000362396240348,59.28195571899437]],[[27.91417121887207,59.25220108032249],[27.91428375244135,59.25223922729498],[27.91435050964361,59.25225067138672],[27.914464950561523,59.252212524414006],[27.91457366943365,59.25223159790045],[27.914491653442496,59.25228118896507],[27.914316177368278,59.25234222412138],[27.91424369812046,59.25235748291027],[27.914106369018555,59.252315521240405],[27.91394424438522,59.25225448608444],[27.91372871398937,59.252197265625114],[27.913425445556584,59.25208282470703],[27.91339111328125,59.25208663940441],[27.913356781005916,59.25209045410179],[27.913320541381836,59.25208663940441],[27.91308021545433,59.2519989013673],[27.913015365600643,59.25199508667015],[27.91295623779331,59.25196838378952],[27.912935256958463,59.251941680908544],[27.91298866271967,59.251926422119084],[27.91291618347202,59.25188064575207],[27.91282844543474,59.251865386963175],[27.91269683837936,59.251850128173885],[27.91260910034225,59.25180435180687],[27.91246604919479,59.2517356872558],[27.912431716919286,59.25169754028332],[27.912336349487646,59.25162124633812],[27.912210464477653,59.2515563964846],[27.912124633789517,59.251495361328125],[27.912042617797795,59.25147247314453],[27.911998748779354,59.251422882080305],[27.911939620971623,59.25138854980497],[27.911891937255803,59.25138854980497],[27.911779403686694,59.2513694763187],[27.91172218322754,59.25134277343773],[27.911687850952205,59.25128936767578],[27.911611557006836,59.25124359130871],[27.911607742310025,59.25117492675804],[27.911584854126033,59.25115585327143],[27.91154289245617,59.251136779785384],[27.911556243896484,59.25110244751005],[27.911611557006836,59.25109100341797],[27.911676406860693,59.25108718872076],[27.911750793457486,59.25110244751005],[27.911907196045263,59.25117111206072],[27.912078857422102,59.25125122070307],[27.91224288940441,59.25130844116222],[27.912324905395565,59.25137329101568],[27.912351608276538,59.25138473510742],[27.912429809570312,59.251419067382926],[27.912544250488395,59.25148010253906],[27.912628173828125,59.251502990722656],[27.912811279296875,59.25161361694359],[27.913110733032283,59.251777648926236],[27.913480758667333,59.251941680908544],[27.913652420044173,59.25197982788086],[27.913803100585994,59.252025604248274],[27.913930892944734,59.25209808349632],[27.914030075073356,59.25214767456055],[27.91407585144043,59.25217819213867],[27.91417121887207,59.25220108032249]],[[27.91129493713413,59.251037597656364],[27.91126251220703,59.25100326538086],[27.91127967834467,59.250980377197436],[27.91125488281267,59.250957489013786],[27.91121482849121,59.2509460449221],[27.91117095947311,59.250938415527344],[27.911109924316804,59.250949859619254],[27.911045074462947,59.250953674316634],[27.91098403930664,59.25092697143566],[27.910963058471793,59.25090408325201],[27.910966873169343,59.250869750976506],[27.91091728210455,59.25083541870117],[27.910949707031307,59.25076293945335],[27.910926818848054,59.25074386596691],[27.910894393920955,59.25071334838873],[27.910886764526595,59.250682830810774],[27.910942077636776,59.2506561279298],[27.910993576049748,59.25066375732433],[27.911161422729606,59.25075912475597],[27.911401748657283,59.25081253051758],[27.91147041320795,59.25085067749046],[27.911495208740348,59.25088882446312],[27.911567687988565,59.250953674316634],[27.91159439086954,59.25100326538086],[27.911577224731502,59.251037597656364],[27.911531448364258,59.25106048583979],[27.911420822143555,59.25107192993187],[27.911340713500977,59.25106048583979],[27.91129493713413,59.251037597656364]],[[27.91443061828619,59.2506561279298],[27.914344787597656,59.25063323974655],[27.914308547973746,59.25061035156256],[27.91427040100143,59.25055694580078],[27.91417121887207,59.25043869018555],[27.914091110229492,59.25038528442394],[27.914014816284293,59.250316619873274],[27.913997650146428,59.25029373168968],[27.913993835449276,59.250236511230526],[27.913963317871094,59.25019836425804],[27.913908004760742,59.2501792907716],[27.913824081421012,59.25018310546898],[27.913644790649812,59.250164031982536],[27.913595199585018,59.250148773193644],[27.91351890563965,59.25011062622093],[27.913471221923828,59.250064849853516],[27.91346168518089,59.25000381469738],[27.913463592529297,59.24993896484409],[27.913473129272404,59.249893188476676],[27.91343116760254,59.24983215332054],[27.913387298584098,59.249797821045036],[27.91334724426281,59.24972915649437],[27.91329574584961,59.24967575073242],[27.91314697265659,59.24959945678722],[27.91308403015131,59.24959182739269],[27.913009643554688,59.24962997436518],[27.912937164306868,59.24963378906273],[27.912878036499137,59.249614715576286],[27.912872314453182,59.24956512451172],[27.912895202637173,59.24954223632807],[27.91286468505865,59.249519348144645],[27.91282081604038,59.24945831298851],[27.912794113159407,59.24939346313522],[27.912734985351676,59.24931716918945],[27.912736892700252,59.249259948730696],[27.91282463073736,59.24919128417969],[27.912822723388786,59.24914932250999],[27.9128360748291,59.24909210205084],[27.912889480591048,59.249069213867415],[27.912990570068814,59.249069213867415],[27.91309547424322,59.24913024902355],[27.913148880004996,59.24918746948248],[27.913276672363736,59.24935531616234],[27.913276672363736,59.24940109252941],[27.91325187683117,59.249443054199446],[27.913249969482763,59.24948501586914],[27.913412094116666,59.24966812133789],[27.913511276245117,59.249691009521484],[27.91357421875,59.24972152709984],[27.913612365722713,59.249786376953125],[27.913679122925146,59.24985504150396],[27.913795471191634,59.24992370605463],[27.913934707641715,59.25009536743187],[27.91402053833025,59.250156402588345],[27.914121627808015,59.250141143798885],[27.914190292358683,59.250152587890625],[27.91425132751499,59.25018692016613],[27.91429138183628,59.250221252441634],[27.91429519653326,59.25026702880871],[27.914308547973746,59.25030517578119],[27.914451599121207,59.25038528442394],[27.91448593139654,59.25042724609381],[27.914527893066406,59.250507354736555],[27.91452598571783,59.2505455017091],[27.914548873901424,59.250614166259766],[27.91452217102045,59.25064849853527],[27.91443061828619,59.2506561279298]],[[27.91058158874523,59.24959182739269],[27.910631179809627,59.24966812133789],[27.91061019897461,59.24972915649437],[27.91052627563488,59.24978256225597],[27.910366058349553,59.249801635742415],[27.910221099853516,59.249790191650504],[27.91013145446783,59.24972915649437],[27.91003227233881,59.249694824218864],[27.909931182861783,59.24964523315447],[27.909873962402457,59.2495765686038],[27.90979385375971,59.24953842163109],[27.9097061157226,59.249530792236555],[27.909612655639933,59.24948883056686],[27.90956306457514,59.249431610107536],[27.909543991089265,59.24936676025425],[27.90949440002447,59.24932098388683],[27.909431457519588,59.24929428100586],[27.909400939941804,59.2492370605471],[27.909383773803768,59.249153137206974],[27.909435272217138,59.24911117553711],[27.90949821472168,59.249073028564624],[27.909532546997184,59.24903869628929],[27.909511566162166,59.24900817871094],[27.90943908691412,59.248981475830305],[27.90918350219755,59.24896621704124],[27.9091033935548,59.24892044067383],[27.909101486206396,59.24885940551769],[27.909116744995117,59.248809814453125],[27.90911293029791,59.24868774414085],[27.909189224243505,59.248538970947266],[27.909301757812614,59.24851608276367],[27.909385681152344,59.24851226806646],[27.909448623657624,59.24856185913109],[27.90948677062994,59.248626708984375],[27.909500122070426,59.24866485595726],[27.909532546997184,59.248703002929744],[27.909612655639933,59.24872970581055],[27.909704208374023,59.24874496459961],[27.909780502319393,59.24877166748041],[27.909885406494368,59.248817443847656],[27.909942626953125,59.24882888793957],[27.90998840332037,59.248817443847656],[27.90995216369663,59.24875259399437],[27.90999221801752,59.248733520507926],[27.91007614135765,59.248714447021484],[27.910150527954443,59.24870681762695],[27.910217285156705,59.24868011474632],[27.91026687622093,59.248615264892635],[27.91039085388195,59.24857330322277],[27.910459518432617,59.248542785644645],[27.910453796386832,59.24848937988304],[27.91044998168985,59.24842071533203],[27.910516738891545,59.248359680175895],[27.91058158874523,59.24832916259771],[27.91068077087442,59.24832916259771],[27.910785675048828,59.24833679199247],[27.910886764526595,59.24832534790039],[27.910961151123388,59.24830245971674],[27.91114807128912,59.248275756836165],[27.911153793335075,59.2482070922851],[27.911300659180085,59.24812316894554],[27.911523818969727,59.24811553955101],[27.91168594360363,59.24813461303711],[27.911754608154297,59.24814224243164],[27.911874771118335,59.24816131591808],[27.911951065063533,59.24819946289057],[27.911987304687443,59.24822998046875],[27.9121551513673,59.248283386230696],[27.91223907470703,59.24832153320318],[27.91229057312023,59.24837493896496],[27.91233062744169,59.248439788818814],[27.912336349487646,59.24848556518549],[27.912393569946403,59.24865722656273],[27.912448883056754,59.248733520507926],[27.91250610351608,59.24878311157249],[27.91251373291061,59.24882507324219],[27.912445068359773,59.2488708496096],[27.91236686706543,59.248893737793026],[27.912284851074276,59.248886108398665],[27.91205978393566,59.2487602233889],[27.911886215210416,59.24878311157249],[27.911708831787053,59.24882125854538],[27.911472320556925,59.2489128112793],[27.91116714477539,59.249073028564624],[27.911132812500057,59.24911117553711],[27.91118812561041,59.24914932250999],[27.911230087280273,59.24920272827194],[27.911222457885742,59.249244689941634],[27.91110420227085,59.24929809570358],[27.910961151123388,59.249347686767805],[27.910627365112646,59.24938583374052],[27.910589218139762,59.249427795410384],[27.91058158874523,59.24959182739269]],[[27.90966987609869,59.24831390380882],[27.909671783447266,59.24836349487305],[27.909646987915266,59.24841690063482],[27.909572601318473,59.24843215942411],[27.90953063964878,59.24841690063482],[27.90949440002447,59.24837493896496],[27.90949821472168,59.24832916259771],[27.90948295593296,59.24829101562523],[27.909456253051985,59.248264312744254],[27.90940284729004,59.24822998046875],[27.909431457519588,59.24819564819359],[27.909492492675895,59.248180389404524],[27.909555435180607,59.248184204101676],[27.90961074829096,59.24821472167986],[27.909637451171932,59.248275756836165],[27.90966987609869,59.24831390380882]],[[27.909830093384187,59.24866867065441],[27.909763336181754,59.24867630004877],[27.909711837768555,59.24865341186535],[27.90967750549322,59.248619079589844],[27.90957450866705,59.24856567382824],[27.909547805786246,59.24851226806646],[27.909616470336914,59.24848937988304],[27.90976524353033,59.24850845336948],[27.909925460815828,59.24858856201166],[27.909938812256314,59.248622894287394],[27.90989685058588,59.24865341186535],[27.909830093384187,59.24866867065441]],[[27.909774780273835,59.245918273925724],[27.909837722778548,59.24588775634777],[27.909982681274414,59.24588775634777],[27.91001701354992,59.24590682983421],[27.910041809082315,59.245929718017805],[27.910070419311523,59.24595642089844],[27.91010093688965,59.24599456787132],[27.91011619567911,59.24604034423834],[27.910108566284578,59.24607467651367],[27.910057067871207,59.246105194092024],[27.90991210937534,59.24617385864269],[27.909828186035213,59.246200561523665],[27.90977287292486,59.24623489379883],[27.90974617004389,59.24627304077171],[27.909702301025447,59.24631118774437],[27.90964508056686,59.24632644653326],[27.90959739685104,59.24633407592802],[27.90954971313522,59.24632644653326],[27.90947914123541,59.24629974365229],[27.90946197509811,59.2462615966798],[27.90949440002447,59.24621582031273],[27.909584045410554,59.24615478515625],[27.909620285034293,59.24612045288109],[27.909646987915266,59.24607467651367],[27.909664154052734,59.246017456054915],[27.90969276428268,59.24597549438488],[27.909774780273835,59.245918273925724]],[[27.896739959716854,59.22659683227539],[27.89662170410196,59.22657394409214],[27.89639854431158,59.22658538818365],[27.896213531494425,59.226554870605696],[27.896081924438477,59.226440429687614],[27.895946502685945,59.22631454467819],[27.895799636840934,59.22621154785185],[27.895727157592717,59.22612762451172],[27.895687103271428,59.226020812988565],[27.895652770996094,59.22597122192394],[27.895559310913427,59.225906372070654],[27.895423889160327,59.22578048706066],[27.895408630371435,59.22565841674805],[27.89546966552774,59.225555419921875],[27.89558982849121,59.22548675537121],[27.89576911926315,59.225482940674055],[27.896064758300838,59.22550582885765],[27.89626312255865,59.22553253173828],[27.89648246765148,59.22559356689476],[27.8966064453125,59.22567367553734],[27.896820068359602,59.22577667236351],[27.896934509277685,59.2258758544923],[27.896993637085018,59.22603988647461],[27.896987915039062,59.2262077331543],[27.897043228149812,59.226364135742415],[27.897121429443416,59.226455688476506],[27.897220611572607,59.226539611816634],[27.897277832031364,59.226619720458984],[27.89727973937994,59.22667694091797],[27.89732742309576,59.22678375244169],[27.897401809692383,59.226802825927734],[27.897516250610465,59.22686767578125],[27.897567749023835,59.22694015502924],[27.897615432739656,59.2270317077639],[27.897556304931754,59.227077484131314],[27.897436141967887,59.22711944580101],[27.897321701049805,59.22713470459007],[27.8972110748291,59.22711944580101],[27.897138595581453,59.22706985473661],[27.89711189270065,59.22700119018555],[27.897043228149812,59.226921081543196],[27.89698410034191,59.22686386108404],[27.89693641662609,59.2267951965332],[27.896926879882756,59.22669219970703],[27.896871566772404,59.226638793945426],[27.896739959716854,59.22659683227539]],[[27.893501281738622,59.21959304809593],[27.89343833923334,59.21943664550781],[27.89349937438965,59.21940231323265],[27.89352607727062,59.21933364868164],[27.893592834472713,59.21924972534208],[27.89377784729004,59.21920013427746],[27.893953323364258,59.219188690185774],[27.894058227539006,59.2192192077639],[27.894193649292106,59.219196319580305],[27.894285202026765,59.21923446655279],[27.894439697265568,59.219379425049055],[27.89451026916538,59.21950149536127],[27.89451026916538,59.21957015991234],[27.894615173339957,59.219646453857536],[27.894676208496094,59.219711303710994],[27.894676208496094,59.21975326538086],[27.894710540771598,59.21979522705095],[27.89478492736822,59.21986007690441],[27.895002365112305,59.2201881408692],[27.895202636718693,59.22057723999029],[27.89538002014166,59.2213211059572],[27.895343780517578,59.22154235839844],[27.895195007324332,59.22183227539108],[27.895233154297046,59.22188949584984],[27.895385742187614,59.22193145751953],[27.895528793335075,59.221958160400504],[27.89558982849121,59.22201156616211],[27.895616531372184,59.22209930419922],[27.895572662353914,59.22218322753929],[27.8954753875733,59.222244262695426],[27.8953475952153,59.22227859497093],[27.89519119262735,59.222244262695426],[27.895067214965763,59.22220230102539],[27.89486122131359,59.22215652465832],[27.894620895385742,59.22208023071312],[27.89453506469721,59.22201156616211],[27.894479751587028,59.221946716308594],[27.89438247680664,59.22190093994175],[27.894300460815487,59.22185134887695],[27.894296646118107,59.22174072265625],[27.894346237183072,59.22167587280296],[27.894289016723746,59.22158050537132],[27.894292831421126,59.221504211425724],[27.894332885742585,59.22143554687506],[27.894229888916414,59.22135925292969],[27.8941593170166,59.22129058837902],[27.894117355346737,59.22120285034191],[27.894033432007177,59.221160888671875],[27.89396095275879,59.221076965332145],[27.893985748291357,59.22101211547863],[27.894018173217717,59.220958709716854],[27.893955230713004,59.22087478637695],[27.893907546997184,59.220794677734375],[27.893945693969897,59.22073364257807],[27.893978118896825,59.22066879272461],[27.894025802612646,59.22059631347656],[27.894031524658203,59.220535278320426],[27.893985748291357,59.220443725586165],[27.89396858215332,59.22037887573248],[27.893867492675724,59.22031784057617],[27.893659591674975,59.22019577026373],[27.893426895142,59.21992111206055],[27.893398284912053,59.219806671142635],[27.89349937438965,59.21976470947277],[27.893524169921875,59.21968078613304],[27.893501281738622,59.21959304809593]],[[27.890062332153605,59.21477127075195],[27.890161514282227,59.21475219726568],[27.890317916870174,59.21476364135742],[27.890497207641943,59.21473312377924],[27.890596389770565,59.21472930908226],[27.890670776367188,59.21473312377924],[27.890712738037223,59.21477508544967],[27.890783309936864,59.21480941772484],[27.890941619873217,59.21486282348661],[27.891166687011832,59.21492385864252],[27.891208648681697,59.214965820312955],[27.891296386718807,59.21500396728527],[27.89138221740768,59.215057373046875],[27.8914470672608,59.21512985229526],[27.891563415527457,59.215244293213175],[27.891563415527457,59.215335845947266],[27.891511917114656,59.21536254882824],[27.89151382446306,59.215400695800724],[27.891605377197322,59.2154273986817],[27.891750335693757,59.21546173095703],[27.891811370850064,59.215492248535384],[27.891830444335938,59.21554565429699],[27.89180183410656,59.21557235717796],[27.891746520996207,59.215576171875114],[27.89158248901373,59.21557235717796],[27.891468048095817,59.21556854248058],[27.891397476196573,59.215576171875114],[27.891321182251374,59.21560287475609],[27.891189575195426,59.21562576293974],[27.891153335571346,59.21564483642578],[27.891141891479606,59.21570587158209],[27.891094207763786,59.21576309204124],[27.891036987304858,59.21579742431675],[27.890926361084325,59.21583175659191],[27.890647888183935,59.215766906738395],[27.89056587219278,59.21573257446289],[27.890531539917447,59.215690612793196],[27.890472412109375,59.2156677246096],[27.89037132263195,59.21566009521507],[27.89024353027338,59.215694427490405],[27.890216827392578,59.21573638916027],[27.890262603759822,59.215766906738395],[27.890272140503328,59.21580123901373],[27.89023208618204,59.21581268310547],[27.890190124512173,59.2158203125],[27.8901882171632,59.215858459472884],[27.890081405640046,59.21591567993164],[27.89004516601574,59.215950012207145],[27.89004516601574,59.21599578857422],[27.89012336730991,59.21611785888683],[27.890113830566406,59.21618270874029],[27.89003562927263,59.216316223144645],[27.89001655578619,59.21644210815424],[27.890022277832145,59.21654510498041],[27.889978408813477,59.216579437256144],[27.889915466308594,59.216590881347656],[27.88983345031744,59.216579437256144],[27.889755249023835,59.2165336608889],[27.88969421386753,59.2164840698245],[27.889560699463004,59.21633148193371],[27.889505386352653,59.216232299804915],[27.88947868347168,59.2161674499514],[27.88950729370123,59.21607589721697],[27.88951492309576,59.21602249145519],[27.88956642150879,59.215938568115234],[27.88955497741705,59.21590805053711],[27.88951873779297,59.215862274170036],[27.889509201050203,59.21580123901373],[27.88956642150879,59.215766906738395],[27.889644622802734,59.2157440185548],[27.88966941833496,59.21570205688511],[27.88965797424322,59.21564865112316],[27.889680862427042,59.21562576293974],[27.889711380004996,59.215614318847656],[27.889734268188818,59.215591430664006],[27.889699935913484,59.215496063232365],[27.889671325683537,59.21546936035179],[27.889648437500114,59.21544265747116],[27.889638900757177,59.215415954590185],[27.889684677124023,59.215400695800724],[27.88975715637207,59.21539306640619],[27.889820098876953,59.21538162231468],[27.889871597290323,59.21534729003952],[27.889846801757926,59.21519851684593],[27.889839172363395,59.215038299560604],[27.889816284180142,59.21498870849621],[27.88982582092291,59.21491241455101],[27.889863967895963,59.214874267578125],[27.889898300171296,59.21483230590843],[27.88996887207037,59.21479415893555],[27.890062332153605,59.21477127075195]],[[27.895217895508154,59.212524414062614],[27.89523506164562,59.21249389648449],[27.895385742187614,59.21249389648449],[27.895519256591967,59.212543487549055],[27.895656585693473,59.212638854980696],[27.895748138427734,59.21276092529297],[27.89581298828125,59.21286773681686],[27.8958244323735,59.21295928955078],[27.895795822143555,59.21304702758789],[27.8957138061524,59.21310424804682],[27.895599365234716,59.21310043334984],[27.895433425903434,59.21294784545904],[27.8953151702882,59.21278762817394],[27.8952121734622,59.21261215209972],[27.895217895508154,59.212524414062614]],[[27.88090133666998,59.183010101318644],[27.880958557128906,59.18298721313499],[27.881059646606502,59.18299102783237],[27.881246566772802,59.18306732177757],[27.881607055664517,59.183265686035384],[27.882162094116325,59.1835174560548],[27.88262939453159,59.1837043762207],[27.88291740417492,59.1838836669923],[27.883003234863224,59.18402481079096],[27.882946014404297,59.18413162231468],[27.882728576660213,59.1842308044437],[27.882556915283203,59.18428802490246],[27.882436752319336,59.18437194824219],[27.882308959961335,59.18447113037121],[27.882173538208406,59.18460083007835],[27.88212776184082,59.184616088867244],[27.8820362091069,59.184608459472884],[27.881902694702205,59.18456268310547],[27.881803512573185,59.18447875976574],[27.881687164306697,59.184337615966854],[27.881649017334382,59.184165954589844],[27.88158988952648,59.183998107910384],[27.881462097168082,59.18375015258812],[27.881233215332486,59.1835670471192],[27.880899429321744,59.18333816528343],[27.88082504272495,59.183204650878906],[27.880830764770906,59.183082580566634],[27.88090133666998,59.183010101318644]],[[27.871940612792912,59.174739837646484],[27.87207984924322,59.17473602294933],[27.872230529785213,59.17477416992182],[27.87261009216337,59.17504882812523],[27.872779846191804,59.17514419555687],[27.8729248046875,59.175197601318814],[27.87340736389183,59.17542648315441],[27.874340057373388,59.17586898803711],[27.87531471252464,59.17634582519531],[27.87588882446289,59.17658996582054],[27.877225875854435,59.177257537842024],[27.877695083618278,59.17756271362305],[27.87850189209024,59.17820739746088],[27.878990173339787,59.17858505249046],[27.879264831543367,59.178890228271825],[27.879724502563533,59.17935943603533],[27.8802433013916,59.17990493774437],[27.880441665649414,59.18008422851574],[27.880437850952262,59.180130004883154],[27.88037872314453,59.180141448974666],[27.880277633666935,59.180133819580135],[27.8800563812257,59.18001556396507],[27.879724502563533,59.179782867431754],[27.879564285278775,59.179687500000114],[27.879402160644702,59.17964935302757],[27.8791637420656,59.17965316772495],[27.87902450561529,59.17964553833025],[27.878871917724723,59.179603576660156],[27.878591537475756,59.179420471191634],[27.878221511841275,59.17903518676769],[27.877923965454272,59.178871154785384],[27.877819061279297,59.17882919311535],[27.877719879150504,59.17882156372116],[27.877655029296818,59.17885971069347],[27.877611160278377,59.17900466918974],[27.877643585205476,59.17911148071289],[27.877752304077603,59.17921066284191],[27.877946853637695,59.179340362549055],[27.87805175781284,59.17946624755865],[27.87817955017084,59.17963409423851],[27.87833595275879,59.17979812622082],[27.878345489502294,59.179885864257926],[27.8782711029055,59.18001174926752],[27.87804794311529,59.18023681640631],[27.877935409546353,59.18047332763683],[27.877895355225064,59.18064498901367],[27.87786102294956,59.18069076538109],[27.877803802490234,59.180702209473],[27.87770271301264,59.18069839477562],[27.877565383911133,59.18063354492233],[27.877218246460075,59.18036651611328],[27.876811981201513,59.18010330200218],[27.876487731933707,59.179954528808594],[27.875923156738395,59.17971801757824],[27.875377655029354,59.17945480346697],[27.874982833862305,59.17919921875],[27.87445449829147,59.17884445190441],[27.874210357666414,59.17867279052757],[27.873699188232877,59.1782798767091],[27.8731956481937,59.177879333496094],[27.872850418090877,59.177547454834155],[27.87228775024414,59.17695617675804],[27.872087478637752,59.17657852172846],[27.8718528747562,59.176086425781364],[27.871820449829272,59.1757049560548],[27.871826171875398,59.1752281188966],[27.87180137634283,59.17501449584972],[27.871774673462028,59.174858093261946],[27.871816635131893,59.17478942871128],[27.871940612792912,59.174739837646484]],[[27.86669731140165,59.16606521606457],[27.866289138794116,59.165607452392805],[27.866113662719727,59.16530990600597],[27.865983963012752,59.16518402099655],[27.865577697753963,59.16497802734381],[27.86538314819353,59.164714813232536],[27.865297317504996,59.16440582275396],[27.864831924438533,59.163715362549055],[27.864528656005916,59.16349411010765],[27.864437103271484,59.16347885131836],[27.864290237426815,59.16351318359369],[27.863939285278434,59.16374969482422],[27.86389732360874,59.163810729980696],[27.86415672302269,59.16481781005871],[27.864349365234375,59.16519927978527],[27.864629745483512,59.16565704345703],[27.864646911621378,59.16580200195307],[27.86458587646507,59.16583251953125],[27.864488601685025,59.16583633422857],[27.864421844482763,59.16581344604515],[27.864238739013842,59.1656494140625],[27.863946914672965,59.16512298584007],[27.863759994507234,59.16485977172874],[27.863452911376896,59.16439437866245],[27.86338424682623,59.16429138183611],[27.86336326599121,59.164073944092024],[27.863290786743562,59.16385650634777],[27.863134384155614,59.1635475158692],[27.862815856933594,59.16319274902344],[27.862709045410213,59.163169860839844],[27.86260223388706,59.163188934326286],[27.862350463867642,59.1633377075197],[27.86183357238798,59.16387176513683],[27.861495971679688,59.164306640625],[27.861135482788143,59.16499710083008],[27.8609561920166,59.16548538208019],[27.860847473144645,59.16548538208019],[27.860784530639933,59.16540908813499],[27.860738754272518,59.165340423584155],[27.860631942748967,59.16535949707037],[27.86050605773937,59.16564559936529],[27.860385894775504,59.165790557861555],[27.860242843628043,59.165912628174],[27.860107421874943,59.16606521606457],[27.859983444213924,59.16603088378906],[27.859954833984375,59.16593551635742],[27.860063552856502,59.16582870483404],[27.86017990112316,59.165588378906364],[27.860242843628043,59.165412902832145],[27.860544204711857,59.16491317749035],[27.86089324951206,59.16431045532232],[27.861089706421296,59.163814544677905],[27.861133575439567,59.163703918456974],[27.861169815063477,59.16333389282249],[27.861169815063477,59.16312408447277],[27.861015319824673,59.162906646728516],[27.860792160034293,59.16261291503906],[27.86077308654785,59.1625213623048],[27.860939025878906,59.16242599487316],[27.861011505126953,59.16241455078125],[27.86124038696329,59.162456512451286],[27.86139106750511,59.16240692138672],[27.861425399780444,59.1623420715332],[27.86139869689947,59.162281036376896],[27.861274719238622,59.16215133666992],[27.861141204834098,59.16203308105469],[27.86091804504389,59.161899566650334],[27.860689163208292,59.161899566650334],[27.860513687133903,59.161911010742415],[27.860324859619197,59.16185760498047],[27.860294342041243,59.16179275512718],[27.860235214233512,59.16168212890648],[27.86031532287609,59.1616020202639],[27.860317230224666,59.16152954101585],[27.860174179077205,59.16145324707031],[27.86007308959961,59.16142272949213],[27.85993766784668,59.16144561767578],[27.859748840332372,59.16139984130871],[27.859691619873047,59.16133880615257],[27.859716415405273,59.16122817993187],[27.859739303588867,59.161094665527344],[27.859695434570426,59.16095733642601],[27.859609603881893,59.16090011596691],[27.859571456909578,59.160827636718864],[27.859588623046875,59.16071701049816],[27.85945510864292,59.16067123413109],[27.859373092651765,59.16069412231474],[27.859222412109375,59.16063308715843],[27.85926818847662,59.16059112548834],[27.85941886901861,59.16052627563488],[27.85951805114763,59.16052627563488],[27.85966300964367,59.160587310791016],[27.859781265258732,59.160667419433764],[27.859970092773438,59.16077041626011],[27.860313415527685,59.161006927490234],[27.860462188720703,59.161029815674055],[27.860660552978914,59.16109848022472],[27.860879898071573,59.161308288574446],[27.86108016967779,59.161373138427734],[27.86136817932129,59.16159057617199],[27.861923217773494,59.161827087402344],[27.862335205078182,59.16195678710949],[27.8627223968507,59.16214370727539],[27.86294937133829,59.16223526000988],[27.862915039062955,59.16229248046898],[27.86297225952154,59.16237640380854],[27.86314010620157,59.16240310668951],[27.863386154175203,59.16242980957031],[27.86402511596674,59.162734985351676],[27.8647975921632,59.163169860839844],[27.86609649658243,59.16418457031273],[27.866525650024812,59.16458511352573],[27.867189407348746,59.16537094116211],[27.86747550964367,59.16592788696289],[27.867675781250057,59.16627883911127],[27.86768531799339,59.16646575927757],[27.867668151855526,59.16654586792015],[27.867639541625977,59.166606903076456],[27.867481231689624,59.1665992736817],[27.86736679077154,59.16654205322277],[27.867191314697322,59.166419982910156],[27.866991043090934,59.16629409790056],[27.86669731140165,59.16606521606457]],[[27.817142486572266,59.13832855224621],[27.817321777343807,59.1382942199707],[27.817544937133846,59.138317108154524],[27.81781768798828,59.13837051391607],[27.818046569824446,59.138420104980696],[27.818218231201286,59.138504028320426],[27.818401336670036,59.13863754272478],[27.818592071533317,59.13879776000988],[27.8188419342045,59.13891983032249],[27.819135665893953,59.13914489746094],[27.819238662719954,59.13924026489258],[27.819341659545955,59.13940811157261],[27.819410324096793,59.139495849609546],[27.81936836242693,59.13955688476585],[27.819232940673828,59.13953781127941],[27.819044113159293,59.13944625854492],[27.81883811950695,59.13933563232422],[27.818651199341218,59.139213562011946],[27.81833648681635,59.13907623291027],[27.818023681640625,59.13901901245134],[27.81768608093273,59.138954162597656],[27.817373275756836,59.13890457153343],[27.81723213195812,59.13882446289085],[27.817108154296932,59.13869857788109],[27.81698608398449,59.13855361938482],[27.816947937012173,59.13846969604492],[27.816982269287507,59.13839340209972],[27.817142486572266,59.13832855224621]],[[27.816671371460018,59.138118743896484],[27.816791534424226,59.13811492919933],[27.816846847534578,59.138130187988395],[27.816896438598633,59.13816070556658],[27.816846847534578,59.13820266723644],[27.816797256469783,59.13825225830101],[27.81672286987299,59.13827514648443],[27.816625595092773,59.13827133178711],[27.816574096680142,59.13824462890648],[27.816505432129304,59.13819503784225],[27.81651115417486,59.13815307617182],[27.81659126281744,59.138130187988395],[27.816671371460018,59.138118743896484]],[[27.81682586669956,59.137496948242415],[27.81658363342291,59.13738250732416],[27.816528320312557,59.1373748779298],[27.81645202636753,59.13739395141624],[27.816392898559627,59.13739395141624],[27.816278457641715,59.13734817504883],[27.81614494323776,59.13719940185541],[27.815938949585018,59.13699340820324],[27.815868377685604,59.13684463500982],[27.815839767456225,59.136787414550895],[27.81582260131836,59.136680603027344],[27.815847396850586,59.13663864135765],[27.815946578979947,59.136596679687614],[27.81614112854004,59.13656234741211],[27.816410064697664,59.13655471801758],[27.81666183471725,59.1365852355957],[27.816799163818757,59.13661956787104],[27.816904067993164,59.13668441772472],[27.81696891784702,59.13673400878929],[27.816978454589957,59.13676071166992],[27.81700134277338,59.13681411743187],[27.81706428527866,59.136882781982536],[27.817203521728572,59.13703918457031],[27.817325592041016,59.137130737304744],[27.817512512207088,59.137245178222656],[27.817659378051758,59.13739013671869],[27.817789077758903,59.13754272460949],[27.817863464355526,59.13763427734375],[27.81784248352068,59.13771820068405],[27.817737579345703,59.1377410888673],[27.81753158569336,59.13772201538086],[27.81730079650879,59.13764572143566],[27.81709289550804,59.137592315674055],[27.81682586669956,59.137496948242415]],[[27.816572189330998,59.13648223876953],[27.816406250000114,59.13647842407272],[27.816179275513093,59.13645553588873],[27.81602478027355,59.13648223876953],[27.815887451172046,59.13646316528326],[27.81582641601574,59.13640594482433],[27.815696716308764,59.13629531860363],[27.815675735473917,59.13622665405296],[27.815664291381836,59.13612747192394],[27.81573486328125,59.13602828979515],[27.815765380859432,59.135963439941634],[27.815906524658658,59.135902404785156],[27.816036224365632,59.135890960693416],[27.816171646118562,59.13590621948288],[27.816297531127987,59.13594436645519],[27.81639099121122,59.13598632812506],[27.816490173339844,59.13604736328119],[27.816577911376953,59.13611984252941],[27.81659126281744,59.13621902465843],[27.816556930542106,59.13630294799816],[27.816558837890682,59.13641738891624],[27.81661033630371,59.136474609375],[27.816572189330998,59.13648223876953]],[[27.81792640686041,59.13470840454124],[27.817779541015966,59.134540557861555],[27.817831039428768,59.13447189331055],[27.818019866943473,59.13438034057663],[27.81824111938471,59.13433837890619],[27.81838417053217,59.134368896484375],[27.818506240844783,59.13448333740246],[27.818569183350064,59.1346893310548],[27.818651199341218,59.134895324707145],[27.81865882873575,59.13496017456066],[27.818620681762695,59.134990692138786],[27.81854248046909,59.134994506836165],[27.81830787658697,59.13493347167969],[27.818067550659293,59.134822845459155],[27.81792640686041,59.13470840454124]],[[27.81636047363287,59.13453674316423],[27.816219329834382,59.13456726074219],[27.816003799438533,59.13456726074219],[27.81552314758295,59.13458251953125],[27.81530761718784,59.13450622558605],[27.815044403076172,59.1344261169433],[27.814908981323242,59.134361267089844],[27.814828872680664,59.1343231201173],[27.81472206115751,59.13416290283237],[27.814687728882177,59.134002685546875],[27.81470680236862,59.133834838867415],[27.81476211547897,59.13372039794933],[27.814823150635107,59.13358688354515],[27.814807891845646,59.13343048095703],[27.81480216980026,59.1333122253418],[27.814903259277287,59.133277893066634],[27.815000534058072,59.133289337158146],[27.815191268921353,59.13340377807623],[27.815446853637752,59.133560180664176],[27.815628051758097,59.13367843627947],[27.815801620483512,59.133842468261946],[27.815959930419865,59.13396453857439],[27.816083908081453,59.13405990600603],[27.816223144531364,59.134181976318644],[27.816329956054915,59.134284973144986],[27.816480636596737,59.13444137573259],[27.81642723083496,59.13452529907249],[27.81636047363287,59.13453674316423]],[[27.814031600952205,59.13395309448265],[27.813980102539233,59.13396072387718],[27.813835144043367,59.13393783569359],[27.813699722290437,59.13387298584007],[27.81349182128912,59.133743286132926],[27.813354492187614,59.13367843627947],[27.813207626342773,59.13358306884783],[27.813022613525447,59.13351440429716],[27.812807083130338,59.13349151611351],[27.8126277923584,59.133457183838004],[27.812557220458984,59.13343048095703],[27.812446594238622,59.133392333984546],[27.812250137329215,59.13330841064459],[27.812110900878906,59.13322067260748],[27.81210517883335,59.13314819335949],[27.81219291687006,59.13308715820335],[27.81224822998081,59.13304901123047],[27.812301635742188,59.133014678955305],[27.812356948852937,59.13296890258789],[27.81238746643072,59.132938385009766],[27.812452316284578,59.132850646972656],[27.812517166137695,59.13277435302746],[27.812625885009822,59.13268280029297],[27.812696456909237,59.132648468017635],[27.81279373168985,59.13263702392612],[27.812885284423942,59.132652282714844],[27.81300544738798,59.13269042968773],[27.813194274902287,59.132755279541016],[27.813335418701172,59.13278961181652],[27.813438415527344,59.13280868530296],[27.813613891601562,59.132846832275675],[27.813743591308707,59.13288116455101],[27.813856124878384,59.132919311523665],[27.813972473144872,59.13296890258789],[27.814056396484432,59.13304138183594],[27.814107894897802,59.133102416992415],[27.814109802246207,59.13316726684593],[27.814094543457486,59.13323211669922],[27.81412887573282,59.13331604003912],[27.814159393310604,59.13341140747076],[27.81416511535656,59.133544921875114],[27.814115524292333,59.133651733398665],[27.814075469970874,59.13377761840843],[27.814067840576513,59.13387680053745],[27.814031600952205,59.13395309448265]],[[27.811235427856502,59.133033752441406],[27.811185836792447,59.13305282592785],[27.81109237670904,59.133037567138956],[27.81093025207531,59.132919311523665],[27.810888290405273,59.13288497924816],[27.81079483032238,59.13278961181652],[27.810735702515046,59.13268280029297],[27.810686111450252,59.13252258300804],[27.81068229675327,59.13235473632818],[27.81067085266119,59.132209777832145],[27.810672760009766,59.13208770751953],[27.81071853637701,59.13205337524437],[27.81080245971674,59.132034301757926],[27.810932159423885,59.13204956054682],[27.81106185913086,59.13206863403326],[27.81120491027832,59.13209152221725],[27.811372756958008,59.132122039795036],[27.81147956848173,59.13213729858393],[27.811529159545955,59.13214874267601],[27.811613082885685,59.13218688964889],[27.811683654785497,59.13222503662121],[27.811721801757812,59.13227462768583],[27.811731338501318,59.13232040405285],[27.81171035766647,59.132389068603516],[27.81164741516119,59.132457733154354],[27.811561584472884,59.132472991943814],[27.811491012573242,59.132457733154354],[27.811445236206396,59.13241577148449],[27.811389923096044,59.13237380981445],[27.811328887939908,59.13237762451217],[27.811294555664404,59.13239669799805],[27.811258316040096,59.13245010375982],[27.811254501343114,59.132480621338004],[27.811254501343114,59.13251876831049],[27.811273574829556,59.13254165649448],[27.811319351196403,59.132583618164176],[27.811372756958008,59.13262176513666],[27.81138801574707,59.132656097412394],[27.811368942261197,59.13269424438488],[27.811323165893782,59.132759094238736],[27.81130027770996,59.13281249999994],[27.811271667480582,59.13287734985363],[27.81125259399414,59.13296127319336],[27.811235427856502,59.133033752441406]],[[27.800825119018953,59.114070892333984],[27.80103302001953,59.11405944824247],[27.801305770874137,59.11411285400385],[27.80159950256342,59.114177703857536],[27.802524566650447,59.114692687988224],[27.802841186523892,59.11493301391613],[27.802976608276822,59.115161895751896],[27.80298233032221,59.11538696289068],[27.802967071533317,59.11575698852573],[27.8028697967531,59.11629867553722],[27.802795410156307,59.11690139770542],[27.80277824401861,59.117046356201286],[27.802747726440487,59.11748123168945],[27.80278205871582,59.117851257324446],[27.802768707275504,59.11800384521507],[27.802717208862305,59.11812591552729],[27.802755355835018,59.118206024170036],[27.80279922485346,59.1183509826663],[27.802843093872127,59.11851501464861],[27.80281448364292,59.11861801147495],[27.802743911743107,59.1186637878418],[27.802663803100927,59.118648529052734],[27.8025798797608,59.11859512329096],[27.802434921264762,59.11851882934593],[27.802078247070767,59.118305206299055],[27.80179405212408,59.11806106567383],[27.801546096802213,59.11781311035179],[27.801378250122184,59.11753845214855],[27.80134391784685,59.117496490478516],[27.801258087158317,59.117393493652344],[27.801170349121037,59.11720657348661],[27.801048278808594,59.11679458618187],[27.800935745239315,59.116497039794865],[27.800777435303132,59.11618804931652],[27.800638198852653,59.1159362792971],[27.800495147705192,59.11577224731445],[27.800405502319336,59.11566162109409],[27.80033302307129,59.115520477295036],[27.800226211548136,59.115325927734375],[27.80016136169445,59.1152229309082],[27.800159454345703,59.115177154541186],[27.800107955932674,59.115070343017805],[27.80007362365717,59.11494064331066],[27.800100326538143,59.114803314209325],[27.800142288208008,59.114696502685774],[27.800188064575252,59.11458587646507],[27.800235748291072,59.11449813842796],[27.800382614136083,59.11432647705112],[27.800561904907283,59.11418533325207],[27.80065536499052,59.11410140991234],[27.800825119018953,59.114070892333984]],[[27.801588058472078,59.10488891601568],[27.801708221435547,59.10485458374035],[27.801868438720874,59.10486221313471],[27.80195808410656,59.10486984252924],[27.802278518676815,59.10493087768555],[27.80263519287115,59.10498428344732],[27.803083419799805,59.10506820678728],[27.803321838378906,59.105110168457145],[27.803564071655558,59.10516357421892],[27.803918838501147,59.105194091796875],[27.804039001464787,59.105205535888786],[27.804319381714322,59.10523605346691],[27.80457878112827,59.105278015136776],[27.80517196655296,59.105358123779524],[27.805601119995345,59.10541152954113],[27.8061847686767,59.10543441772455],[27.806600570679166,59.10548782348633],[27.8069744110108,59.1055641174317],[27.807178497314396,59.10560607910179],[27.807336807251318,59.10568618774414],[27.80741119384811,59.105751037597656],[27.80743598937994,59.105819702148665],[27.807409286499137,59.10587310791027],[27.80742454528803,59.10593414306675],[27.80750656127975,59.10602951049839],[27.807634353637752,59.10612869262701],[27.807863235473746,59.10631942749029],[27.80805778503418,59.10652542114286],[27.808139801025334,59.10659408569353],[27.80825996398937,59.10669326782249],[27.808448791504077,59.106826782226676],[27.80860710144043,59.10693740844738],[27.80882263183628,59.10719299316435],[27.808919906616325,59.107452392578296],[27.808971405029695,59.107887268066406],[27.80884552001953,59.10817337036133],[27.80861091613815,59.108417510986385],[27.808448791504077,59.10852050781256],[27.808185577392578,59.108684539794865],[27.80795669555698,59.10879898071295],[27.807413101196516,59.10902023315441],[27.806863784790096,59.109222412109375],[27.80643653869629,59.10934829711937],[27.806241989135856,59.10937118530279],[27.80608940124506,59.10937881469732],[27.805952072143555,59.10939025878906],[27.805845260620572,59.10942459106457],[27.805807113647518,59.10944747924799],[27.8057422637944,59.109493255615234],[27.805585861206453,59.10956573486328],[27.80523681640625,59.109687805175895],[27.8046035766601,59.11005783081055],[27.804357528686637,59.110305786132756],[27.80393791198776,59.11061859130865],[27.803840637206974,59.11074447631847],[27.803699493408658,59.110931396484375],[27.80349922180187,59.111106872558594],[27.803281784057617,59.11142730712902],[27.803192138671932,59.11162185668968],[27.802755355835018,59.112289428711165],[27.80266761779791,59.11259460449213],[27.80265808105497,59.11305236816429],[27.80268287658697,59.11331939697277],[27.80272674560564,59.11360549926769],[27.802663803100927,59.11371231079124],[27.802537918090934,59.11376953125],[27.802385330200536,59.113815307617415],[27.802154541015796,59.11377716064453],[27.801874160767,59.11368179321289],[27.801532745361726,59.113563537598],[27.801048278808594,59.113258361816634],[27.800512313843058,59.11286926269554],[27.800155639648494,59.11258316040062],[27.799922943115348,59.112297058105696],[27.799709320068473,59.111854553222656],[27.799541473388786,59.111465454101904],[27.799186706543026,59.11106872558588],[27.798948287963924,59.11083221435558],[27.798673629760913,59.11041641235386],[27.798589706421353,59.11019515991222],[27.798534393310604,59.110050201416016],[27.79858779907238,59.10984420776401],[27.798744201660156,59.109493255615234],[27.799213409423828,59.108863830566634],[27.799602508544922,59.108528137207315],[27.79997825622553,59.108253479003906],[27.80030822753929,59.10796356201217],[27.800550460815373,59.10758590698242],[27.800559997558878,59.10731887817394],[27.800506591796932,59.10719680786133],[27.800537109375057,59.10704421997093],[27.800472259521598,59.10691833496094],[27.80039215087902,59.10676574707054],[27.800306320190884,59.10649108886713],[27.800321578979776,59.10604476928711],[27.80035972595209,59.10595703125],[27.800413131713867,59.105827331543196],[27.800668716431005,59.1055908203125],[27.80107688903854,59.105270385742244],[27.80132102966303,59.10509490966825],[27.80147171020542,59.10495758056635],[27.801588058472078,59.10488891601568]],[[27.786102294921818,59.087131500244084],[27.785833358764762,59.087055206298885],[27.78557586669922,59.08692932128929],[27.785285949707486,59.08683013916027],[27.78513717651407,59.08671569824219],[27.785007476807095,59.0866508483889],[27.784875869750977,59.086524963378906],[27.784841537475643,59.08640670776367],[27.784839630127067,59.0863037109375],[27.784780502319336,59.08612060546875],[27.784641265869254,59.0859375],[27.784563064575252,59.08576202392578],[27.784513473510856,59.08563232421881],[27.784425735473746,59.08550643920921],[27.78437614440918,59.08540344238304],[27.784425735473746,59.085346221923885],[27.78443527221725,59.08527755737305],[27.784353256225927,59.085174560546875],[27.784246444702205,59.08506774902372],[27.784067153931005,59.08485031127947],[27.784046173096158,59.0847816467288],[27.78400611877487,59.08473968505854],[27.783895492553768,59.08468246459961],[27.78377914428711,59.084548950195256],[27.783725738525334,59.08441925048828],[27.783689498901424,59.08432388305664],[27.783622741699162,59.08423614501953],[27.783493041992188,59.08414840698265],[27.783275604248104,59.084022521972656],[27.78310585021967,59.0838890075683],[27.783006668090877,59.0837516784668],[27.782979965210075,59.08367919921898],[27.78291511535639,59.08361434936546],[27.782600402832088,59.083465576171875],[27.782466888428132,59.083393096924055],[27.782270431518725,59.083297729492415],[27.782146453857877,59.08322525024437],[27.78204917907709,59.08309555053722],[27.78194999694847,59.08297348022461],[27.781824111938477,59.08282089233421],[27.781593322753906,59.08261108398449],[27.781337738037166,59.08242034912121],[27.781147003173885,59.082214355469205],[27.78100967407255,59.08198928833025],[27.780923843383846,59.081867218017805],[27.78086662292509,59.0817298889163],[27.780715942383267,59.081581115722884],[27.78052330017084,59.08137130737316],[27.780397415161246,59.08116531372116],[27.780361175537507,59.081058502197266],[27.780403137207372,59.08071517944359],[27.780488967895508,59.08048248291021],[27.780620574951627,59.08028793334961],[27.7807674407959,59.08016204833979],[27.78095436096237,59.07999801635748],[27.781282424926985,59.079601287842024],[27.781475067138672,59.079250335693644],[27.781526565552213,59.0790176391601],[27.7815666198735,59.078891754150504],[27.781761169433594,59.07875823974615],[27.781848907470703,59.07864761352562],[27.781925201416072,59.07827377319359],[27.781908035278775,59.077724456787394],[27.78176689147955,59.0774116516115],[27.781480789184627,59.07696151733427],[27.78126525878912,59.0767555236817],[27.781000137329045,59.076564788818416],[27.780813217163143,59.076385498046875],[27.780553817749194,59.07606124877924],[27.780429840088345,59.07591247558622],[27.780271530151424,59.07576751708996],[27.78018188476574,59.07563781738281],[27.780099868774414,59.07526016235363],[27.78002166748081,59.07508468627941],[27.78002166748081,59.074924468994084],[27.78001022338873,59.07474899292026],[27.780012130737305,59.07466125488281],[27.780082702637117,59.074600219726676],[27.780078887939567,59.07432937622082],[27.780048370361783,59.07408523559576],[27.77993011474615,59.07389831542969],[27.77986335754389,59.07373428344738],[27.779684066772518,59.07335281372082],[27.77948760986328,59.072990417480696],[27.77935981750528,59.07266235351568],[27.77915763854992,59.07237243652344],[27.778995513916016,59.07209014892584],[27.77881813049322,59.0719108581543],[27.77866363525385,59.07172775268555],[27.77848815918003,59.07148361206049],[27.77838516235346,59.07120895385765],[27.778295516967773,59.070995330810774],[27.778291702270792,59.07082748413109],[27.7782764434819,59.07061004638683],[27.778303146362305,59.0704154968264],[27.77828407287643,59.070182800293026],[27.778230667114485,59.06990432739286],[27.778217315674,59.06969070434593],[27.77813720703125,59.06927871704124],[27.778079986572664,59.069107055664006],[27.778051376342717,59.068752288818416],[27.778150558471737,59.06836700439453],[27.778238296508846,59.06827545166021],[27.77823257446289,59.068229675293196],[27.77830886840826,59.068130493164176],[27.77836418151861,59.06797027587908],[27.77841949462936,59.067852020263786],[27.778577804565714,59.067661285400504],[27.778692245483796,59.06750488281256],[27.77881813049322,59.067317962646484],[27.77895355224615,59.06709289550804],[27.77898979187023,59.0668106079101],[27.779071807861385,59.06648254394531],[27.779102325439737,59.066329956054915],[27.779144287109432,59.06616592407261],[27.779155731201513,59.066051483154524],[27.779203414917333,59.065982818603516],[27.779296875,59.065971374511946],[27.77943611145048,59.06601333618164],[27.779600143432788,59.06602859497093],[27.77989006042486,59.06608581542969],[27.780139923095703,59.06616210937523],[27.78082656860363,59.06634521484398],[27.78140830993658,59.06648254394531],[27.781732559204215,59.066520690918196],[27.78176307678217,59.06652450561518],[27.782108306884822,59.06654739379917],[27.782592773437557,59.06663513183611],[27.78321266174322,59.0667610168457],[27.783393859863565,59.06680679321312],[27.783620834350586,59.066867828369254],[27.784318923950593,59.06703186035156],[27.78465080261236,59.06718826293968],[27.78468704223667,59.06719970703119],[27.784986495972078,59.06727218627941],[27.78535652160656,59.06734848022461],[27.785919189453068,59.067584991455305],[27.786470413208065,59.06787872314476],[27.78708076477062,59.068214416503906],[27.787220001220703,59.06826019287132],[27.787548065185888,59.06836318969732],[27.78770637512224,59.0684509277346],[27.787855148315828,59.06853485107416],[27.788290023804166,59.06868743896496],[27.78875160217291,59.06882858276384],[27.78929710388178,59.06913757324219],[27.789665222168026,59.06950759887701],[27.789829254150334,59.069740295410156],[27.789968490600643,59.06994247436535],[27.7900333404541,59.07025146484369],[27.790014266968228,59.07046890258795],[27.78994178771984,59.070560455322266],[27.789796829223974,59.07074737548834],[27.78931999206577,59.07133483886747],[27.789262771606445,59.07147979736351],[27.78920173645014,59.071636199951286],[27.789155960083463,59.07196426391624],[27.78931999206577,59.07253646850609],[27.789596557617188,59.07298660278332],[27.789724349975586,59.07329940795921],[27.790281295776538,59.07443237304699],[27.790521621704215,59.07477951049805],[27.790876388549805,59.075298309326115],[27.79128074646036,59.07606887817377],[27.791347503662053,59.076366424560774],[27.791421890258846,59.07669448852539],[27.791437149048306,59.07689666748058],[27.791458129883154,59.07719802856457],[27.791339874267692,59.07776260375988],[27.791210174560547,59.07824325561546],[27.79101753234869,59.0784912109375],[27.79083442687994,59.078720092773665],[27.790477752685945,59.07911682128929],[27.790290832519645,59.079341888427734],[27.790090560913256,59.07947158813488],[27.78980636596691,59.07963943481491],[27.789236068725643,59.080051422119254],[27.788724899291935,59.08043289184582],[27.78840827941906,59.08068084716825],[27.788297653198697,59.080768585205135],[27.787967681884766,59.081157684326456],[27.787788391113395,59.08143615722662],[27.78777122497553,59.08156967163097],[27.787740707397575,59.08170700073265],[27.78761863708496,59.08200073242193],[27.787601470947266,59.082294464111385],[27.787652969360465,59.08260345458996],[27.78765487670904,59.082935333251896],[27.78770256042486,59.08330917358393],[27.78770256042486,59.083560943603516],[27.787748336792106,59.08381652832031],[27.78786659240717,59.08404541015625],[27.788051605225064,59.084388732910156],[27.7881374359132,59.08452224731445],[27.788230895996264,59.08470916748058],[27.78824424743675,59.08484268188471],[27.78823280334484,59.08502578735346],[27.788219451904354,59.08520889282238],[27.788307189941463,59.08543014526401],[27.788274765014705,59.085540771484375],[27.788282394409237,59.08561325073259],[27.78828430175821,59.08576583862316],[27.788183212280444,59.08610534667969],[27.788158416748047,59.08640289306669],[27.78804206848156,59.08676528930698],[27.787805557251033,59.087165832519815],[27.787715911865348,59.0872535705567],[27.78769111633335,59.08737564086914],[27.787614822387752,59.087509155273665],[27.787580490112248,59.087604522705305],[27.78752708435104,59.087688446045036],[27.78747177124029,59.08773422241211],[27.7874317169194,59.087768554687614],[27.78739166259811,59.08776092529308],[27.787313461303768,59.08772277832037],[27.78724479675293,59.08765792846691],[27.787143707275504,59.087593078613395],[27.786960601806584,59.08747482299816],[27.786872863769474,59.087417602539006],[27.786653518676815,59.08736038208008],[27.786445617676065,59.0872535705567],[27.786302566528605,59.08717727661133],[27.786102294921818,59.087131500244084]],[[27.79091453552269,59.070381164551065],[27.79099845886242,59.07035446167009],[27.79110145568859,59.070362091064794],[27.79112434387241,59.07038497924805],[27.791170120239258,59.07043075561546],[27.7911891937257,59.0705680847168],[27.791198730469205,59.070732116699446],[27.79127311706543,59.07088851928722],[27.791334152221737,59.071067810058594],[27.791339874267692,59.07110595703148],[27.791400909423828,59.0715446472168],[27.791337966918945,59.07191848754883],[27.79127693176281,59.07202529907238],[27.791044235229663,59.072429656982536],[27.79082298278803,59.07276153564453],[27.79074668884283,59.072971343994254],[27.790731430053768,59.07307052612305],[27.790681838989713,59.07309341430687],[27.790641784668253,59.07307815551758],[27.790597915649414,59.072990417480696],[27.790365219116268,59.07258987426769],[27.79029655456543,59.07231521606445],[27.790306091308537,59.07221984863281],[27.79030799865751,59.07218933105469],[27.790224075317383,59.07189941406256],[27.7902889251709,59.071628570557095],[27.7903728485108,59.07133483886747],[27.790618896484432,59.07106018066406],[27.79064369201666,59.070915222168196],[27.79065895080572,59.070819854736555],[27.7907390594483,59.070625305175724],[27.790861129760742,59.07046890258795],[27.79091453552269,59.070381164551065]],[[27.777894973755338,59.068298339843864],[27.777839660644588,59.06832504272484],[27.777790069580192,59.06832122802746],[27.777753829956282,59.06827926635742],[27.777704238892056,59.0681533813476],[27.777713775634822,59.06805801391596],[27.777700424194336,59.067928314208984],[27.777709960937443,59.06782531738281],[27.777759552002408,59.06772613525402],[27.777799606323697,59.06744766235363],[27.77788162231485,59.06727600097679],[27.777938842773438,59.06718063354515],[27.77798271179205,59.06707000732422],[27.778028488159293,59.067043304443644],[27.77805328369169,59.06701278686546],[27.77807807922369,59.066963195800895],[27.77823638916061,59.06680679321312],[27.77828407287643,59.0667076110841],[27.77836418151861,59.066608428955305],[27.778490066528434,59.06658172607433],[27.77862739562994,59.06657409668014],[27.778690338134822,59.06661605834984],[27.778741836548022,59.066680908203125],[27.778720855713175,59.06682586669939],[27.77872657775913,59.06690216064476],[27.778673171997355,59.06693649291992],[27.77863121032749,59.06701278686546],[27.778524398803768,59.067329406738565],[27.7783203125,59.067626953125],[27.77812576293951,59.06782531738281],[27.778047561645565,59.06798934936529],[27.77804946899414,59.06806564331072],[27.778043746948185,59.068122863769645],[27.777959823608455,59.06824111938471],[27.777894973755338,59.068298339843864]],[[27.769889831542912,59.05399322509777],[27.76996612548868,59.05397033691412],[27.770023345947266,59.05398559570358],[27.7700901031497,59.05401229858421],[27.770177841186978,59.05406570434576],[27.77025794982916,59.05417633056686],[27.770357131958008,59.05432891845726],[27.77044868469244,59.0545539855957],[27.77059936523483,59.054836273193644],[27.77061462402372,59.054931640625284],[27.770586013794343,59.0549430847168],[27.770454406738395,59.05491256713901],[27.770349502563647,59.05486297607422],[27.770254135132006,59.05479812622093],[27.770174026489258,59.05468750000023],[27.770063400268725,59.05443572998081],[27.769994735718058,59.054302215576286],[27.769924163818416,59.054195404052734],[27.769851684570597,59.05410766601585],[27.769849777221623,59.05405044555687],[27.769889831542912,59.05399322509777]],[[27.747373580932617,59.030963897705305],[27.747587203979492,59.0309295654298],[27.747756958007926,59.03094100952171],[27.747852325439567,59.03094863891624],[27.747932434082145,59.030960083007756],[27.74809837341303,59.03099441528349],[27.748243331909634,59.03102111816406],[27.74832153320324,59.031047821044865],[27.74838447570795,59.03106689453148],[27.748840332031307,59.03118896484375],[27.74897003173828,59.031234741211165],[27.74918556213379,59.031318664550895],[27.749612808227937,59.03146743774414],[27.75000953674322,59.03155517578125],[27.750188827514762,59.031589508056754],[27.751811981201627,59.03188323974621],[27.752353668212947,59.031963348388786],[27.75272750854498,59.03206634521496],[27.754339218140103,59.032295227050724],[27.754816055298306,59.03236389160179],[27.75529289245651,59.0324325561528],[27.75557518005371,59.03251647949219],[27.755609512329215,59.03252792358444],[27.755674362183072,59.03253936767578],[27.75583076477045,59.032577514648665],[27.756326675415096,59.03264236450195],[27.756616592407397,59.03270339965826],[27.756872177123967,59.03274536132835],[27.756982803345068,59.03277587890648],[27.75696182251022,59.03280639648466],[27.756805419922273,59.03280639648466],[27.756502151489315,59.032844543457145],[27.755744934082145,59.03292465209972],[27.755140304565543,59.03299331665039],[27.754737854003963,59.03301239013683],[27.75409698486328,59.03297424316429],[27.75369453430187,59.03294754028332],[27.752803802490348,59.032855987549055],[27.752584457397518,59.03278732299839],[27.752454757690543,59.03278732299839],[27.752082824707088,59.03271484375],[27.7515163421632,59.03259658813511],[27.750780105590877,59.03233718872116],[27.749864578247525,59.03217315673851],[27.74918174743658,59.032043457031534],[27.748632431030558,59.031875610351676],[27.748107910156534,59.031635284424],[27.747827529907568,59.03147506713867],[27.747770309448242,59.03144454956072],[27.74743270874069,59.03120422363281],[27.747362136840877,59.03115463256859],[27.74730491638195,59.03108596801758],[27.747310638428075,59.03102111816406],[27.747335433959904,59.03099822998047],[27.747373580932617,59.030963897705305]],[[27.738313674926758,59.01358413696312],[27.73836898803711,59.01337814331055],[27.738430023193416,59.01330566406273],[27.738557815551985,59.01325988769531],[27.738729476928825,59.01327133178722],[27.73893547058117,59.01329421997082],[27.739152908325252,59.01334381103521],[27.73939323425293,59.0134086608889],[27.73955917358421,59.013458251953125],[27.73977088928234,59.013549804687955],[27.739944458007756,59.01359939575218],[27.74035644531267,59.01376724243187],[27.740552902222078,59.01385498046875],[27.740640640259187,59.0139274597168],[27.740781784057674,59.01406860351585],[27.741056442261083,59.01456069946312],[27.741268157959382,59.0148811340332],[27.741374969482365,59.015060424804744],[27.741458892822664,59.015251159668026],[27.74151229858444,59.015426635742415],[27.741588592529638,59.01557922363304],[27.741708755493107,59.01577758789085],[27.74174690246582,59.01592254638672],[27.741708755493107,59.015968322754134],[27.741577148437557,59.01599884033226],[27.741405487060717,59.015983581543196],[27.740852355957486,59.01575469970703],[27.740547180175952,59.01564788818405],[27.740438461303825,59.015628814697266],[27.740152359008903,59.01553726196295],[27.739753723144474,59.01538467407238],[27.739425659179688,59.015254974365234],[27.7390975952149,59.01509857177746],[27.738626480102653,59.014709472656364],[27.738451004028434,59.014545440674055],[27.73832893371582,59.01430511474638],[27.738235473632756,59.014095306396825],[27.73823738098173,59.01391601562506],[27.738218307495117,59.013729095458984],[27.738313674926758,59.01358413696312]],[[27.739501953125057,59.013286590576286],[27.73931312561075,59.01323318481468],[27.739067077637117,59.01313781738304],[27.738864898681754,59.01302337646479],[27.738756179809627,59.01285171508812],[27.7386798858646,59.0126686096192],[27.73859214782732,59.01249694824219],[27.73856353759811,59.01233291625988],[27.738573074340877,59.01216888427757],[27.7385444641115,59.011936187744254],[27.73859977722168,59.01191711425781],[27.73871231079096,59.01190567016607],[27.738864898681754,59.01195144653332],[27.738985061645963,59.01204299926758],[27.73919296264654,59.01216125488304],[27.739507675171012,59.012397766113565],[27.739637374877987,59.0125427246096],[27.73976707458496,59.01271057128906],[27.739877700806062,59.012836456299055],[27.739980697632234,59.01297378540039],[27.740028381348054,59.01305389404297],[27.740091323852596,59.013114929199446],[27.740200042724723,59.01324844360357],[27.740262985229606,59.01333618164068],[27.74026870727539,59.01340484619135],[27.740240097046183,59.013450622558594],[27.74016952514654,59.01347732543957],[27.74011039733921,59.01347732543957],[27.73993873596237,59.01343154907232],[27.73974037170416,59.01334762573242],[27.739625930786474,59.01330566406273],[27.739501953125057,59.013286590576286]],[[27.7371501922608,59.01308059692394],[27.737152099609375,59.01340103149437],[27.737136840820312,59.01351165771507],[27.737083435058537,59.01350402832054],[27.736948013305607,59.01341247558588],[27.736867904663427,59.0133323669437],[27.736780166626147,59.01322555542015],[27.736705780029354,59.01314163208042],[27.736629486084325,59.01306915283203],[27.736598968505973,59.01302337646479],[27.73657989501953,59.01296234130865],[27.736577987670955,59.01286697387701],[27.736553192139127,59.012748718261946],[27.736474990844783,59.01266098022484],[27.736391067505224,59.012577056884766],[27.736331939697322,59.0125083923341],[27.73627662658697,59.01246643066423],[27.736234664917276,59.012378692627294],[27.736253738403718,59.01225662231468],[27.736330032348917,59.012222290039176],[27.736377716064737,59.0122184753418],[27.736421585083008,59.012203216552734],[27.736530303955135,59.012184143066634],[27.736677169800146,59.01216506958002],[27.73687934875494,59.01233673095726],[27.73697853088379,59.01244354248058],[27.73707771301315,59.01262283325218],[27.737123489379996,59.01277542114258],[27.737131118774357,59.01286315917969],[27.7371501922608,59.01308059692394]],[[27.7403888702396,59.00002288818371],[27.74035263061529,58.999996185302734],[27.740278244018498,59.000000000000284],[27.74021720886236,58.99996185302757],[27.740207672119254,58.999897003173885],[27.74020957946783,58.999832153320426],[27.740196228027344,58.99978637695335],[27.74019050598139,58.999729156494254],[27.74022102355957,58.99969482421909],[27.74047660827631,58.99959945678745],[27.740585327148438,58.99958038330101],[27.74060821533226,58.9996452331543],[27.740598678588924,58.99986267089838],[27.740585327148438,58.99993133544922],[27.74053573608404,59.000015258789176],[27.74053573608404,59.000076293945654],[27.740518569946744,59.00011062622082],[27.740455627441463,59.00011444091797],[27.740425109863338,59.000095367431925],[27.740398406982536,59.000072479248274],[27.7403888702396,59.00002288818371]]]]}},{"type":"Feature","properties":{"id":44,"name":"Lipetsk","neighbors":[42,57,64,72,76,86]},"geometry":{"type":"Polygon","coordinates":[[[39.7669,53.5724],[39.9598,53.521],[39.9202,53.4426],[40.1957,53.3167],[40.127,53.192],[40.1487,52.9883],[40.2123,52.9652],[40.1145,52.8905],[40.1816,52.8007],[40.0111,52.746],[40.0648,52.5852],[40.8192,52.1965],[40.6995,52.1336],[40.6067,51.9359],[39.7922,51.9054],[39.5936,51.9517],[39.5695,52.0465],[39.4781,52.0746],[39.1926,52.082],[39.1041,51.9744],[38.8683,52.1007],[38.2506,51.9244],[37.8436,51.9555],[37.7575,52.1555],[38.0911,52.3218],[37.9342,52.4481],[37.9838,52.477],[37.8507,52.5243],[37.9089,52.5459],[37.7021,52.606],[37.8872,52.7706],[37.8254,52.943],[37.9084,53.067],[38.2781,53.0544],[38.3254,52.9528],[38.5083,53.0683],[38.6334,53.0199],[38.712,53.1109],[38.5892,53.1813],[38.6634,53.1939],[38.5372,53.3202],[38.8227,53.3696],[38.7274,53.4927],[38.7656,53.5258],[39.0325,53.5635],[39.2026,53.3821],[39.5585,53.4143],[39.5866,53.5065],[39.7669,53.5724]]]}},{"type":"Feature","properties":{"id":46,"name":"Mariy-El","neighbors":[15,34,52,73]},"geometry":{"type":"Polygon","coordinates":[[[49.234,57.1389],[49.3205,57.0441],[49.6261,57.1031],[49.7677,57.061],[49.7542,56.9133],[50.0978,56.8648],[50.1399,56.7972],[50.0777,56.6378],[50.2069,56.5604],[50.0211,56.4668],[49.8359,56.4546],[49.8407,56.5308],[49.7608,56.5565],[49.3747,56.3889],[49.0399,56.4008],[48.9037,56.3007],[49.0727,56.2267],[48.814,56.0779],[48.6895,56.0987],[48.6294,55.9915],[48.4177,55.9003],[48.4338,55.8356],[48.0303,55.9569],[47.9127,56.1293],[47.4988,56.1934],[47.3526,56.3481],[46.1526,56.0213],[46.0994,56.1758],[45.8728,56.2688],[45.9612,56.4047],[45.6348,56.4722],[45.708,56.6175],[45.9253,56.6599],[45.9081,56.843],[46.3194,56.9655],[46.5741,56.9357],[46.7044,56.9981],[47.1226,56.9371],[47.1562,56.8496],[47.5097,56.8663],[47.76,57.0801],[48.0652,57.0254],[48.2839,57.173],[48.4458,57.1305],[48.8022,57.1993],[48.8665,57.1751],[48.8555,57.1005],[48.98,57.1093],[49.0791,57.2124],[49.0298,57.2932],[49.1387,57.3398],[49.2447,57.3216],[49.1861,57.2495],[49.234,57.1389]]]}},{"type":"Feature","properties":{"id":47,"name":"Mordovia","neighbors":[15,52,59,64,81]},"geometry":{"type":"Polygon","coordinates":[[[45.7454,54.9931],[46.113,55.0526],[46.1764,54.9882],[46.3049,55.0682],[46.3414,55.0195],[46.2764,54.9594],[46.417,54.8908],[46.5473,54.6612],[46.4544,54.5765],[46.5751,54.5192],[46.4937,54.4909],[46.6456,54.4947],[46.5654,54.4211],[46.6956,54.3986],[46.703,54.3329],[46.0068,54.137],[45.7838,53.9266],[45.3399,53.8779],[45.265,53.9625],[44.9459,53.9651],[44.699,53.8977],[44.639,53.8308],[44.7743,53.6991],[44.5981,53.6612],[44.1495,53.7036],[44.0019,53.761],[43.9307,53.8922],[43.268,54.0102],[43.1906,53.9347],[43.253,53.8627],[43.2113,53.8104],[42.6261,53.7606],[42.5697,53.8233],[42.523,53.7132],[42.3532,53.8038],[42.525,53.934],[42.2835,54.0652],[42.3337,54.1131],[42.5559,54.0506],[42.5372,54.1079],[42.7231,54.1142],[42.7218,54.1633],[42.4824,54.2266],[42.2983,54.1434],[42.1994,54.2329],[42.2986,54.2094],[42.662,54.3502],[42.552,54.4136],[42.7341,54.5528],[42.6477,54.6632],[42.5087,54.6649],[42.3481,54.7823],[42.4595,54.8328],[42.609,54.764],[43.1252,54.765],[43.3311,54.933],[43.63,54.928],[43.6231,54.8308],[43.9728,54.7886],[43.9668,54.7368],[44.1215,54.7318],[44.2567,54.5905],[44.6987,54.5326],[44.637,54.4588],[45.152,54.4705],[45.1842,54.5052],[45.0328,54.5943],[45.1218,54.6578],[45.1211,54.7769],[45.2228,54.7478],[45.2907,54.8672],[45.4754,54.9056],[45.4448,55.0439],[45.6482,55.1632],[45.7887,55.162],[45.7454,54.9931]]]}},{"type":"Feature","properties":{"id":48,"name":"Moscow City","neighbors":[49]},"geometry":{"type":"MultiPolygon","coordinates":[[[[37.24789428710932,55.5889129638673],[37.24775314331083,55.58869171142584],[37.24774932861345,55.58838272094749],[37.24796295166021,55.58757400512695],[37.247955322265625,55.58754348754883],[37.24791717529314,55.587398529052734],[37.24774932861345,55.58718872070324],[37.247402191162394,55.58697509765631],[37.24671936035185,55.58671951293957],[37.24530792236334,55.58631134033203],[37.24462127685575,55.586162567138786],[37.24431228637707,55.58612823486328],[37.243896484375,55.58612823486328],[37.243640899658374,55.586162567138786],[37.24323654174805,55.58627700805687],[37.24174118042009,55.58697509765631],[37.23878860473661,55.58844757080078],[37.238018035888786,55.58872222900402],[37.23761749267595,55.58880996704113],[37.23716354370134,55.58886337280268],[37.23599243164068,55.58889389038086],[37.23275756835943,55.58886718750023],[37.228309631347656,55.58883285522472],[37.22736740112333,55.5888023376466],[37.226684570312784,55.58872985839855],[37.226146697998104,55.588600158691406],[37.225597381591854,55.588409423828125],[37.22449493408203,55.587947845458984],[37.223911285400675,55.587772369384766],[37.223621368408374,55.58773803710943],[37.22333145141613,55.58773803710943],[37.22279739379911,55.58782196044922],[37.222290039062784,55.58797454833996],[37.22185897827143,55.58815383911133],[37.22163009643583,55.58824920654297],[37.22123718261736,55.588474273681584],[37.22090530395502,55.588760375976506],[37.220569610595874,55.58924102783226],[37.220394134521484,55.5896949768067],[37.22038269042997,55.59008407592779],[37.22052001953131,55.59037017822271],[37.22080993652338,55.5906219482423],[37.22118377685541,55.590835571289176],[37.22442626953119,55.5921516418457],[37.224975585937784,55.59242630004894],[37.22556304931669,55.592811584472656],[37.22735595703125,55.594406127929915],[37.22782897949247,55.59491729736328],[37.22817230224615,55.59546279907232],[37.2287216186524,55.59665679931646],[37.229045867920036,55.597103118896484],[37.22928619384771,55.597293853759766],[37.229591369628906,55.597450256347884],[37.230571746826286,55.59776306152344],[37.23149871826172,55.59804916381836],[37.231998443603686,55.5983047485351],[37.232257843017635,55.59856033325207],[37.23276519775402,55.59937286376959],[37.23295211792009,55.59955596923851],[37.23323059082048,55.59973144531273],[37.23426055908209,55.60013961791992],[37.23578643798834,55.60057449340826],[37.2365341186524,55.60074234008789],[37.23733139038103,55.60086059570318],[37.23963546752947,55.60109329223633],[37.23974990844755,55.60110473632824],[37.24054336547846,55.60121154785156],[37.2431716918947,55.60174179077171],[37.244014739990405,55.601875305175895],[37.24467086791998,55.60192871093744],[37.24556350708025,55.601947784423885],[37.24623107910173,55.60192871093744],[37.246818542480526,55.601863861083984],[37.24728393554716,55.601764678955135],[37.24770355224604,55.60163116455101],[37.248947143554744,55.60105133056646],[37.24951553344721,55.60065841674816],[37.25040435791033,55.599887847900504],[37.25101470947271,55.59951782226568],[37.25152206420904,55.599273681640625],[37.25189208984369,55.59914016723644],[37.2523269653322,55.5990447998048],[37.254337310791186,55.59884643554699],[37.25512313842779,55.59869384765625],[37.25585174560558,55.59839630126976],[37.25679397583025,55.59776306152344],[37.25741577148466,55.597209930420036],[37.257457733154354,55.59716033935541],[37.25770187377958,55.59688186645508],[37.25814819335966,55.596199035644474],[37.25843811035173,55.595577239990234],[37.25849914550787,55.59523773193371],[37.25849151611334,55.594779968261946],[37.258289337158146,55.59353637695307],[37.25814437866228,55.59310150146496],[37.25785827636736,55.59270095825195],[37.25742721557623,55.59228515625023],[37.254966735839844,55.59013748168957],[37.25430679321306,55.58968734741211],[37.25374984741228,55.589485168457145],[37.25284957885748,55.58935928344732],[37.25170135498041,55.58927536010742],[37.25016403198248,55.58926391601568],[37.24909210205095,55.58925247192383],[37.24856567382818,55.58919143676769],[37.2482452392581,55.589107513427734],[37.24789428710932,55.5889129638673]]],[[[37.342391967773494,55.600437164306754],[37.34477615356451,55.59947204589844],[37.34665679931669,55.598522186279354],[37.347412109375284,55.59805679321289],[37.347934722900334,55.597446441650334],[37.348140716552734,55.59678649902344],[37.34809494018583,55.596111297607365],[37.347583770752124,55.59513092041021],[37.347503662109546,55.595046997070426],[37.34746551513672,55.5948371887207],[37.34738540649431,55.5938835144043],[37.34727096557623,55.59355545043951],[37.34708786010748,55.593341827392805],[37.34665679931669,55.59304809570335],[37.34565353393555,55.592514038085994],[37.3446044921875,55.59184265136719],[37.344184875488565,55.59170532226568],[37.34300994873058,55.59156036376959],[37.34264373779325,55.59147644042969],[37.342411041259766,55.591384887695426],[37.34188079834013,55.590919494628906],[37.34139633178722,55.59029769897484],[37.34126663208008,55.58995819091797],[37.341327667236385,55.5892791748048],[37.34183883666992,55.58832931518555],[37.34249877929682,55.5877037048341],[37.34484481811552,55.58591079711937],[37.34537887573248,55.58528518676758],[37.34585571289068,55.584533691406364],[37.346248626709155,55.58429718017601],[37.346408843994084,55.58402633666998],[37.34647369384794,55.583465576171875],[37.347137451171875,55.58270645141613],[37.34717559814459,55.58251571655285],[37.34714508056646,55.582401275634766],[37.34693527221708,55.58218383789085],[37.34636688232439,55.58191299438499],[37.345443725585994,55.58164215087896],[37.3434371948245,55.581134796142805],[37.339874267578296,55.580165863037166],[37.29883575439453,55.56895446777344],[37.29011535644537,55.566574096679744],[37.287929534912166,55.56595611572271],[37.2862625122072,55.56554794311535],[37.28481674194336,55.56526947021496],[37.282882690429744,55.564697265625114],[37.28244781494158,55.56464004516596],[37.28209686279297,55.56463623046898],[37.2813072204591,55.564716339111385],[37.27799606323242,55.56531143188499],[37.277404785156364,55.565437316894645],[37.276947021484375,55.56557083129894],[37.27654266357439,55.5657577514649],[37.276252746582145,55.5660018920899],[37.27601623535162,55.566329956054744],[37.2756805419923,55.566959381103516],[37.275421142578125,55.56726837158203],[37.27509307861334,55.56748199462896],[37.27460098266607,55.56761932373047],[37.27381896972685,55.56766510009771],[37.27274322509783,55.567584991455305],[37.27166748046881,55.56737518310558],[37.269687652588175,55.56688690185547],[37.26920700073259,55.56681060791027],[37.26875686645536,55.56680679321295],[37.268352508545206,55.56690979003912],[37.2680778503418,55.56713867187506],[37.267974853515796,55.56736755371105],[37.26794052124029,55.56761550903326],[37.26793670654297,55.57043838500982],[37.26800155639677,55.570816040039176],[37.26813507080095,55.57105255126953],[37.26844406127947,55.57129287719738],[37.268966674804744,55.57147598266613],[37.270935058594034,55.571777343750114],[37.27154159545904,55.57192611694336],[37.271911621094034,55.5721054077149],[37.272106170654354,55.57236480712885],[37.272102355957315,55.57265853881836],[37.27198791503906,55.572975158691406],[37.27031326293945,55.57606506347662],[37.270229339599666,55.576469421386946],[37.270320892333984,55.576736450195426],[37.270503997802734,55.57695007324219],[37.27088165283209,55.57723617553711],[37.27367782592785,55.5788307189942],[37.27422714233404,55.57920074462902],[37.27448654174833,55.57943344116234],[37.27500915527361,55.58016967773449],[37.27701950073259,55.58380126953119],[37.27727890014654,55.58415603637695],[37.27753448486334,55.58441162109375],[37.27780914306669,55.58459091186529],[37.278228759765625,55.58477020263672],[37.27993011474604,55.58524703979492],[37.280529022216854,55.58547973632824],[37.280559539795206,55.58549880981451],[37.28079223632818,55.58563995361334],[37.28211212158209,55.59033584594738],[37.28346252441412,55.59356689453125],[37.28362655639677,55.594581604004134],[37.2821311950683,55.59552001953131],[37.28164672851557,55.595863342285156],[37.281459808349666,55.59609603881847],[37.28139877319353,55.596298217773665],[37.28145599365229,55.59650421142601],[37.2816543579101,55.59673309326183],[37.28211593627958,55.597019195556754],[37.284523010253906,55.598197937011946],[37.285663604736385,55.598793029785384],[37.2872390747072,55.59950256347656],[37.2879371643067,55.59973526000971],[37.28974151611334,55.6002197265625],[37.2918319702149,55.601036071777344],[37.293563842773494,55.601528167724666],[37.29593276977545,55.60181808471691],[37.298313140869425,55.60166549682617],[37.303157806396655,55.60099792480469],[37.3035621643067,55.60091018676758],[37.304714202880916,55.60172271728527],[37.30533218383795,55.60201263427757],[37.305759429931925,55.602119445800724],[37.30598068237305,55.6021461486817],[37.306423187255916,55.602134704589844],[37.30681991577154,55.602058410644645],[37.30723571777361,55.60191345214855],[37.307922363281364,55.60157012939453],[37.310344696045206,55.60019683837902],[37.31089782714844,55.59993362426758],[37.311695098876896,55.599620819091854],[37.3128089904788,55.60100173950201],[37.313213348388615,55.60135269165062],[37.313476562500284,55.601497650146484],[37.313850402832315,55.60161209106457],[37.31423950195341,55.6016197204591],[37.3145370483399,55.60153961181635],[37.314830780029354,55.601329803466854],[37.314907073974894,55.601146697998104],[37.31489562988298,55.60094451904308],[37.314739227294865,55.600627899170036],[37.314029693603686,55.599891662597656],[37.313217163085994,55.599273681640625],[37.314193725585994,55.59912872314453],[37.31561660766607,55.5990104675293],[37.317794799804744,55.598991394043026],[37.31862258911133,55.59906005859369],[37.3207321166995,55.59975433349615],[37.32123947143555,55.59983825683594],[37.32169723510748,55.59984588623047],[37.322288513183594,55.59975051879883],[37.32252120971708,55.59967803955078],[37.32297515869146,55.59976959228527],[37.326953887939396,55.600990295410156],[37.32970046997076,55.602046966552734],[37.330806732177905,55.602397918701115],[37.33300781250017,55.602939605713004],[37.33419799804693,55.60309600830078],[37.33481597900402,55.60309600830078],[37.336555480957315,55.60289764404297],[37.3382682800293,55.602401733398665],[37.342391967773494,55.600437164306754]]],[[[37.90807723999052,55.80827713012701],[37.90836715698259,55.80823516845709],[37.9087677001956,55.80823516845709],[37.91080856323242,55.808502197265625],[37.91130065917986,55.80852508544922],[37.91168212890642,55.808502197265625],[37.91203689575201,55.80842971801758],[37.912265777588004,55.80833435058594],[37.912811279296875,55.807876586914176],[37.913047790527344,55.80772399902338],[37.91340255737316,55.80761718750006],[37.91373825073248,55.807594299316406],[37.91436004638689,55.807682037353516],[37.91501235961931,55.80789184570324],[37.915405273437614,55.80807495117199],[37.91599273681669,55.808490753174055],[37.9162673950197,55.80862808227539],[37.91680908203125,55.80874252319347],[37.917293548583984,55.808738708496094],[37.917911529541016,55.80862045288086],[37.91960906982433,55.808124542236555],[37.92141342163097,55.80781936645502],[37.922943115234546,55.80736541748047],[37.923770904541016,55.80715942382807],[37.93016815185547,55.80592727661133],[37.931098937988224,55.805694580078125],[37.93161392211931,55.80548858642578],[37.93202590942383,55.805255889892805],[37.932376861572436,55.804965972900334],[37.93260192871122,55.804641723632926],[37.932632446289006,55.804355621338004],[37.93251037597662,55.80396270751953],[37.93216705322271,55.803356170654524],[37.931819915771655,55.802913665771484],[37.93161392211931,55.802734375000114],[37.931274414062784,55.802551269531364],[37.93085861206072,55.80241012573248],[37.93043899536127,55.80231475830084],[37.929786682128906,55.80221176147484],[37.92900085449213,55.80214309692383],[37.928424835205135,55.80214691162121],[37.92802047729492,55.802196502685774],[37.927509307861385,55.80232238769537],[37.926704406738565,55.80263137817394],[37.92209625244169,55.80467605590843],[37.921596527099666,55.80487060546869],[37.921234130859546,55.804977416992415],[37.92084503173845,55.80504226684576],[37.92047882080095,55.80504226684576],[37.92002487182623,55.804977416992415],[37.91937637329096,55.804786682129134],[37.91717147827154,55.803901672363395],[37.916484832763956,55.80360794067394],[37.91608047485363,55.803375244140625],[37.91572952270536,55.80306625366211],[37.915313720703296,55.802387237549055],[37.91510391235357,55.80215072631836],[37.914756774902514,55.801937103271484],[37.914058685302905,55.801673889160156],[37.91371917724638,55.801486968994254],[37.9134979248048,55.80126953125],[37.91305541992193,55.800670623779524],[37.912628173828296,55.80018234252941],[37.91205215454107,55.79964065551758],[37.911647796630916,55.79937744140625],[37.91123580932617,55.79920959472656],[37.91078567504877,55.79909896850586],[37.90857315063482,55.798793792724666],[37.90810394287115,55.79864501953131],[37.90789031982439,55.798522949218864],[37.90765380859375,55.7982177734375],[37.907493591308764,55.797348022461165],[37.90734481811552,55.7969856262207],[37.90716171264643,55.79678344726568],[37.90650939941406,55.79629898071312],[37.906345367431754,55.796104431152344],[37.90628433227545,55.79582595825195],[37.9063720703125,55.79502105712896],[37.906234741210994,55.79478836059576],[37.905910491943416,55.79458236694359],[37.90555953979498,55.794498443603516],[37.9052085876466,55.794498443603516],[37.90498352050781,55.794555664062614],[37.904708862304744,55.79469299316412],[37.904361724853686,55.79502105712896],[37.903633117675724,55.796081542968864],[37.903118133545206,55.796646118164176],[37.90284729003935,55.796810150146484],[37.90258789062506,55.796897888183594],[37.90206909179716,55.79694747924799],[37.90171813964872,55.796913146972656],[37.90124130249052,55.796817779541016],[37.89972305297846,55.79638671875023],[37.89867019653326,55.79602050781256],[37.89765167236334,55.795574188232536],[37.89716339111328,55.79544067382835],[37.896717071533374,55.79541778564476],[37.896350860595874,55.795475006103516],[37.895996093750284,55.79559326171881],[37.895393371582315,55.79586410522461],[37.89509963989269,55.7959556579591],[37.8947944641115,55.79598617553722],[37.89445877075201,55.79595184326172],[37.89411163330078,55.79584884643555],[37.89380264282255,55.7957000732423],[37.89210891723633,55.79460144042969],[37.891338348388615,55.79419326782249],[37.89097213745117,55.79408645629877],[37.89047241210932,55.794040679931754],[37.890010833740234,55.7940940856933],[37.889644622802905,55.79419326782249],[37.88903808593756,55.79441833496094],[37.88835525512701,55.79473114013683],[37.88724899291998,55.79532241821312],[37.88151168823248,55.7991943359375],[37.879772186279354,55.800319671630916],[37.8794517517091,55.800590515136946],[37.87931060791021,55.800842285156364],[37.879314422607365,55.80105209350609],[37.87945938110363,55.80126953125],[37.879680633545206,55.80144500732422],[37.880035400390796,55.80163955688499],[37.88439941406267,55.80361175537115],[37.886421203613395,55.8043022155764],[37.889373779297046,55.805236816406364],[37.89038467407221,55.80562973022484],[37.8906631469726,55.805786132812614],[37.89097213745117,55.806053161621094],[37.891956329345874,55.807327270507926],[37.89220809936529,55.8075065612793],[37.89249038696289,55.80762863159174],[37.8930282592774,55.80774307250999],[37.89454650878906,55.80779266357422],[37.89544296264654,55.807941436767635],[37.90203857421881,55.8096160888673],[37.90269851684576,55.80984115600609],[37.90305328369169,55.81007385253906],[37.90315246582037,55.81023025512701],[37.90317535400396,55.81038665771496],[37.90307235717779,55.81065750122082],[37.90256500244146,55.811355590820256],[37.90250015258795,55.81168746948242],[37.90254211425798,55.81180572509771],[37.90272903442394,55.81200790405285],[37.90317153930664,55.8122444152832],[37.90370941162115,55.81242752075195],[37.905525207519815,55.81294631958019],[37.906700134277344,55.813243865966854],[37.90716171264643,55.81330490112316],[37.90763092041044,55.813316345214844],[37.907966613769645,55.81328582763672],[37.90828323364286,55.81320953369152],[37.90854644775402,55.813068389892805],[37.90863418579113,55.812973022461165],[37.908676147460994,55.812801361083984],[37.90855407714872,55.812618255615234],[37.90811920166021,55.81238555908209],[37.90712356567411,55.812068939208984],[37.906684875488224,55.811885833740234],[37.90636062622099,55.81162261962896],[37.906257629394645,55.811256408691634],[37.90634918212908,55.81085205078131],[37.907245635986385,55.80889511108404],[37.90760803222685,55.808483123779524],[37.9078102111817,55.80836486816406],[37.90807723999052,55.80827713012701]]],[[[37.6103,55.9418],[37.5955,55.8973],[37.762,55.8716],[37.9847,55.7083],[37.6325,55.5584],[37.618,55.4792],[37.5092,55.5098],[37.5839,55.5645],[37.4688,55.6427],[37.3611,55.6236],[37.4501,55.6644],[37.4014,55.7687],[37.3478,55.7519],[37.4396,55.854],[37.3698,55.9402],[37.4517,55.9392],[37.4568,55.8613],[37.6103,55.9418]]],[[[37.46528244018572,55.970214843750114],[37.46951675415045,55.969959259033374],[37.474700927734546,55.96937942504877],[37.480079650878906,55.969055175781364],[37.48157882690441,55.968872070312614],[37.48297500610346,55.968536376953466],[37.484207153320256,55.96805953979526],[37.485832214355526,55.96722030639677],[37.48836898803728,55.965656280517805],[37.48982238769537,55.96516418457054],[37.491664886474666,55.96478652954113],[37.496879577636776,55.964290618896484],[37.50166702270502,55.96364212036144],[37.500244140625,55.96219635009777],[37.498924255371264,55.961532592773665],[37.497859954833984,55.96130752563505],[37.49451065063482,55.961090087890796],[37.493083953857365,55.96092224121094],[37.49144363403326,55.960533142089844],[37.49051284790045,55.960182189941406],[37.489772796630916,55.95972061157249],[37.48755264282221,55.95787048339844],[37.484558105469034,55.95616149902344],[37.48282241821306,55.95633316040045],[37.48148345947277,55.956298828125114],[37.48020172119135,55.95609664917015],[37.47903823852545,55.955776214599894],[37.47513580322271,55.95450973510759],[37.47185897827177,55.95313644409191],[37.46910858154325,55.952178955078125],[37.465812683105526,55.95082092285156],[37.463050842285156,55.94987487792969],[37.45976257324247,55.94850158691423],[37.45701980590849,55.947521209717024],[37.453784942626896,55.94614791870117],[37.45212173461931,55.945655822753906],[37.45005798339872,55.94525146484369],[37.4490852355957,55.945198059082486],[37.447925567627124,55.945365905761776],[37.44742584228533,55.945552825928075],[37.44665527343767,55.94605636596725],[37.446170806884766,55.946701049804744],[37.444980621338175,55.948963165283146],[37.444194793701286,55.949771881103516],[37.443656921386776,55.94972229003929],[37.442455291748104,55.94964981079124],[37.44189453125017,55.949676513671875],[37.441570281982706,55.949760437011776],[37.441371917724894,55.949848175048885],[37.441120147705135,55.950019836425724],[37.44090652465826,55.95025253295944],[37.44060897827177,55.950748443603516],[37.44034194946295,55.95076751708996],[37.43830108642595,55.95058441162104],[37.435203552246094,55.949958801269815],[37.43025207519548,55.949405670166016],[37.42585754394531,55.9487037658692],[37.42214584350603,55.948238372802734],[37.41775512695318,55.94755935668951],[37.412055969238395,55.94703674316429],[37.39956283569347,55.94521331787121],[37.395702362060604,55.94494247436535],[37.393444061279354,55.94587707519531],[37.392551422119425,55.9466819763183],[37.39208984374994,55.947341918945256],[37.39185714721697,55.94794464111328],[37.39169311523466,55.95010375976585],[37.39469146728521,55.95131301879883],[37.39970397949247,55.95387268066406],[37.4021110534668,55.95489883422886],[37.40542602539091,55.95660400390648],[37.407840728759936,55.95762634277355],[37.41329574584972,55.960456848144986],[37.41355133056646,55.96057510375988],[37.41702270507841,55.962966918945426],[37.417598724365405,55.963317871094205],[37.4182968139649,55.9636497497558],[37.41926956176752,55.96397399902344],[37.41992568969732,55.96414566040062],[37.421306610107536,55.965217590332315],[37.42238616943388,55.96616744995117],[37.42350387573259,55.96742630004894],[37.424777984619425,55.96862792968773],[37.425930023193644,55.96940994262695],[37.42709732055664,55.96978759765631],[37.42917633056646,55.970039367675724],[37.43139266967779,55.97008895874069],[37.43748855590826,55.97002792358421],[37.44045639038103,55.97016525268555],[37.441860198974666,55.970413208007926],[37.4435348510745,55.97106170654297],[37.4444198608399,55.97162628173828],[37.445075988769815,55.97225189209007],[37.44832229614258,55.976867675781364],[37.449317932128906,55.97810363769531],[37.45004272460966,55.97865295410156],[37.45087814331083,55.979026794433935],[37.45240402221708,55.979377746582145],[37.454864501953296,55.97941207885748],[37.45748901367216,55.97923278808594],[37.45987701416021,55.97873306274431],[37.46089553833025,55.97837066650396],[37.461761474609546,55.97783660888683],[37.4623451232913,55.97716140747082],[37.463375091552905,55.97528076171898],[37.46205139160185,55.974464416503906],[37.461303710937784,55.97387313842796],[37.460788726806754,55.97314834594738],[37.460678100585994,55.972743988037166],[37.46080398559599,55.971939086914176],[37.461074829101676,55.97154998779308],[37.46144104003912,55.97124481201172],[37.46237945556646,55.97079467773449],[37.46399307250982,55.97040176391624],[37.46528244018572,55.970214843750114]]],[[[37.2352,56.0028],[37.2964,55.9537],[37.1779,55.9469],[37.1635,56.002],[37.2352,56.0028]]]]}},{"type":"Feature","properties":{"id":49,"name":"Moskva","neighbors":[26,48,64,69,76,78,83,88]},"geometry":{"type":"Polygon","coordinates":[[[37.769,56.9419],[38.0228,56.8468],[38.0936,56.7441],[38.2951,56.7704],[38.4328,56.689],[38.3509,56.6782],[38.4086,56.5607],[38.321,56.5155],[38.4878,56.3782],[38.4404,56.2524],[38.565,56.1977],[38.6307,55.9708],[39.0796,55.9327],[39.1457,55.8367],[39.3666,55.8487],[39.363,55.7583],[39.5193,55.7302],[39.9257,55.8156],[39.9472,55.7195],[40.1148,55.6418],[40.0796,55.5076],[40.2212,55.4795],[40.1681,55.4014],[40.2465,55.3131],[40.012,55.189],[39.8156,55.1744],[39.7471,55.103],[39.8803,55.0963],[39.8256,54.9916],[39.6372,55.0098],[39.4735,54.9123],[39.2503,54.6192],[38.8484,54.5869],[38.8157,54.4511],[38.9975,54.3721],[38.7412,54.3247],[38.6806,54.2275],[38.4962,54.2765],[38.526,54.3459],[38.4159,54.4414],[38.3871,54.5175],[38.4795,54.5279],[38.4893,54.6279],[38.2651,54.6162],[38.0621,54.7017],[37.9646,54.8311],[37.7971,54.8119],[37.7965,54.7247],[37.7176,54.6929],[37.5696,54.7016],[37.4801,54.8099],[37.2365,54.8279],[37.1179,55.033],[37.1531,55.0764],[37.0878,55.0916],[37.1339,55.1317],[36.9764,55.2196],[36.8191,55.1762],[36.6409,55.2268],[36.6091,55.3099],[36.4269,55.2737],[36.3034,55.1425],[36.1745,55.1447],[35.7765,55.2624],[35.4251,55.1951],[35.2864,55.2866],[35.3187,55.5391],[35.4128,55.5611],[35.3406,55.6301],[35.3458,55.7585],[35.151,55.9222],[35.3464,56.0594],[35.2889,56.0849],[35.365,56.1437],[35.3196,56.1943],[35.5088,56.2265],[35.5217,56.3552],[35.4213,56.351],[35.4319,56.4257],[35.6798,56.4605],[35.7784,56.3637],[36.1034,56.314],[36.157,56.3914],[36.8271,56.5746],[37.1251,56.5224],[37.1579,56.6574],[37.0958,56.7339],[37.5125,56.7639],[37.5805,56.8927],[37.769,56.9419]],[[37.2166,56.0059],[37.1786,55.9464],[37.2964,55.9537],[37.2166,56.0059]],[[37.4483,55.9769],[37.3921,55.9473],[37.5017,55.9636],[37.4483,55.9769]],[[37.6027,55.944],[37.4568,55.8613],[37.4517,55.9392],[37.3698,55.9402],[37.4396,55.854],[37.3478,55.7519],[37.4014,55.7687],[37.4501,55.6644],[37.3611,55.6236],[37.4688,55.6427],[37.5839,55.5645],[37.5092,55.5098],[37.618,55.4792],[37.6325,55.5584],[37.9847,55.7083],[37.6027,55.944]],[[37.890010833740234,55.7940940856933],[37.89047241210932,55.794040679931754],[37.89097213745117,55.79408645629877],[37.891338348388615,55.79419326782249],[37.89210891723633,55.79460144042969],[37.89380264282255,55.7957000732423],[37.89411163330078,55.79584884643555],[37.89445877075201,55.79595184326172],[37.8947944641115,55.79598617553722],[37.89509963989269,55.7959556579591],[37.895393371582315,55.79586410522461],[37.895996093750284,55.79559326171881],[37.896350860595874,55.795475006103516],[37.896717071533374,55.79541778564476],[37.89716339111328,55.79544067382835],[37.89765167236334,55.795574188232536],[37.89867019653326,55.79602050781256],[37.89972305297846,55.79638671875023],[37.90124130249052,55.796817779541016],[37.90171813964872,55.796913146972656],[37.90206909179716,55.79694747924799],[37.90258789062506,55.796897888183594],[37.90284729003935,55.796810150146484],[37.903118133545206,55.796646118164176],[37.903633117675724,55.796081542968864],[37.904361724853686,55.79502105712896],[37.904708862304744,55.79469299316412],[37.90498352050781,55.794555664062614],[37.9052085876466,55.794498443603516],[37.90555953979498,55.794498443603516],[37.905910491943416,55.79458236694359],[37.906234741210994,55.79478836059576],[37.9063720703125,55.79502105712896],[37.90628433227545,55.79582595825195],[37.906345367431754,55.796104431152344],[37.90650939941406,55.79629898071312],[37.90716171264643,55.79678344726568],[37.90734481811552,55.7969856262207],[37.907493591308764,55.797348022461165],[37.90765380859375,55.7982177734375],[37.90789031982439,55.798522949218864],[37.90810394287115,55.79864501953131],[37.90857315063482,55.798793792724666],[37.91078567504877,55.79909896850586],[37.91123580932617,55.79920959472656],[37.911647796630916,55.79937744140625],[37.91205215454107,55.79964065551758],[37.912628173828296,55.80018234252941],[37.91305541992193,55.800670623779524],[37.9134979248048,55.80126953125],[37.91371917724638,55.801486968994254],[37.914058685302905,55.801673889160156],[37.914756774902514,55.801937103271484],[37.91510391235357,55.80215072631836],[37.915313720703296,55.802387237549055],[37.91572952270536,55.80306625366211],[37.91608047485363,55.803375244140625],[37.916484832763956,55.80360794067394],[37.91717147827154,55.803901672363395],[37.91937637329096,55.804786682129134],[37.92002487182623,55.804977416992415],[37.92047882080095,55.80504226684576],[37.92084503173845,55.80504226684576],[37.921234130859546,55.804977416992415],[37.921596527099666,55.80487060546869],[37.92209625244169,55.80467605590843],[37.926704406738565,55.80263137817394],[37.927509307861385,55.80232238769537],[37.92802047729492,55.802196502685774],[37.928424835205135,55.80214691162121],[37.92900085449213,55.80214309692383],[37.929786682128906,55.80221176147484],[37.93043899536127,55.80231475830084],[37.93085861206072,55.80241012573248],[37.931274414062784,55.802551269531364],[37.93161392211931,55.802734375000114],[37.931819915771655,55.802913665771484],[37.93216705322271,55.803356170654524],[37.93251037597662,55.80396270751953],[37.932632446289006,55.804355621338004],[37.93260192871122,55.804641723632926],[37.932376861572436,55.804965972900334],[37.93202590942383,55.805255889892805],[37.93161392211931,55.80548858642578],[37.931098937988224,55.805694580078125],[37.93016815185547,55.80592727661133],[37.923770904541016,55.80715942382807],[37.922943115234546,55.80736541748047],[37.92141342163097,55.80781936645502],[37.91960906982433,55.808124542236555],[37.917911529541016,55.80862045288086],[37.917293548583984,55.808738708496094],[37.91680908203125,55.80874252319347],[37.9162673950197,55.80862808227539],[37.91599273681669,55.808490753174055],[37.915405273437614,55.80807495117199],[37.91501235961931,55.80789184570324],[37.91436004638689,55.807682037353516],[37.91373825073248,55.807594299316406],[37.91340255737316,55.80761718750006],[37.913047790527344,55.80772399902338],[37.912811279296875,55.807876586914176],[37.912265777588004,55.80833435058594],[37.91203689575201,55.80842971801758],[37.91168212890642,55.808502197265625],[37.91130065917986,55.80852508544922],[37.91080856323242,55.808502197265625],[37.9087677001956,55.80823516845709],[37.90836715698259,55.80823516845709],[37.90807723999052,55.80827713012701],[37.9078102111817,55.80836486816406],[37.90760803222685,55.808483123779524],[37.907245635986385,55.80889511108404],[37.90634918212908,55.81085205078131],[37.906257629394645,55.811256408691634],[37.90636062622099,55.81162261962896],[37.906684875488224,55.811885833740234],[37.90712356567411,55.812068939208984],[37.90811920166021,55.81238555908209],[37.90855407714872,55.812618255615234],[37.908676147460994,55.812801361083984],[37.90863418579113,55.812973022461165],[37.90854644775402,55.813068389892805],[37.90828323364286,55.81320953369152],[37.907966613769645,55.81328582763672],[37.90763092041044,55.813316345214844],[37.90716171264643,55.81330490112316],[37.906700134277344,55.813243865966854],[37.905525207519815,55.81294631958019],[37.90370941162115,55.81242752075195],[37.90317153930664,55.8122444152832],[37.90272903442394,55.81200790405285],[37.90254211425798,55.81180572509771],[37.90250015258795,55.81168746948242],[37.90256500244146,55.811355590820256],[37.90307235717779,55.81065750122082],[37.90317535400396,55.81038665771496],[37.90315246582037,55.81023025512701],[37.90305328369169,55.81007385253906],[37.90269851684576,55.80984115600609],[37.90203857421881,55.8096160888673],[37.89544296264654,55.807941436767635],[37.89454650878906,55.80779266357422],[37.8930282592774,55.80774307250999],[37.89249038696289,55.80762863159174],[37.89220809936529,55.8075065612793],[37.891956329345874,55.807327270507926],[37.89097213745117,55.806053161621094],[37.8906631469726,55.805786132812614],[37.89038467407221,55.80562973022484],[37.889373779297046,55.805236816406364],[37.886421203613395,55.8043022155764],[37.88439941406267,55.80361175537115],[37.880035400390796,55.80163955688499],[37.879680633545206,55.80144500732422],[37.87945938110363,55.80126953125],[37.879314422607365,55.80105209350609],[37.87931060791021,55.800842285156364],[37.8794517517091,55.800590515136946],[37.879772186279354,55.800319671630916],[37.88151168823248,55.7991943359375],[37.88724899291998,55.79532241821312],[37.88835525512701,55.79473114013683],[37.88903808593756,55.79441833496094],[37.889644622802905,55.79419326782249],[37.890010833740234,55.7940940856933]],[[37.29883575439453,55.56895446777344],[37.339874267578296,55.580165863037166],[37.3434371948245,55.581134796142805],[37.345443725585994,55.58164215087896],[37.34636688232439,55.58191299438499],[37.34693527221708,55.58218383789085],[37.34714508056646,55.582401275634766],[37.34717559814459,55.58251571655285],[37.347137451171875,55.58270645141613],[37.34647369384794,55.583465576171875],[37.346408843994084,55.58402633666998],[37.346248626709155,55.58429718017601],[37.34585571289068,55.584533691406364],[37.34537887573248,55.58528518676758],[37.34484481811552,55.58591079711937],[37.34249877929682,55.5877037048341],[37.34183883666992,55.58832931518555],[37.341327667236385,55.5892791748048],[37.34126663208008,55.58995819091797],[37.34139633178722,55.59029769897484],[37.34188079834013,55.590919494628906],[37.342411041259766,55.591384887695426],[37.34264373779325,55.59147644042969],[37.34300994873058,55.59156036376959],[37.344184875488565,55.59170532226568],[37.3446044921875,55.59184265136719],[37.34565353393555,55.592514038085994],[37.34665679931669,55.59304809570335],[37.34708786010748,55.593341827392805],[37.34727096557623,55.59355545043951],[37.34738540649431,55.5938835144043],[37.34746551513672,55.5948371887207],[37.347503662109546,55.595046997070426],[37.347583770752124,55.59513092041021],[37.34809494018583,55.596111297607365],[37.348140716552734,55.59678649902344],[37.347934722900334,55.597446441650334],[37.347412109375284,55.59805679321289],[37.34665679931669,55.598522186279354],[37.34477615356451,55.59947204589844],[37.342391967773494,55.600437164306754],[37.3382682800293,55.602401733398665],[37.336555480957315,55.60289764404297],[37.33481597900402,55.60309600830078],[37.33419799804693,55.60309600830078],[37.33300781250017,55.602939605713004],[37.330806732177905,55.602397918701115],[37.32970046997076,55.602046966552734],[37.326953887939396,55.600990295410156],[37.32297515869146,55.59976959228527],[37.32252120971708,55.59967803955078],[37.322288513183594,55.59975051879883],[37.32169723510748,55.59984588623047],[37.32123947143555,55.59983825683594],[37.3207321166995,55.59975433349615],[37.31862258911133,55.59906005859369],[37.317794799804744,55.598991394043026],[37.31561660766607,55.5990104675293],[37.314193725585994,55.59912872314453],[37.313217163085994,55.599273681640625],[37.314029693603686,55.599891662597656],[37.314739227294865,55.600627899170036],[37.31489562988298,55.60094451904308],[37.314907073974894,55.601146697998104],[37.314830780029354,55.601329803466854],[37.3145370483399,55.60153961181635],[37.31423950195341,55.6016197204591],[37.313850402832315,55.60161209106457],[37.313476562500284,55.601497650146484],[37.313213348388615,55.60135269165062],[37.3128089904788,55.60100173950201],[37.311695098876896,55.599620819091854],[37.31089782714844,55.59993362426758],[37.310344696045206,55.60019683837902],[37.307922363281364,55.60157012939453],[37.30723571777361,55.60191345214855],[37.30681991577154,55.602058410644645],[37.306423187255916,55.602134704589844],[37.30598068237305,55.6021461486817],[37.305759429931925,55.602119445800724],[37.30533218383795,55.60201263427757],[37.304714202880916,55.60172271728527],[37.3035621643067,55.60091018676758],[37.303157806396655,55.60099792480469],[37.298313140869425,55.60166549682617],[37.29593276977545,55.60181808471691],[37.293563842773494,55.601528167724666],[37.2918319702149,55.601036071777344],[37.28974151611334,55.6002197265625],[37.2879371643067,55.59973526000971],[37.2872390747072,55.59950256347656],[37.285663604736385,55.598793029785384],[37.284523010253906,55.598197937011946],[37.28211593627958,55.597019195556754],[37.2816543579101,55.59673309326183],[37.28145599365229,55.59650421142601],[37.28139877319353,55.596298217773665],[37.281459808349666,55.59609603881847],[37.28164672851557,55.595863342285156],[37.2821311950683,55.59552001953131],[37.28362655639677,55.594581604004134],[37.28346252441412,55.59356689453125],[37.28211212158209,55.59033584594738],[37.28079223632818,55.58563995361334],[37.280559539795206,55.58549880981451],[37.280529022216854,55.58547973632824],[37.27993011474604,55.58524703979492],[37.278228759765625,55.58477020263672],[37.27780914306669,55.58459091186529],[37.27753448486334,55.58441162109375],[37.27727890014654,55.58415603637695],[37.27701950073259,55.58380126953119],[37.27500915527361,55.58016967773449],[37.27448654174833,55.57943344116234],[37.27422714233404,55.57920074462902],[37.27367782592785,55.5788307189942],[37.27088165283209,55.57723617553711],[37.270503997802734,55.57695007324219],[37.270320892333984,55.576736450195426],[37.270229339599666,55.576469421386946],[37.27031326293945,55.57606506347662],[37.27198791503906,55.572975158691406],[37.272102355957315,55.57265853881836],[37.272106170654354,55.57236480712885],[37.271911621094034,55.5721054077149],[37.27154159545904,55.57192611694336],[37.270935058594034,55.571777343750114],[37.268966674804744,55.57147598266613],[37.26844406127947,55.57129287719738],[37.26813507080095,55.57105255126953],[37.26800155639677,55.570816040039176],[37.26793670654297,55.57043838500982],[37.26794052124029,55.56761550903326],[37.267974853515796,55.56736755371105],[37.2680778503418,55.56713867187506],[37.268352508545206,55.56690979003912],[37.26875686645536,55.56680679321295],[37.26920700073259,55.56681060791027],[37.269687652588175,55.56688690185547],[37.27166748046881,55.56737518310558],[37.27274322509783,55.567584991455305],[37.27381896972685,55.56766510009771],[37.27460098266607,55.56761932373047],[37.27509307861334,55.56748199462896],[37.275421142578125,55.56726837158203],[37.2756805419923,55.566959381103516],[37.27601623535162,55.566329956054744],[37.276252746582145,55.5660018920899],[37.27654266357439,55.5657577514649],[37.276947021484375,55.56557083129894],[37.277404785156364,55.565437316894645],[37.27799606323242,55.56531143188499],[37.2813072204591,55.564716339111385],[37.28209686279297,55.56463623046898],[37.28244781494158,55.56464004516596],[37.282882690429744,55.564697265625114],[37.28481674194336,55.56526947021496],[37.2862625122072,55.56554794311535],[37.287929534912166,55.56595611572271],[37.29011535644537,55.566574096679744],[37.29883575439453,55.56895446777344]],[[37.24728393554716,55.601764678955135],[37.246818542480526,55.601863861083984],[37.24623107910173,55.60192871093744],[37.24556350708025,55.601947784423885],[37.24467086791998,55.60192871093744],[37.244014739990405,55.601875305175895],[37.2431716918947,55.60174179077171],[37.24054336547846,55.60121154785156],[37.23974990844755,55.60110473632824],[37.23963546752947,55.60109329223633],[37.23733139038103,55.60086059570318],[37.2365341186524,55.60074234008789],[37.23578643798834,55.60057449340826],[37.23426055908209,55.60013961791992],[37.23323059082048,55.59973144531273],[37.23295211792009,55.59955596923851],[37.23276519775402,55.59937286376959],[37.232257843017635,55.59856033325207],[37.231998443603686,55.5983047485351],[37.23149871826172,55.59804916381836],[37.230571746826286,55.59776306152344],[37.229591369628906,55.597450256347884],[37.22928619384771,55.597293853759766],[37.229045867920036,55.597103118896484],[37.2287216186524,55.59665679931646],[37.22817230224615,55.59546279907232],[37.22782897949247,55.59491729736328],[37.22735595703125,55.594406127929915],[37.22556304931669,55.592811584472656],[37.224975585937784,55.59242630004894],[37.22442626953119,55.5921516418457],[37.22118377685541,55.590835571289176],[37.22080993652338,55.5906219482423],[37.22052001953131,55.59037017822271],[37.22038269042997,55.59008407592779],[37.220394134521484,55.5896949768067],[37.220569610595874,55.58924102783226],[37.22090530395502,55.588760375976506],[37.22123718261736,55.588474273681584],[37.22163009643583,55.58824920654297],[37.22185897827143,55.58815383911133],[37.222290039062784,55.58797454833996],[37.22279739379911,55.58782196044922],[37.22333145141613,55.58773803710943],[37.223621368408374,55.58773803710943],[37.223911285400675,55.587772369384766],[37.22449493408203,55.587947845458984],[37.225597381591854,55.588409423828125],[37.226146697998104,55.588600158691406],[37.226684570312784,55.58872985839855],[37.22736740112333,55.5888023376466],[37.228309631347656,55.58883285522472],[37.23275756835943,55.58886718750023],[37.23599243164068,55.58889389038086],[37.23716354370134,55.58886337280268],[37.23761749267595,55.58880996704113],[37.238018035888786,55.58872222900402],[37.23878860473661,55.58844757080078],[37.24174118042009,55.58697509765631],[37.24323654174805,55.58627700805687],[37.243640899658374,55.586162567138786],[37.243896484375,55.58612823486328],[37.24431228637707,55.58612823486328],[37.24462127685575,55.586162567138786],[37.24530792236334,55.58631134033203],[37.24671936035185,55.58671951293957],[37.247402191162394,55.58697509765631],[37.24774932861345,55.58718872070324],[37.24791717529314,55.587398529052734],[37.247955322265625,55.58754348754883],[37.24796295166021,55.58757400512695],[37.24774932861345,55.58838272094749],[37.24775314331083,55.58869171142584],[37.24789428710932,55.5889129638673],[37.2482452392581,55.589107513427734],[37.24856567382818,55.58919143676769],[37.24909210205095,55.58925247192383],[37.25016403198248,55.58926391601568],[37.25170135498041,55.58927536010742],[37.25284957885748,55.58935928344732],[37.25374984741228,55.589485168457145],[37.25430679321306,55.58968734741211],[37.254966735839844,55.59013748168957],[37.25742721557623,55.59228515625023],[37.25785827636736,55.59270095825195],[37.25814437866228,55.59310150146496],[37.258289337158146,55.59353637695307],[37.25849151611334,55.594779968261946],[37.25849914550787,55.59523773193371],[37.25843811035173,55.595577239990234],[37.25814819335966,55.596199035644474],[37.25770187377958,55.59688186645508],[37.257457733154354,55.59716033935541],[37.25741577148466,55.597209930420036],[37.25679397583025,55.59776306152344],[37.25585174560558,55.59839630126976],[37.25512313842779,55.59869384765625],[37.254337310791186,55.59884643554699],[37.2523269653322,55.5990447998048],[37.25189208984369,55.59914016723644],[37.25152206420904,55.599273681640625],[37.25101470947271,55.59951782226568],[37.25040435791033,55.599887847900504],[37.24951553344721,55.60065841674816],[37.248947143554744,55.60105133056646],[37.24770355224604,55.60163116455101],[37.24728393554716,55.601764678955135]]]}},{"type":"Feature","properties":{"id":50,"name":"Murmansk","neighbors":[29]},"geometry":{"type":"MultiPolygon","coordinates":[[[[40.699684143066406,66.48712158203136],[40.683986663818416,66.48262023925781],[40.67772293090832,66.48341369628906],[40.68949890136747,66.49322509765636],[40.6921005249024,66.49316406250023],[40.69950103759771,66.49299621582054],[40.70218658447271,66.49121856689453],[40.699684143066406,66.48712158203136]]],[[[34.35702896118164,66.6110534667971],[34.33798599243181,66.61042022705078],[34.334888458251896,66.61369323730491],[34.342609405517635,66.61636352539085],[34.34624862670904,66.62024688720749],[34.35358428955084,66.62201690673822],[34.37638473510748,66.62332153320324],[34.38008499145536,66.61762237548822],[34.37577819824247,66.61475372314464],[34.35702896118164,66.6110534667971]]],[[[33.01348495483393,66.70681762695318],[32.989685058594034,66.70162200927757],[32.98500061035173,66.70314025878906],[32.98848342895536,66.70702362060575],[33.00538635253906,66.71382141113281],[33.01588439941423,66.712417602539],[33.017585754394474,66.7095184326173],[33.01348495483393,66.70681762695318]]],[[[32.915088653564624,66.70910644531256],[32.893486022949276,66.70652008056658],[32.88747406005888,66.7075805664063],[32.90730667114258,66.71436309814453],[32.913745880127124,66.71001434326195],[32.915088653564624,66.70910644531256]]],[[[32.937831878662166,66.77201080322288],[32.93111038208025,66.77024841308594],[32.923885345459155,66.77532196044933],[32.90968322753923,66.77771759033203],[32.906486511230526,66.7800216674807],[32.909168243408374,66.7810516357423],[32.91775131225603,66.78433227539057],[32.92688751220709,66.78372192382824],[32.942485809326456,66.77892303466803],[32.9455833435058,66.77530670166044],[32.94168472290045,66.77301788330107],[32.937831878662166,66.77201080322288]]],[[[32.6781845092774,66.99072265625034],[32.668983459472656,66.99011993408214],[32.655685424804744,66.99802398681663],[32.65698623657255,67.00231933593761],[32.66728591918974,67.0030212402346],[32.68248367309576,66.99282073974643],[32.6781845092774,66.99072265625034]]],[[[32.63380432128935,67.0176925659182],[32.630485534668026,67.01672363281273],[32.62128448486345,67.01751708984398],[32.61474990844732,67.02030181884766],[32.61148452758795,67.02651977539074],[32.62018585205084,67.03202056884771],[32.636283874512,67.02381896972662],[32.638385772705135,67.0201187133789],[32.63380432128935,67.0176925659182]]],[[[32.56358337402372,67.02680206298828],[32.5906867980957,67.01512145996088],[32.592586517334155,67.01251983642601],[32.58948516845709,67.01081848144554],[32.57848358154325,67.01062011718773],[32.585613250732706,67.0008544921875],[32.585784912109546,67.00061798095697],[32.584785461426065,66.99671936035179],[32.57705688476568,66.99516296386741],[32.56758499145525,66.99781799316406],[32.561618804931925,67.00419616699264],[32.55810928344732,67.00794219970726],[32.543685913085994,67.01302337646479],[32.53168487548834,67.02401733398443],[32.53214645385748,67.02441406250045],[32.53438949584978,67.02635955810558],[32.53742980957037,67.02596282958996],[32.53778457641596,67.02591705322271],[32.54283523559576,67.02182006835938],[32.54838562011719,67.01731872558616],[32.55358505249052,67.01841735839844],[32.547359466552905,67.0283432006836],[32.55805587768572,67.03202819824224],[32.56358337402372,67.02680206298828]]],[[[32.59210968017595,67.03980255126976],[32.58858489990263,67.03842163085938],[32.558383941650334,67.03991699218744],[32.55948638916033,67.0470199584961],[32.56358337402372,67.04811859130854],[32.59288406372099,67.04602050781244],[32.596885681152344,67.04271697998075],[32.59210968017595,67.03980255126976]]],[[[32.71588897705095,67.06632995605491],[32.71148681640642,67.06581878662121],[32.703277587890796,67.06877899169922],[32.68018341064453,67.07302093505882],[32.677165985107706,67.07577514648432],[32.67718505859375,67.0801239013673],[32.69628524780268,67.08731842041038],[32.70078659057623,67.08682250976574],[32.705783843994425,67.07621765136719],[32.71588897705095,67.06632995605491]]],[[[32.06408309936529,67.10462188720703],[32.10308456420927,67.0997238159182],[32.11528396606474,67.10012054443365],[32.14528656005865,67.10121917724632],[32.153583526611385,67.10152435302729],[32.16208648681669,67.10051727294967],[32.16558456420904,67.09732055664057],[32.16258621215849,67.09581756591831],[32.147300720215014,67.08822631835938],[32.146484375000284,67.08782196044922],[32.116695404052905,67.08763885498047],[32.096584320068644,67.08782958984375],[32.0924835205081,67.08942413330101],[32.092838287353686,67.08957672119163],[32.10096740722673,67.09301757812523],[32.098926544189624,67.0933609008789],[32.08041763305664,67.09644317626976],[32.0673904418947,67.09352874755893],[32.06122207641607,67.09436035156273],[32.05758666992216,67.10172271728533],[32.06408309936529,67.10462188720703]]],[[[32.42668533325201,67.07276916503906],[32.42078399658203,67.0726242065432],[32.41348648071306,67.07521820068393],[32.39008331298845,67.0790176391601],[32.38247299194347,67.08200073242193],[32.3759841918947,67.09232330322277],[32.34268569946306,67.09352111816423],[32.34241867065441,67.09365081787155],[32.333286285400675,67.09802246093756],[32.331306457519815,67.1004409790039],[32.32927703857439,67.10292053222656],[32.33628463745123,67.10572052001947],[32.37918472290045,67.10581970214866],[32.40138626098661,67.10072326660168],[32.40758514404325,67.0927200317384],[32.421783447265796,67.08811950683639],[32.44068527221708,67.08641815185558],[32.450164794922046,67.08216857910179],[32.447109222412166,67.08049774169933],[32.43724060058594,67.07907104492188],[32.43618392944353,67.07891845703148],[32.42668533325201,67.07276916503906]]],[[[41.391269683838175,67.10426330566429],[41.390384674072436,67.10411834716803],[41.389118194580135,67.10705566406244],[41.387390136719034,67.11105346679682],[41.39097213745134,67.11541748046886],[41.39963912963873,67.11389160156261],[41.404186248779354,67.11112213134766],[41.40233230590849,67.1061096191408],[41.391269683838175,67.10426330566429]]],[[[32.30328369140619,67.11932373046875],[32.307788848877124,67.11280059814453],[32.296684265136776,67.11322021484375],[32.28648376464872,67.11901855468795],[32.287586212158374,67.12171936035168],[32.298183441162394,67.12152099609386],[32.30328369140619,67.11932373046875]]],[[[40.53388977050798,67.81694793701183],[40.53755569458036,67.81160736083996],[40.54938507080078,67.80692291259766],[40.54378509521479,67.79842376708996],[40.54930496215826,67.79380798339866],[40.545284271240234,67.79202270507812],[40.53664016723627,67.79269409179733],[40.52794265747076,67.79875183105491],[40.521625518799,67.7984008789063],[40.520000457763956,67.79830932617188],[40.49668502807623,67.79701995849632],[40.479885101318416,67.79821777343778],[40.473583221435604,67.80222320556669],[40.47577667236334,67.80730438232422],[40.465785980224666,67.81661987304688],[40.477783203125284,67.82351684570312],[40.48968505859375,67.82402038574213],[40.50988388061552,67.81522369384777],[40.51841735839838,67.81488800048862],[40.52038574218767,67.81912231445312],[40.52002334594755,67.81944274902338],[40.5119705200197,67.82652282714878],[40.52516555786161,67.82836151123092],[40.54019546508795,67.82622528076195],[40.53388977050798,67.81694793701183]]],[[[39.62147140502958,68.05719757080101],[39.62075042724615,68.05278015136719],[39.59478378295893,68.05972290039108],[39.589748382568416,68.06280517578136],[39.58908462524431,68.06674957275413],[39.615425109863395,68.05999755859375],[39.61728668212896,68.05951690673834],[39.62147140502958,68.05719757080101]]],[[[39.5209846496582,68.0729217529298],[39.515529632568416,68.0719451904298],[39.48398590087896,68.08052062988293],[39.469184875488224,68.08281707763683],[39.459415435791186,68.08677673339866],[39.46113967895525,68.09005737304699],[39.471801757812614,68.08992004394548],[39.471885681152514,68.0899047851562],[39.48841476440447,68.08738708496105],[39.5209846496582,68.0729217529298]]],[[[38.5260848999024,68.3475189208985],[38.53016662597685,68.34363555908203],[38.5421676635745,68.34883117675804],[38.5531654357913,68.34955596923828],[38.5671005249024,68.34577178955101],[38.578086853027344,68.34281921386713],[38.58414077758806,68.3370819091798],[38.5838890075683,68.33622741699241],[38.58148574829107,68.32811737060558],[38.56072235107416,68.31777954101591],[38.55278396606474,68.31642150878929],[38.54427719116228,68.31725311279308],[38.53083419799833,68.32152557373047],[38.520885467529354,68.32642364501947],[38.50316619873064,68.34041595459007],[38.50658416748064,68.34442138671898],[38.52238464355463,68.35172271728521],[38.52848434448248,68.35131835937523],[38.5260848999024,68.3475189208985]]],[[[38.484985351562784,68.3509216308596],[38.47919464111334,68.34516906738281],[38.472778320312784,68.34613800048851],[38.4626846313476,68.35562133789097],[38.43948364257818,68.36842346191406],[38.44058609008795,68.37171936035179],[38.449283599853686,68.37271881103561],[38.44921493530302,68.37435150146484],[38.449028015136776,68.37863922119152],[38.45658493041998,68.38411712646507],[38.46898651123047,68.38642120361351],[38.476486206054744,68.3833236694336],[38.477813720703125,68.38211059570307],[38.484283447265796,68.37622070312534],[38.48450088501005,68.36927795410185],[38.49628448486345,68.36731719970726],[38.503585815429744,68.36241912841842],[38.4978866577149,68.3564224243164],[38.484985351562784,68.3509216308596]]],[[[37.74048614501959,68.69291687011741],[37.722686767578296,68.68821716308605],[37.71463775634783,68.68985748291038],[37.7126655578615,68.69352722167997],[37.722785949707315,68.69502258300804],[37.72900009155302,68.69889068603527],[37.736721038818416,68.69983673095714],[37.74633407592802,68.69730377197288],[37.74048614501959,68.69291687011741]]],[[[37.52627944946289,68.76274871826178],[37.52394485473661,68.75997161865251],[37.503055572509936,68.76086425781295],[37.48533248901373,68.76396942138666],[37.465888977051065,68.77516937255905],[37.470027923584155,68.77666473388695],[37.478847503662166,68.77546691894531],[37.48138427734392,68.77512359619163],[37.49998474121105,68.76841735839844],[37.52627944946289,68.76274871826178]]],[[[37.33405685424822,68.81842041015648],[37.34672164916998,68.8155288696289],[37.3550262451173,68.8155288696289],[37.361946105956974,68.81305694580101],[37.36486053466814,68.80486297607445],[37.35436248779314,68.80188751220714],[37.34728622436529,68.80171966552746],[37.32616806030302,68.80680847167974],[37.312583923340014,68.8074188232423],[37.30668640136736,68.81101989746122],[37.30668640136736,68.81501770019537],[37.31055450439459,68.8168869018557],[37.32225036621122,68.8187484741211],[37.33405685424822,68.81842041015648]]],[[[36.42448425292963,69.05902099609386],[36.39810943603527,69.0571365356447],[36.368526458740405,69.0596694946289],[36.34880447387707,69.06433105468761],[36.33724975585943,69.06944274902366],[36.33525085449236,69.07272338867199],[36.340686798095874,69.0767211914067],[36.34978485107422,69.07832336425781],[36.353160858154354,69.07617187500011],[36.35888671875,69.07251739501982],[36.36763763427763,69.07022094726568],[36.394638061523494,69.06833648681652],[36.40733337402344,69.06408691406273],[36.423885345458984,69.06182098388678],[36.42448425292963,69.05902099609386]]],[[[34.804668426513615,69.24052429199241],[34.739685058594034,69.23812103271496],[34.664943695068416,69.24647521972702],[34.658885955810604,69.24961853027344],[34.66448593139643,69.2528228759765],[34.67248535156256,69.25411987304699],[34.69178390502947,69.25462341308616],[34.75278472900396,69.25092315673845],[34.78148269653326,69.24838256835983],[34.78898620605486,69.24771881103516],[34.8042831420899,69.24452209472679],[34.808185577392635,69.24211883544933],[34.804668426513615,69.24052429199241]]],[[[33.47488403320318,69.297119140625],[33.45297241210949,69.2927474975586],[33.437385559081974,69.29302215576183],[33.43377685546875,69.29627990722668],[33.43908309936529,69.3003234863283],[33.464141845703296,69.30733489990246],[33.46958160400419,69.30886077880871],[33.477973937988565,69.30603027343744],[33.47991561889654,69.29939270019531],[33.47488403320318,69.297119140625]]],[[[34.0536,69.382],[34.3941,69.3151],[33.9749,69.3366],[34.0536,69.382]]],[[[33.208610534668026,69.41300201416027],[33.17958450317411,69.41011810302763],[33.165683746337834,69.41142272949241],[33.159416198730526,69.41600036621116],[33.16318511962896,69.41831970214872],[33.206985473632756,69.41912078857433],[33.2135848999024,69.41502380371116],[33.208610534668026,69.41300201416027]]],[[[33.01666641235363,69.37391662597668],[33.000804901123104,69.37232971191429],[32.98668670654291,69.37432098388666],[32.98158264160173,69.37880706787132],[33.02778625488287,69.40242004394531],[33.03798675537104,69.40582275390625],[33.05348587036161,69.40672302246105],[33.092983245849894,69.41612243652344],[33.10425186157255,69.42169189453148],[33.12060928344732,69.42555236816412],[33.13927841186529,69.43274688720703],[33.147834777832315,69.43272399902344],[33.15398406982439,69.43051910400396],[33.15508651733404,69.4246215820317],[33.14860534667997,69.4187622070312],[33.145683288574276,69.41612243652344],[33.12911224365263,69.40789031982416],[33.11078643798834,69.40412139892578],[33.09815216064459,69.40335083007812],[33.08778381347656,69.40271759033214],[33.08279418945341,69.3971481323245],[33.07918548583979,69.39311981201195],[33.058784484863224,69.38501739501987],[33.0549697875976,69.38401031494152],[33.0371856689456,69.37931823730469],[33.01666641235363,69.37391662597668]]],[[[32.943279266357706,69.45661163330101],[32.924884796142635,69.45262145996116],[32.91588592529325,69.45311737060547],[32.91458511352545,69.45581817626953],[32.925582885742244,69.4623031616211],[32.928371429443644,69.46245574951206],[32.935749053955135,69.46286010742188],[32.94852828979498,69.45794677734398],[32.943279266357706,69.45661163330101]]],[[[32.65098571777338,69.4712219238283],[32.637138366699276,69.46697235107433],[32.63018417358404,69.46762084960938],[32.62998580932623,69.47132110595726],[32.630382537841854,69.4714584350586],[32.64880371093756,69.47785949707043],[32.65885925292986,69.476806640625],[32.65098571777338,69.4712219238283]]],[[[31.589683532714957,69.83001708984375],[31.58363914489763,69.8282775878908],[31.57738494873064,69.82932281494163],[31.560207366943416,69.8372573852539],[31.55222129821783,69.84094238281273],[31.56068420410162,69.84512329101585],[31.564323425293253,69.84595489501999],[31.574001312255803,69.8481674194336],[31.581468582153377,69.84723663330101],[31.586685180664006,69.84661865234375],[31.594884872436694,69.83281707763683],[31.589683532714957,69.83001708984375]]],[[[31.9722,69.9284],[33.1157,69.7245],[33.0908,69.6442],[32.852,69.5625],[32.1955,69.6285],[32.2052,69.6945],[32.1107,69.7406],[32.1064,69.6519],[31.9629,69.6289],[32.0597,69.5973],[32.0155,69.5463],[32.1389,69.5923],[32.5215,69.5004],[32.2112,69.4141],[32.546,69.4849],[32.611,69.4277],[32.8914,69.4555],[32.8104,69.3743],[33.0745,69.4499],[32.8128,69.3245],[32.8932,69.2884],[33.3051,69.4231],[33.5027,69.3915],[33.3965,69.3503],[33.4832,69.3426],[33.3963,69.2803],[33.2248,69.2506],[33.5246,69.245],[33.2819,69.2174],[33.4891,69.2016],[33.4875,69.1502],[33.045,69.0506],[33.5769,69.1273],[33.6394,69.179],[33.5689,69.2058],[33.6191,69.2625],[33.5526,69.2539],[33.6089,69.2979],[33.8531,69.2503],[33.8262,69.3034],[34.3946,69.292],[34.9797,69.209],[34.9292,69.1607],[35.1137,69.1993],[35.1495,69.1206],[35.1545,69.1779],[35.2758,69.1939],[35.1577,69.2413],[35.7013,69.1909],[35.7976,69.1559],[35.7273,69.0061],[35.7888,69.0217],[35.8189,69.1834],[37.7972,68.6435],[37.749,68.6259],[38.328,68.4159],[38.4443,68.2905],[38.454,68.3459],[38.7872,68.2483],[38.5857,68.3141],[38.6436,68.3678],[39.6554,68.0101],[39.6202,68.0408],[39.8446,68.0331],[39.7746,68.1539],[39.9843,67.9857],[40.2635,67.915],[40.2209,67.8802],[40.3908,67.8806],[40.279,67.8371],[40.4714,67.7177],[40.6532,67.7976],[40.9653,67.7033],[41.0424,67.6248],[40.951,67.4423],[41.1132,67.4049],[41.0752,67.2562],[41.3102,67.2183],[41.2928,67.1417],[41.3812,67.1127],[41.2007,66.8177],[40.4686,66.4099],[39.994,66.2507],[38.534,66.0488],[35.5199,66.3826],[34.8294,66.598],[34.4836,66.5372],[34.3882,66.6175],[34.5095,66.6296],[34.3782,66.6851],[34.1109,66.6753],[34.1691,66.784],[34.1417,66.7032],[33.9333,66.6841],[33.6215,66.8447],[33.6247,66.7876],[33.5478,66.8191],[33.6435,66.7387],[33.5369,66.7586],[33.6362,66.7058],[33.517,66.7131],[32.7868,67.0265],[32.9632,67.0874],[32.3598,67.1539],[31.8541,67.1291],[32.5135,67.0203],[32.5594,66.9583],[32.4251,66.9337],[32.5504,66.9138],[32.4081,66.8762],[32.9431,66.7337],[32.7175,66.7376],[33.3045,66.6153],[32.5742,66.6021],[32.4933,66.4915],[32.2756,66.4821],[32.4413,66.4242],[32.2882,66.4458],[32.2855,66.3753],[31.8494,66.3812],[31.7377,66.4968],[31.5949,66.5217],[31.5764,66.6263],[29.4205,66.5859],[29.0863,66.8243],[29.0536,66.978],[29.9592,67.5173],[30.0359,67.6741],[29.6945,67.7937],[29.3458,68.073],[28.6598,68.1951],[28.4504,68.5477],[28.7229,68.7374],[28.8035,68.8749],[28.4347,68.9084],[28.9269,69.0574],[29.1366,69.0485],[29.3097,69.1821],[29.3149,69.3028],[30.1099,69.4627],[30.1957,69.5568],[30.1166,69.6646],[30.5266,69.5425],[30.8201,69.5417],[30.9456,69.5862],[30.8427,69.786],[31.4421,69.6938],[31.256,69.5737],[31.4804,69.6838],[31.5322,69.6331],[31.517,69.684],[31.816,69.6507],[31.6885,69.7096],[31.7349,69.8131],[32.0916,69.7663],[31.8962,69.91],[31.9722,69.9284]]]]}},{"type":"Feature","properties":{"id":51,"name":"Nenets","neighbors":[5,36,87]},"geometry":{"type":"MultiPolygon","coordinates":[[[[46.55648422241211,66.82971954345697],[46.55838012695341,66.8306350708009],[46.57338714599615,66.83791351318371],[46.58433151245117,66.83814239501953],[46.58852767944336,66.83644104003906],[46.58683395385748,66.83405303955107],[46.55845642089861,66.83000183105491],[46.55648422241211,66.82971954345697]]],[[[44.13168334960966,67.89572143554699],[44.12766647338867,67.892807006836],[44.11358261108404,67.9013595581057],[44.11966705322294,67.90433502197283],[44.12391662597673,67.90408325195358],[44.12838363647478,67.90071868896518],[44.13168334960966,67.89572143554699]]],[[[53.217185974121264,68.1498184204105],[53.195186614990405,68.14701843261741],[53.198165893554744,68.15071868896496],[53.22555541992182,68.16155242919928],[53.23016357421892,68.15833282470749],[53.217185974121264,68.1498184204105]]],[[[53.20778656005888,68.1705169677735],[53.19775009155285,68.1559753417971],[53.19148635864286,68.15662384033214],[53.20018386840826,68.17121887207031],[53.20778656005888,68.1705169677735]]],[[[53.200584411621094,68.17981719970726],[53.19578552246122,68.17971801757824],[53.18348312377958,68.1855239868164],[53.20880508422857,68.19557952880854],[53.212444305420206,68.19866943359375],[53.22152709960966,68.19589233398443],[53.200584411621094,68.17981719970726]]],[[[53.8956947326663,68.2021408081057],[53.902584075927734,68.20162200927763],[53.90395355224638,68.20189666748047],[53.92552947998075,68.2061691284182],[53.92908477783209,68.20430755615246],[53.921283721924,68.20001983642578],[53.890384674072436,68.19482421875017],[53.87908554077177,68.20131683349643],[53.88152694702154,68.20508575439464],[53.886585235595874,68.20655822753929],[53.891998291015625,68.20544433593795],[53.8956947326663,68.2021408081057]]],[[[53.19228363037115,68.20182037353561],[53.18077850341814,68.19205474853538],[53.16866683959978,68.1923065185548],[53.1661834716798,68.20332336425787],[53.171684265136776,68.21901702880871],[53.176795959472656,68.21920013427746],[53.18125152587902,68.21936035156278],[53.185501098632756,68.21258544921875],[53.190685272216854,68.2115173339846],[53.20908355712896,68.21131896972679],[53.19228363037115,68.20182037353561]]],[[[53.918193817138956,68.21275329589861],[53.910915374756144,68.2076416015625],[53.906166076660156,68.20774841308605],[53.90155410766607,68.21141815185564],[53.90064239501959,68.2169570922855],[53.899806976318416,68.22205352783214],[53.914165496826456,68.21952819824241],[53.918193817138956,68.21275329589861]]],[[[54.1889,68.2056],[54.1357,68.1311],[54.1225,68.232],[54.1889,68.2056]]],[[[53.23875045776373,68.22613525390625],[53.22955703735357,68.22489166259794],[53.22277832031256,68.23841857910162],[53.228683471679744,68.24301910400436],[53.23768615722662,68.24332427978516],[53.2449836730957,68.2408218383789],[53.24548339843756,68.23592376709007],[53.23875045776373,68.22613525390625]]],[[[54.16372299194353,68.23980712890636],[54.1681861877442,68.23712158203136],[54.14891815185547,68.2376403808596],[54.14080429077143,68.23975372314459],[54.13677597045927,68.24272155761719],[54.14236068725603,68.24544525146507],[54.16372299194353,68.23980712890636]]],[[[53.53028488159197,68.24802398681635],[53.53289413452177,68.24410247802757],[53.51758193969732,68.24478149414057],[53.51538467407221,68.24691772460938],[53.522186279297046,68.25082397460943],[53.53028488159197,68.24802398681635]]],[[[53.49788665771513,68.24881744384766],[53.493984222412394,68.24851989746116],[53.48878479003906,68.25141906738293],[53.491485595703296,68.25462341308616],[53.49628448486334,68.25441741943382],[53.502639770507926,68.25350189209013],[53.49788665771513,68.24881744384766]]],[[[53.90916824340826,68.23835754394531],[53.899223327637,68.23625183105469],[53.8791122436524,68.23635864257824],[53.86619567871122,68.23805236816435],[53.85494613647478,68.24324798583996],[53.90322113037138,68.25502777099638],[53.90053939819336,68.2490463256836],[53.89698410034191,68.24102020263672],[53.90916824340826,68.23835754394531]]],[[[54.18761062622076,68.25325012207054],[54.178859710693416,68.24639129638695],[54.124286651611385,68.2520217895509],[54.12213897705084,68.2546081542971],[54.1283607482913,68.25936126709007],[54.141685485840014,68.26802062988293],[54.15078353881836,68.27082061767601],[54.16498565673845,68.27021789550781],[54.18218612670893,68.26322174072271],[54.18761062622076,68.25325012207054]]],[[[54.19133377075224,68.2747802734375],[54.18958663940458,68.2714233398438],[54.16068649292009,68.27542114257818],[54.13949966430681,68.27577972412132],[54.13848495483427,68.27871704101574],[54.16068649292009,68.28642272949219],[54.16848373413103,68.2852172851562],[54.18624877929716,68.27866363525396],[54.19133377075224,68.2747802734375]]],[[[54.196193695068416,68.28861236572277],[54.19268417358393,68.28162384033203],[54.18572235107416,68.28397369384788],[54.1781654357913,68.29421997070312],[54.190685272216854,68.29541778564476],[54.201362609863224,68.2986907958985],[54.219860076904354,68.30883026123058],[54.23366546630865,68.30883026123058],[54.22522354125982,68.30652618408232],[54.196193695068416,68.28861236572277]]],[[[46.37736129760759,68.31727600097673],[46.374183654785156,68.31352233886741],[46.365985870361385,68.31511688232467],[46.361484527587834,68.31812286376976],[46.357387542724666,68.32319641113315],[46.35891723632807,68.32714080810558],[46.36811065673845,68.3261413574221],[46.37736129760759,68.31727600097673]]],[[[54.292,68.3055],[54.3479,68.2695],[54.215,68.2466],[54.348,68.3378],[54.292,68.3055]]],[[[46.259185791015796,68.33281707763695],[46.225784301757756,68.3323211669923],[46.21228408813505,68.33361816406295],[46.2030563354495,68.33680725097679],[46.21827697753912,68.34002685546875],[46.25941848754911,68.34224700927729],[46.27661132812506,68.34102630615257],[46.28833389282232,68.33733367919922],[46.27969360351568,68.33458709716808],[46.259185791015796,68.33281707763695]]],[[[46.31583404541033,68.34908294677746],[46.310871124267635,68.34642028808605],[46.28155136108427,68.35254669189447],[46.28788375854509,68.35442352294933],[46.30748367309599,68.35162353515625],[46.31583404541033,68.34908294677746]]],[[[53.85155487060541,68.354286193848],[53.84238433837919,68.34922027587913],[53.83288574218767,68.34941864013695],[53.8314971923831,68.35137939453136],[53.8311843872072,68.35182189941406],[53.83738327026384,68.35662078857422],[53.849983215332315,68.36182403564459],[53.860286712646655,68.36272430419922],[53.86248397827177,68.36032104492233],[53.85155487060541,68.354286193848]]],[[[53.9888,68.3716],[53.9627,68.2865],[53.8649,68.312],[53.9888,68.3716]]],[[[46.1387,68.3831],[46.2277,68.3585],[46.0817,68.3831],[46.1387,68.3831]]],[[[46.08089065551786,68.39824676513695],[46.076637268066406,68.39483642578153],[46.07011032104492,68.39566802978533],[46.05248641967802,68.40271759033197],[46.03688812255865,68.40338897705101],[46.03108596801786,68.4062194824221],[46.03888702392595,68.41072082519526],[46.045722961425724,68.4114456176759],[46.05658340454107,68.41030883789074],[46.068786621094034,68.40741729736334],[46.07872390747076,68.40194702148432],[46.08089065551786,68.39824676513695]]],[[[52.385684967041186,68.46822357177757],[52.39048385620134,68.46401977539085],[52.38758468627947,68.4625167846682],[52.379581451416186,68.46219635009777],[52.358276367187784,68.46724700927734],[52.341445922851676,68.46516418457054],[52.330284118652514,68.46531677246094],[52.32116699218756,68.46980285644577],[52.32848358154325,68.47302246093756],[52.3414840698245,68.47461700439447],[52.36168670654325,68.47392272949219],[52.385684967041186,68.46822357177757]]],[[[51.476,68.4638],[50.8077,68.3827],[51.0952,68.4845],[51.5413,68.4789],[51.476,68.4638]]],[[[52.358383178710994,68.51402282714866],[52.35008621215826,68.51112365722679],[52.34316635131853,68.51169586181663],[52.31697082519537,68.52583312988304],[52.31994628906244,68.52855682373058],[52.343498229980526,68.52366638183594],[52.36594390869158,68.52330780029297],[52.353084564209155,68.51862335205107],[52.358383178710994,68.51402282714866]]],[[[52.358112335205135,68.54305267333996],[52.37447357177763,68.53633117675804],[52.35572052001959,68.52738952636724],[52.341884613037166,68.52861785888706],[52.32393646240263,68.53708648681663],[52.32708358764677,68.5390243530274],[52.345184326172046,68.53812408447277],[52.34406280517584,68.53864288330084],[52.333515167236385,68.54354095458984],[52.336387634277514,68.54536437988293],[52.358112335205135,68.54305267333996]]],[[[57.145362854003906,68.65149688720703],[57.134418487549,68.65119171142624],[57.12598419189459,68.65512084960938],[57.127483367920206,68.66301727294967],[57.13848495483404,68.67491912841797],[57.148750305176065,68.68119812011736],[57.152069091797046,68.68173980712902],[57.161945343017635,68.68336486816429],[57.17994308471708,68.68196868896518],[57.15155410766596,68.6652526855471],[57.145362854003906,68.65149688720703]]],[[[49.5016,68.6733],[49.4327,68.6689],[49.6012,68.6891],[49.5016,68.6733]]],[[[49.1167,68.6685],[49.2361,68.6685],[48.7363,68.6994],[49.1167,68.6685]]],[[[49.59728622436552,68.69751739501959],[49.59418487548845,68.69582366943405],[49.564498901367244,68.69811248779342],[49.56294631958036,68.70263671875023],[49.56865310668974,68.70227050781273],[49.58018493652372,68.7015228271485],[49.59728622436552,68.69751739501959]]],[[[48.65978622436535,68.70442199707043],[48.68838882446295,68.69833374023449],[48.63491821289091,68.70166778564476],[48.62568664550787,68.70311737060541],[48.6244850158692,68.70612335205124],[48.65978622436535,68.70442199707043]]],[[[49.13998413085966,68.70021820068371],[49.16225051879883,68.69227600097656],[49.119472503662394,68.69841766357422],[49.10688400268583,68.70542144775408],[49.10948562622076,68.70802307128935],[49.13998413085966,68.70021820068371]]],[[[48.85197067260759,68.71205902099621],[48.84933471679682,68.70989227294945],[48.83744430542009,68.71041870117188],[48.813484191894474,68.71521759033226],[48.821498870849666,68.71819305419916],[48.82905578613287,68.71824645996094],[48.85197067260759,68.71205902099621]]],[[[48.53368377685547,68.71311950683616],[48.52741622924816,68.71197509765648],[48.51488876342768,68.71247100830072],[48.4352760314942,68.72094726562523],[48.42768478393583,68.72282409667969],[48.427902221679744,68.72513580322288],[48.427986145019815,68.72602081298845],[48.451786041259936,68.72461700439482],[48.53368377685547,68.71311950683616]]],[[[48.40848541259771,68.74552154541016],[48.397750854492244,68.74441528320335],[48.386722564697266,68.7482528686524],[48.38478469848661,68.7533187866211],[48.389484405517635,68.757118225098],[48.397285461426065,68.75261688232445],[48.41261291503923,68.7492218017581],[48.40848541259771,68.74552154541016]]],[[[48.48078536987322,68.74851989746088],[48.47388458251959,68.74691772460943],[48.429985046386776,68.75801849365246],[48.41058349609381,68.76589202880893],[48.402667999267635,68.77191925048857],[48.40405654907255,68.77625274658226],[48.447288513183764,68.76187896728533],[48.47516632080095,68.75260925292991],[48.48078536987322,68.74851989746088]]],[[[48.38972091674833,68.78044128417991],[48.3871383666995,68.7784729003908],[48.37948608398443,68.78002166748047],[48.36488342285156,68.78912353515636],[48.36249923706055,68.79222106933594],[48.37158203125017,68.79444122314464],[48.37877655029325,68.79155731201178],[48.38972091674833,68.78044128417991]]],[[[49.497886657715014,68.79462432861374],[49.45788574218756,68.78781890869158],[49.45238494873058,68.78902435302757],[49.498886108398494,68.80222320556663],[49.52378463745123,68.80442047119175],[49.497886657715014,68.79462432861374]]],[[[48.31322097778332,68.78319549560558],[48.305110931396655,68.78275299072288],[48.26566696166998,68.79853057861328],[48.26218414306646,68.80982208251976],[48.266235351562784,68.80990600585949],[48.26708602905302,68.80992126464855],[48.279785156250284,68.805923461914],[48.29018402099615,68.79711914062511],[48.309581756591854,68.78925323486351],[48.31322097778332,68.78319549560558]]],[[[54.37772369384771,68.7999191284182],[54.4189834594726,68.78462219238281],[54.410331726074276,68.7846374511721],[54.38508224487333,68.78594207763672],[54.34958648681658,68.790023803711],[54.29698562622099,68.79821777343773],[54.250473022460994,68.79930877685547],[54.24998474121122,68.79932403564476],[54.23439025878923,68.80322265625011],[54.207111358642635,68.82144165039062],[54.213832855224894,68.82502746582031],[54.2281951904298,68.82622528076195],[54.24822235107433,68.82566833496116],[54.26336288452154,68.82250213623058],[54.30018615722673,68.82151794433639],[54.32938385009783,68.8156204223634],[54.344184875488565,68.81082153320318],[54.35766601562506,68.80283355712902],[54.37772369384771,68.7999191284182]]],[[[61.19386291503935,68.82702636718756],[61.189556121826456,68.82191467285168],[61.181556701660156,68.8224716186528],[61.17308425903326,68.8252182006836],[61.16466522216825,68.83460998535179],[61.15388488769548,68.84031677246094],[61.13378524780279,68.84311676025385],[61.12748336791992,68.84592437744169],[61.12947082519548,68.8497772216798],[61.13422393798845,68.85144805908209],[61.144664764404354,68.85133361816423],[61.1795539855957,68.84516906738327],[61.18736267089872,68.84102630615229],[61.19386291503935,68.82702636718756]]],[[[60.96668624877947,68.84452056884766],[60.95938873291021,68.84444427490246],[60.959484100341854,68.84902191162121],[60.968486785888956,68.8578186035158],[60.978984832763956,68.86231994628912],[60.983486175537166,68.86241912841797],[60.99078369140642,68.85511779785168],[60.96668624877947,68.84452056884766]]],[[[59.475086212158146,68.87892150878935],[59.46128463745123,68.87892150878935],[59.461196899414176,68.87899780273472],[59.455337524414006,68.88404083251976],[59.481884002685604,68.8855209350586],[59.48498535156256,68.88252258300804],[59.48060989379877,68.88019561767601],[59.475086212158146,68.87892150878935]]],[[[61.09186172485357,68.86250305175787],[61.11488342285185,68.85152435302751],[61.110748291015796,68.84883117675793],[61.06438827514654,68.85636138916038],[61.03178405761736,68.8563232421875],[61.010028839111385,68.8592224121096],[61.001583099365405,68.86316680908237],[61.00188446044922,68.86811828613298],[61.01205444335943,68.87563323974632],[61.01528549194353,68.87802124023432],[61.02841186523443,68.88322448730469],[61.04028320312506,68.88792419433605],[61.040996551513956,68.88793182373058],[61.045307159423885,68.88796997070312],[61.057582855224894,68.8817749023438],[61.071186065674,68.87802124023432],[61.085529327392635,68.87589263916027],[61.086486816406534,68.86821746826195],[61.09186172485357,68.86250305175787]]],[[[55.62428665161161,68.87392425537132],[55.61727905273443,68.87202453613304],[55.598445892334155,68.873085021973],[55.5194854736331,68.8884201049807],[55.50982284545904,68.89322662353544],[55.53900146484392,68.89622497558616],[55.563026428222656,68.89399719238327],[55.58208465576166,68.88982391357433],[55.61888504028326,68.87812042236351],[55.62428665161161,68.87392425537132]]],[[[55.31180572509794,68.91844177246105],[55.302890777588004,68.9177474975586],[55.296779632568416,68.9195251464846],[55.29933166503912,68.92102813720726],[55.3119163513183,68.9253311157226],[55.34008407592785,68.93071746826172],[55.34251403808622,68.93093109130882],[55.35858535766613,68.93231964111334],[55.37248611450201,68.9312210083009],[55.38308334350603,68.92771911621116],[55.37108612060575,68.92552185058588],[55.338165283203296,68.92524719238304],[55.31180572509794,68.91844177246105]]],[[[55.67898559570307,68.85372161865257],[55.667186737060604,68.85252380371094],[55.66411209106451,68.85739135742199],[55.66858291625971,68.86785888671903],[55.66238403320307,68.87122344970703],[55.61728668212896,68.88532257080078],[55.59833145141607,68.89122009277344],[55.50578689575201,68.91132354736351],[55.472785949707315,68.91702270507835],[55.44978332519531,68.92331695556663],[55.40427780151384,68.92700195312511],[55.39033508300787,68.93022155761724],[55.405834197998104,68.93305206298851],[55.44052886962919,68.93386077880905],[55.45956039428728,68.93321228027344],[55.474784851074276,68.93272399902355],[55.49528503417997,68.9320220947269],[55.52578353881853,68.92902374267601],[55.548183441162394,68.92462158203125],[55.56689071655302,68.9189147949221],[55.59248352050787,68.90621948242199],[55.62318420410162,68.89621734619163],[55.64347076416044,68.89238739013672],[55.67938613891607,68.87772369384788],[55.688686370849666,68.87152099609386],[55.691085815429744,68.86431884765625],[55.67898559570307,68.85372161865257]]],[[[49.908184051513956,68.93102264404308],[49.897785186767635,68.93102264404308],[49.89766311645536,68.93103790283214],[49.882579803466854,68.93251800537138],[49.90498352050787,68.93552398681663],[49.909255981445256,68.93907165527361],[49.91208648681669,68.94142150878929],[49.918586730957315,68.93692016601574],[49.91478347778326,68.93362426757835],[49.908184051513956,68.93102264404308]]],[[[55.027221679687784,68.91755676269531],[55.01516723632824,68.91516876220749],[55.00000000000017,68.9164733886721],[54.982986450195256,68.91792297363281],[54.95968627929716,68.9230194091798],[54.921054840088175,68.93797302246094],[54.91786193847662,68.94063568115234],[54.92163848876953,68.94266510009777],[54.99847412109392,68.94123840332054],[54.99928665161161,68.94122314453125],[55.00000381469738,68.94113159179699],[55.03458404541021,68.93682098388672],[55.036472320556925,68.928695678711],[55.03178405761747,68.9207229614259],[55.027221679687784,68.91755676269531]]],[[[55.257286071777514,68.93421936035162],[55.248474121094034,68.9341125488283],[55.250083923339844,68.94705200195324],[55.2562789916995,68.94783020019526],[55.262416839599666,68.94608306884777],[55.26638412475603,68.94222259521507],[55.257286071777514,68.93421936035162]]],[[[54.813610076904354,68.9465560913086],[54.811000823974894,68.94466400146507],[54.78644561767584,68.94499969482422],[54.78097152709961,68.94733428955101],[54.79249954223661,68.94994354248064],[54.813610076904354,68.9465560913086]]],[[[50.0742,68.9468],[50.0064,68.9361],[50.1182,68.9661],[50.0742,68.9468]]],[[[49.89538574218767,68.95812225341808],[49.8849983215332,68.95774841308588],[49.8823623657226,68.96736145019554],[49.88678359985363,68.97222137451183],[49.9004859924317,68.97811889648449],[49.90698623657232,68.97731781005882],[49.911334991455135,68.97338867187494],[49.90688323974615,68.96462249755854],[49.89538574218767,68.95812225341808]]],[[[49.94861221313505,68.98394775390625],[49.95733261108404,68.98274993896501],[49.976486206054744,68.98622131347656],[49.99018478393583,68.98661804199219],[49.993885040283374,68.98171997070318],[49.990486145019815,68.97382354736328],[49.97783279418945,68.96385955810541],[49.963470458984546,68.95525360107433],[49.94266510009783,68.9427490234375],[49.94644546508795,68.94000244140636],[49.954586029052905,68.93981933593744],[49.969383239746264,68.94271850585938],[49.983585357666186,68.94312286376953],[49.986286163330135,68.94152069091808],[49.97258377075201,68.93582153320307],[49.958915710449276,68.93389129638683],[49.94198608398443,68.93372344970697],[49.93330383300798,68.93511199951172],[49.930084228515796,68.93824768066452],[49.93236160278326,68.94921875],[49.942283630371264,68.9576187133789],[49.97033309936552,68.97369384765648],[49.970386505126896,68.97702026367182],[49.96645355224638,68.97718048095714],[49.965442657470874,68.97721862792986],[49.95669555664091,68.97489166259777],[49.94298553466825,68.97372436523483],[49.93811035156267,68.9749145507812],[49.937084197998104,68.98022460937511],[49.94861221313505,68.98394775390625]]],[[[54.6922225952149,68.94936370849604],[54.67419433593744,68.94713592529297],[54.648284912109546,68.94851684570335],[54.63268661499052,68.9471206665039],[54.611415863037166,68.93794250488281],[54.60363006591797,68.93739318847656],[54.5913848876956,68.93652343750028],[54.59105300903326,68.9366226196289],[54.58271789550787,68.93914031982445],[54.60368347167969,68.9521179199221],[54.61136245727556,68.9597778320313],[54.610584259033146,68.96375274658226],[54.59947204589861,68.97035980224643],[54.60255432128912,68.97272491455101],[54.61128616333019,68.97942352294928],[54.62400054931669,68.98461151123058],[54.636081695556754,68.98722076416038],[54.64868545532255,68.98702239990257],[54.720195770263786,68.97374725341808],[54.720806121826456,68.96919250488276],[54.69678497314459,68.96711730957065],[54.6922225952149,68.94936370849604]]],[[[49.94274902343756,68.99808502197288],[49.92618560791044,68.97862243652366],[49.91798400878935,68.98122406005876],[49.91641616821289,68.9892807006836],[49.92250061035162,68.9957504272461],[49.934028625488565,69.00102996826183],[49.940055847168026,69.00122070312511],[49.94274902343756,68.99808502197288]]],[[[49.94861221313505,68.98394775390625],[49.94808578491228,68.98861694335949],[49.96568679809576,68.99842071533203],[49.975391387939624,69.0006561279298],[49.97833251953142,69.0013351440432],[49.991474151611385,69.00051879882812],[49.986984252929744,68.9958190917971],[49.94861221313505,68.98394775390625]]],[[[59.52128601074247,68.9976196289062],[59.51808166503935,68.99285888671892],[59.50463867187506,68.99622344970732],[59.500473022460994,68.99925231933616],[59.500026702881144,69.00325012207054],[59.50975036621111,69.0088348388673],[59.51497268676775,69.00814056396484],[59.51972198486334,69.00389099121105],[59.52128601074247,68.9976196289062]]],[[[59.4347,69.0568],[59.5004,69.0283],[59.3882,69.0623],[59.4347,69.0568]]],[[[58.67716598510748,69.37983703613293],[58.65061187744169,69.37547302246111],[58.643386840820256,69.37561798095714],[58.63577651977545,69.38038635253918],[58.64919281005865,69.38424682617205],[58.67144393920904,69.38233184814447],[58.67716598510748,69.37983703613293]]],[[[58.802,69.3372],[59.2343,69.253],[59.3364,69.1109],[59.1773,69.2351],[58.7204,69.3851],[58.802,69.3372]]],[[[58.50369262695318,69.47274780273455],[58.515483856201456,69.47251892089855],[58.525798797607365,69.47458648681669],[58.53148651123047,69.47572326660162],[58.53848648071295,69.47502136230463],[58.56178665161144,69.45771789550781],[58.55755615234369,69.45555877685558],[58.547183990478686,69.45491790771507],[58.51218414306658,69.45632171630871],[58.49728393554682,69.45031738281273],[58.48698425292963,69.45121765136719],[58.466388702392635,69.45877838134777],[58.46891784667986,69.46083068847679],[58.483528137207315,69.45791625976562],[58.492885589599666,69.45742034912138],[58.49648666381836,69.4596176147461],[58.49561691284208,69.46055603027344],[58.49028396606474,69.46632385253929],[58.48725128173834,69.47119140625011],[58.47169494628935,69.47594451904308],[58.47880554199236,69.47816467285179],[58.489471435546875,69.47802734375045],[58.50369262695318,69.47274780273455]]],[[[49.7269,69.3753],[50.1494,69.2583],[50.2892,69.0935],[50.1116,68.9936],[50.2577,69.1693],[50.2183,69.2038],[49.6565,68.856],[49.179,68.7612],[48.6698,68.706],[48.2654,68.8711],[48.251,68.7988],[48.4052,68.7276],[48.2183,68.826],[48.277,69.2197],[48.6696,69.4483],[49.2538,69.5062],[49.7269,69.3753]]],[[[60.72848510742216,69.63491821289062],[60.72928619384783,69.62532043457026],[60.744785308838175,69.6165237426759],[60.74816513061529,69.61213684082043],[60.73736190795893,69.61222076416016],[60.72572326660162,69.61952972412115],[60.71458435058594,69.62124633789068],[60.7025260925293,69.62000274658237],[60.684383392334155,69.62471771240246],[60.67078399658209,69.62622070312528],[60.64997100830095,69.624496459961],[60.64698410034197,69.62761688232416],[60.649223327636776,69.63191986084007],[60.67724990844755,69.63414001464844],[60.68298339843756,69.63971710205101],[60.68928527832037,69.64102172851562],[60.72278594970703,69.63580322265636],[60.72848510742216,69.63491821289062]]],[[[60.76778411865229,69.63781738281273],[60.7760848999024,69.6324234008789],[60.75830459594755,69.63461303710966],[60.751186370849666,69.63761901855491],[60.71908187866228,69.6442794799807],[60.697471618652344,69.64563751220726],[60.69048309326183,69.64762115478527],[60.68989562988287,69.64806365966797],[60.6855850219726,69.65132141113281],[60.687694549560604,69.6588058471682],[60.69062805175787,69.66039276123058],[60.693279266357706,69.6618347167971],[60.71833419799822,69.66046905517578],[60.73613739013672,69.65613555908226],[60.73772048950224,69.64927673339866],[60.740303039551065,69.64723205566418],[60.74498367309599,69.6435241699221],[60.76778411865229,69.63781738281273]]],[[[60.67448425292997,69.66201782226585],[60.67166519165045,69.6588058471682],[60.651443481445256,69.6606674194336],[60.64648437499994,69.66432189941429],[60.671283721923885,69.66702270507818],[60.673976898193416,69.6628112792971],[60.67448425292997,69.66201782226585]]],[[[59.40988540649431,69.82901763916027],[59.422485351562784,69.82772064208984],[59.43938827514677,69.82816314697288],[59.44446182250982,69.82675933837925],[59.44648361206055,69.82621765136719],[59.424983978271484,69.82321929931663],[59.39994430541992,69.82497406005905],[59.39678573608404,69.82672119140636],[59.40988540649431,69.82901763916027]]],[[[59.50994110107439,69.84031677246094],[59.500385284423885,69.8345184326173],[59.489112854003906,69.83494567871088],[59.48366546630865,69.83188629150385],[59.47318649291992,69.83161926269554],[59.47218322753923,69.83831787109403],[59.45688629150408,69.84371948242182],[59.46918487548834,69.844223022461],[59.48654174804693,69.84743499755882],[59.48810958862322,69.84772491455072],[59.495445251465014,69.84610748291038],[59.49828338623064,69.84121704101574],[59.50994110107439,69.84031677246094]]],[[[46.5565,66.8297],[46.9204,66.821],[47.3909,66.9243],[47.6031,66.8875],[47.744,67.0127],[47.7567,67.1426],[47.676,67.1956],[47.927,67.4421],[47.8377,67.5713],[48.001,67.6379],[48.0876,67.5841],[48.6785,67.6958],[49.0591,67.6196],[48.7356,67.7011],[48.7681,67.8345],[48.5962,67.916],[48.8359,67.8417],[49.1604,67.8526],[50.0443,68.0998],[49.8129,68.0098],[49.9901,68.0211],[50.0685,68.1079],[50.7878,68.3669],[51.2822,68.3807],[52.2126,68.5697],[52.2584,68.5621],[52.0558,68.4691],[52.3235,68.4623],[52.168,68.3592],[52.4264,68.3283],[52.767,68.4739],[52.4902,68.5747],[52.5272,68.6212],[52.2875,68.5913],[53.8758,68.9595],[54.5815,68.976],[53.6156,68.8983],[53.5828,68.8666],[53.7241,68.8291],[53.6719,68.8655],[54.0117,68.8261],[53.8869,68.787],[53.8583,68.6861],[53.7126,68.5938],[53.9184,68.5119],[53.9547,68.3974],[53.8369,68.3277],[53.5907,68.3899],[53.6647,68.3189],[53.3241,68.3362],[53.1217,68.1329],[53.4399,68.2414],[54.0073,68.2221],[53.9491,68.1826],[54.1068,68.2326],[54.1253,68.1097],[53.9904,67.9882],[54.1856,68.0922],[54.2456,68.2221],[54.494,68.2954],[54.6731,68.1708],[54.8594,68.1458],[54.8065,68.1053],[54.965,68.2444],[54.8678,68.3166],[55.3701,68.5439],[56.0638,68.6442],[57.2506,68.5214],[57.6446,68.7267],[57.8494,68.746],[57.2021,68.7093],[57.9152,68.7987],[57.9293,68.7261],[58.0241,68.7743],[57.985,68.8099],[58.9048,68.9794],[59.3069,68.9691],[58.9874,68.9111],[59.518,68.7278],[59.4386,68.6639],[59.173,68.6586],[59.0741,68.5711],[59.1554,68.5053],[59.1137,68.4057],[59.7724,68.3596],[59.9472,68.4421],[59.7953,68.6241],[59.9313,68.7043],[60.4284,68.684],[60.8768,68.8828],[61.2268,68.7876],[60.9448,68.9071],[60.954,69.0728],[60.8054,69.1555],[60.7749,69.0913],[60.6563,69.1195],[60.6359,69.2514],[60.1837,69.551],[60.3457,69.6614],[60.7922,69.6187],[60.6854,69.6964],[60.7803,69.7144],[60.7226,69.8067],[60.857,69.859],[62.9997,69.6974],[64.3848,69.4766],[64.9437,69.2574],[64.7689,69.1604],[64.7574,69.0475],[64.5999,69.0082],[64.6839,68.9304],[64.6464,68.9025],[65.4439,68.7847],[65.6174,68.704],[65.572,68.6503],[65.7112,68.5304],[65.3183,68.3717],[65.062,68.4109],[64.5842,68.3352],[64.6112,68.1966],[63.9344,68.0271],[63.9898,67.9163],[63.7406,67.8033],[63.752,67.7517],[63.3821,67.7718],[62.9684,67.5388],[62.9446,67.4036],[61.7049,67.0171],[55.9716,66.9781],[52.1658,67.0764],[51.5323,66.9069],[51.5544,66.7796],[48.9307,66.1087],[48.1078,66.1346],[47.6782,65.9425],[47.8012,65.8584],[47.75,65.8387],[47.1371,65.8354],[46.4111,66.0748],[46.1478,66.0293],[45.8568,66.1156],[45.607,66.0891],[44.2181,66.4007],[44.3737,66.4919],[44.4461,66.6359],[44.5922,66.6533],[44.3586,66.78],[44.5266,66.9026],[44.2967,67.0345],[44.3804,67.087],[43.8546,67.1548],[43.7719,67.2574],[43.9504,67.5377],[44.2004,67.6671],[44.1052,67.684],[44.1757,67.7675],[44.1086,67.8394],[44.3057,67.9143],[44.1702,67.9139],[44.1752,67.9724],[44.3627,68.0329],[44.2146,68.0207],[44.1932,68.3028],[43.2486,68.668],[44.0326,68.5382],[45.2176,68.5243],[46.0146,68.4157],[45.8677,68.4167],[46.5305,68.12],[46.4681,68.0923],[46.683,67.9036],[46.675,67.8131],[46.2707,67.8307],[45.2856,67.6985],[45.342,67.6569],[45.3022,67.5742],[44.9996,67.4955],[44.8324,67.3142],[45.5974,67.1552],[45.5834,67.0626],[45.8055,66.8911],[46.0234,66.8326],[45.9643,66.8113],[46.5565,66.8297]]],[[[61.2677841186524,69.83802032470703],[61.260185241699276,69.8346176147461],[61.236686706543026,69.83721923828136],[61.22978591918957,69.8360214233399],[61.21505737304682,69.83880615234375],[61.20688629150408,69.84712219238293],[61.17618560791033,69.86292266845732],[61.17738342285162,69.86621856689447],[61.23178482055681,69.85771942138695],[61.265483856201456,69.84211730957037],[61.2677841186524,69.83802032470703]]],[[[59.46418380737333,69.87312316894531],[59.460186004638956,69.86692047119146],[59.470417022705135,69.86419677734398],[59.47458648681669,69.85961914062523],[59.467086791992244,69.85442352294922],[59.44130706787115,69.85605621337919],[59.4353866577149,69.8607177734375],[59.42558670043951,69.86192321777366],[59.41678619384794,69.85902404785156],[59.41238403320341,69.85942077636719],[59.40464019775408,69.86900329589866],[59.40891647338884,69.87075042724655],[59.423286437988565,69.86932373046875],[59.44278335571295,69.87802124023449],[59.46198654174805,69.87582397460938],[59.46418380737333,69.87312316894531]]],[[[58.47758483886747,70.1967239379884],[58.46363830566412,70.1940307617188],[58.453285217285156,70.20001983642595],[58.46138381958025,70.2011184692384],[58.464408874511776,70.20502471923828],[58.46448516845703,70.2051239013673],[58.47758483886747,70.1967239379884]]],[[[58.43877792358427,70.20710754394531],[58.432285308838175,70.20542144775413],[58.42619323730486,70.20633697509766],[58.41148376464861,70.21311950683639],[58.416484832763956,70.2165222167971],[58.43498611450224,70.2104187011721],[58.43877792358427,70.20710754394531]]],[[[58.40918350219732,70.36492156982428],[58.39841842651384,70.35894775390625],[58.397083282470874,70.36412048339866],[58.38702774047857,70.36819458007824],[58.38986968994169,70.36931610107428],[58.39197158813482,70.37014007568354],[58.39707565307634,70.3693923950197],[58.405784606933764,70.36811828613304],[58.40918350219732,70.36492156982428]]],[[[58.7168617248538,70.4545593261721],[58.71308517456083,70.4513626098634],[58.68848419189459,70.45201873779297],[58.67208480834955,70.4454193115235],[58.66191482543951,70.4479446411134],[58.67510986328125,70.45244598388695],[58.66368484497099,70.4613189697265],[58.667984008789006,70.46311950683616],[58.70098495483404,70.46031951904308],[58.71468353271513,70.45761871337896],[58.7168617248538,70.4545593261721]]],[[[59.0752,70.467],[59.8045,70.1235],[60.4409,69.9335],[60.5529,69.797],[60.496,69.7117],[60.208,69.6699],[59.5837,69.7101],[59.5873,69.7904],[59.7157,69.7799],[59.4363,69.8901],[58.9711,69.9412],[59.1768,69.8541],[59.0628,69.8552],[58.6006,70.0681],[58.6505,70.1006],[58.5464,70.1183],[58.6542,70.1296],[58.6165,70.172],[58.4667,70.1887],[58.5694,70.2038],[58.4072,70.2375],[58.8237,70.2067],[58.512,70.3246],[59.0752,70.467]]]]}},{"type":"Feature","properties":{"id":52,"name":"Nizhegorod","neighbors":[15,22,34,38,46,47,64,83]},"geometry":{"type":"Polygon","coordinates":[[[46.3903,58.08],[46.406,58.0279],[47.0864,58.0349],[47.7784,57.9448],[47.6015,57.8377],[47.4716,57.5435],[47.2516,57.5863],[46.7808,57.5084],[46.7078,57.424],[46.8388,57.2159],[46.742,57.1716],[46.7965,57.125],[46.7609,56.9593],[46.3647,56.9732],[45.9706,56.8738],[45.8933,56.8164],[45.9093,56.6404],[45.6708,56.5863],[45.6348,56.4722],[45.9612,56.4047],[45.8728,56.2688],[46.1073,56.1622],[46.1191,55.8169],[45.9782,55.6442],[46.4213,55.4416],[46.0567,55.1807],[46.113,55.0526],[45.779,54.9773],[45.7245,55.0114],[45.7887,55.162],[45.6482,55.1632],[45.4448,55.0439],[45.4754,54.9056],[45.2907,54.8672],[45.2228,54.7478],[45.1569,54.7971],[45.096,54.7536],[45.1218,54.6578],[45.0328,54.5943],[45.1738,54.4803],[44.637,54.4588],[44.6987,54.5326],[44.2567,54.5905],[44.1215,54.7318],[43.9668,54.7368],[43.9728,54.7886],[43.6231,54.8308],[43.63,54.928],[43.3311,54.933],[43.1252,54.765],[42.609,54.764],[42.4595,54.8328],[42.4543,54.9413],[42.5169,54.9709],[42.4532,55.0003],[42.2243,54.943],[41.9797,54.9847],[42.0207,55.0771],[41.8686,55.0257],[41.7895,55.0777],[41.9801,55.3345],[42.1365,55.4089],[42.0887,55.6081],[42.4246,55.7926],[42.4714,55.9098],[42.6915,55.9772],[42.7182,56.0863],[42.9273,56.1596],[42.7443,56.2433],[42.6205,56.405],[42.6786,56.4674],[42.913,56.4727],[42.9248,56.6214],[42.8005,56.6618],[42.8543,56.7305],[42.8018,56.769],[43.5152,56.8827],[43.6865,57.0612],[43.4984,57.1139],[43.5086,57.206],[43.8728,57.3621],[43.7035,57.4368],[44.079,57.4408],[44.3894,57.5167],[44.6115,57.7028],[44.7562,57.6933],[44.8772,57.8673],[44.8873,58.0661],[45.4667,58.0338],[45.699,57.9205],[45.8651,58.0447],[46.3903,58.08]]]}},{"type":"Feature","properties":{"id":53,"name":"North Ossetia","neighbors":[11,20,23,70]},"geometry":{"type":"Polygon","coordinates":[[[44.8887,43.7267],[44.9605,43.6434],[44.9282,43.5359],[44.8292,43.5749],[44.7582,43.4759],[44.6123,43.5349],[44.5839,43.3984],[44.6614,43.3461],[44.6441,43.1821],[44.9295,43.0446],[44.9804,42.8854],[44.88,42.7954],[44.7145,42.8562],[44.6771,42.7479],[44.323,42.7133],[43.9481,42.5585],[43.7314,42.6276],[43.7909,42.7501],[43.4176,42.8951],[43.6566,42.9317],[43.933,43.2651],[44.1135,43.1562],[44.1829,43.3405],[44.5053,43.347],[44.5314,43.5742],[44.4146,43.6535],[44.4243,43.7304],[44.8887,43.7267]]]}},{"type":"Feature","properties":{"id":54,"name":"Novgorod","neighbors":[43,62,78,85]},"geometry":{"type":"Polygon","coordinates":[[[33.2979,59.2885],[33.6509,59.3545],[33.8946,59.1634],[34.0786,59.1148],[34.3626,59.16],[34.9672,59.0571],[34.9882,58.996],[35.2384,58.9576],[35.2004,58.8153],[35.2911,58.8442],[35.3106,58.7699],[35.4439,58.8678],[35.7619,58.8291],[36.1354,58.7186],[36.2882,58.556],[36.472,58.5225],[36.0049,58.462],[35.9805,58.3984],[35.6119,58.4343],[35.3704,58.3706],[35.3756,58.2987],[35.2378,58.2087],[34.8509,58.229],[34.7687,58.1846],[34.8064,58.092],[34.7423,58.0562],[34.1101,58.2059],[33.9485,58.1125],[33.7639,58.128],[33.6001,58.0105],[33.7579,57.9406],[33.5916,57.7572],[33.6366,57.7058],[33.3558,57.6649],[33.3878,57.5506],[33.2771,57.4988],[33.3522,57.4313],[33.3229,57.3798],[33.2193,57.4476],[32.8563,57.4199],[32.7149,57.2928],[32.0787,57.1134],[32.059,57.0395],[31.8142,57.0589],[31.656,56.8895],[30.7416,56.9546],[30.7023,57.0098],[30.845,57.2082],[30.4805,57.345],[30.5079,57.458],[30.714,57.5837],[30.5076,57.628],[30.5745,57.7214],[30.4859,57.7464],[30.5734,57.8687],[30.0223,57.9181],[29.8717,58.0397],[29.6951,58.0683],[29.669,58.1869],[29.9284,58.2865],[29.9283,58.4405],[30.1569,58.4641],[30.1095,58.6177],[30.1602,58.73],[30.3845,58.6779],[30.729,58.722],[31.0492,59.039],[31.2752,58.9943],[31.447,59.0498],[31.6026,59.2027],[31.5479,59.341],[31.8365,59.2689],[31.9892,59.387],[32.3196,59.2688],[32.3638,59.1559],[32.6683,59.0618],[32.8233,59.138],[32.8107,59.2634],[33.0676,59.4063],[33.2979,59.2885]]]}},{"type":"Feature","properties":{"id":55,"name":"Novosibirsk","neighbors":[56]},"geometry":{"type":"Polygon","coordinates":[[[76.2572,57.2047],[78.3619,57.1536],[79.7337,56.8352],[80.2649,56.419],[81.1451,56.5237],[81.6174,56.2482],[82.7803,56.3911],[82.8372,56.4836],[83.11,56.5238],[83.2312,56.3963],[83.0768,56.2399],[83.2717,56.0772],[83.354,55.8417],[83.2085,55.7279],[83.279,55.6743],[83.6043,55.6719],[83.9693,55.9902],[84.5507,56.0049],[84.5681,55.7353],[84.815,55.5681],[84.7864,55.4436],[84.6396,55.3791],[84.8819,55.3741],[84.9302,55.1093],[84.8779,54.9856],[85.079,54.8001],[84.9354,54.6917],[85.0503,54.6287],[84.9741,54.566],[85.0806,54.3825],[84.6155,54.2805],[84.419,54.1352],[84.2391,54.1876],[83.9537,54.1006],[83.4841,54.0877],[83.4985,54.0021],[83.4068,53.9422],[83.2878,54.0339],[83.07,54.0148],[82.7019,53.8011],[82.6523,53.6343],[82.4529,53.5141],[82.1565,53.6124],[82.1876,53.6624],[82.1347,53.6793],[81.8166,53.7067],[81.7163,53.8285],[81.8285,53.9211],[81.5675,53.9254],[81.563,54.0178],[81.4477,54.0872],[81.1111,54.1158],[80.8569,54.3652],[80.7813,54.3174],[80.8191,54.2502],[80.2456,54.0364],[80.1002,54.0579],[79.8209,53.8487],[79.4619,53.7079],[78.6933,53.6559],[78.5905,53.5282],[78.2906,53.4828],[78.1784,53.5362],[78.1726,53.6106],[77.9558,53.5579],[77.9587,53.4867],[78.063,53.4501],[77.9602,53.4343],[77.8717,53.3065],[76.5838,53.9678],[76.431,54.1317],[76.7486,54.1604],[76.8715,54.3096],[76.7824,54.378],[76.9282,54.4579],[76.6518,54.3464],[76.234,54.3561],[76.2273,54.2743],[75.6986,54.1316],[75.6694,54.4595],[75.8165,54.5839],[75.7938,54.6669],[75.5808,54.8364],[75.5562,54.7818],[75.4925,54.8917],[75.3134,54.8818],[75.3869,55.0275],[75.238,55.1026],[75.2821,55.1935],[75.0997,55.3429],[75.344,55.4801],[75.1576,55.5388],[75.095,55.7233],[75.3239,55.7279],[75.2904,55.8488],[75.4782,55.9693],[75.4647,56.0266],[76.2985,56.1636],[76.1046,56.302],[76.1271,56.4324],[76.0378,56.4723],[75.8668,56.4092],[75.8145,56.4643],[76.2406,56.6878],[76.2405,56.9125],[76.1044,57.2295],[76.2572,57.2047]]]}},{"type":"Feature","properties":{"id":56,"name":"Omsk","neighbors":[55,79]},"geometry":{"type":"Polygon","coordinates":[[[75.0868,58.1281],[75.5182,57.9421],[75.589,57.7135],[75.5463,57.6376],[75.71,57.5957],[75.8463,57.3701],[76.0035,57.3482],[76.2405,56.9125],[76.2406,56.6878],[75.8145,56.4643],[75.8668,56.4092],[76.0378,56.4723],[76.1271,56.4324],[76.1046,56.302],[76.2985,56.1636],[75.4647,56.0266],[75.4782,55.9693],[75.2904,55.8488],[75.3239,55.7279],[75.0852,55.6998],[75.1706,55.6251],[75.1576,55.5388],[75.344,55.4801],[75.0997,55.3429],[75.2821,55.1935],[75.238,55.1026],[75.3869,55.0275],[75.3029,54.8921],[75.4925,54.8917],[75.5562,54.7818],[75.5808,54.8364],[75.7938,54.6669],[75.8165,54.5839],[75.6694,54.4595],[75.6986,54.1316],[75.3972,54.0823],[75.4731,53.9794],[75.0394,53.791],[74.8116,53.8201],[74.6413,53.667],[74.4719,53.6837],[74.4039,53.4611],[74.2819,53.4885],[74.2422,53.5938],[74.0639,53.5562],[74.0745,53.6255],[73.9034,53.6484],[73.8337,53.5863],[73.6749,53.6243],[73.449,53.4448],[73.3794,53.477],[73.4008,53.5316],[73.2471,53.5728],[73.2594,53.6811],[73.4651,53.8824],[73.6913,53.8621],[73.7504,54.0543],[73.6333,54.0747],[73.5117,54.006],[73.5274,53.9497],[73.2893,53.9533],[73.0696,53.996],[72.9811,54.0983],[72.6009,54.134],[72.5206,54.0469],[72.6652,54.0464],[72.7221,53.9495],[72.5541,53.9896],[72.4804,53.9097],[72.3775,53.9533],[72.4199,54.0387],[72.3632,54.0885],[72.4924,54.1394],[72.3082,54.1891],[72.2633,54.32],[72.1379,54.3638],[72.0382,54.3568],[72.1273,54.2889],[72.0836,54.2298],[72.1947,54.1852],[72.1717,54.133],[72.0234,54.2226],[71.7671,54.2485],[71.7466,54.1385],[71.6556,54.1027],[71.354,54.1835],[71.1468,54.1228],[71.0152,54.3404],[71.2031,54.3233],[71.1989,54.5853],[71.3019,54.6573],[71.0583,54.7736],[70.9952,54.8887],[71.015,55.0729],[70.8202,55.298],[70.5222,55.2755],[70.4839,55.3714],[70.7722,55.5626],[70.6421,55.6022],[70.585,55.7273],[70.8428,55.8062],[70.5431,55.8405],[70.7742,55.8663],[70.8945,55.9767],[70.8796,56.1688],[70.7875,56.213],[71.0163,56.2809],[70.8215,56.403],[71.137,56.5063],[71.0683,56.6529],[71.3735,56.6175],[71.5625,56.6923],[71.6204,56.826],[71.1464,57.1715],[71.0492,57.3226],[70.8618,57.3292],[70.7888,57.2076],[70.6591,57.2041],[70.4209,57.3438],[70.7316,57.5165],[70.4998,57.7965],[70.5483,58.042],[70.8734,58.5213],[71.2908,58.3658],[71.2403,58.2136],[71.3031,58.0235],[71.9977,58.0851],[72.1709,57.991],[72.825,57.9591],[73.1472,58.1344],[74.15,58.1139],[74.9152,58.3935],[75.1606,58.5716],[75.3401,58.4386],[75.0597,58.3359],[75.2337,58.2069],[75.0868,58.1281]]]}},{"type":"Feature","properties":{"id":57,"name":"Orel","neighbors":[9,26,42,44,76]},"geometry":{"type":"Polygon","coordinates":[[[36.0197,53.6351],[36.0396,53.5726],[36.2854,53.5319],[36.5007,53.3905],[36.6852,53.4101],[36.7503,53.3053],[37.1986,53.2392],[37.2989,53.305],[37.5796,53.2781],[37.5809,53.1424],[37.7791,53.1125],[37.8822,52.9009],[37.8872,52.7706],[37.7021,52.606],[37.9838,52.477],[37.9342,52.4481],[38.0873,52.3456],[38.0633,52.2688],[37.7715,52.171],[37.7723,52.0512],[37.6872,51.9859],[37.5331,52.0434],[37.4027,51.9547],[37.1918,52.0924],[36.4817,52.2485],[36.2845,52.3983],[35.6324,52.2864],[35.4606,52.4799],[35.3365,52.4062],[34.8348,52.4094],[34.8718,52.4989],[35.0268,52.5589],[34.9541,52.6811],[35.0503,52.6984],[35.0365,52.7874],[34.8546,52.7955],[34.7709,52.8888],[35.2829,53.0667],[35.0905,53.1508],[35.1262,53.2849],[35.39,53.3614],[35.463,53.4755],[35.5302,53.4888],[35.482,53.4275],[35.5301,53.4191],[35.5994,53.5223],[35.8083,53.5241],[36.0197,53.6351]]]}},{"type":"Feature","properties":{"id":58,"name":"Orenburg","neighbors":[7,12,67,68,73]},"geometry":{"type":"Polygon","coordinates":[[[52.5808,54.3717],[52.9963,54.2916],[53.0876,54.3351],[53.1399,54.2578],[52.9576,54.1885],[53.0637,54.1524],[53.0467,54.0846],[53.2381,54.1355],[53.4432,54.0326],[53.6326,53.8128],[54.2129,53.4017],[54.507,53.3588],[54.6229,53.2405],[54.8974,53.2462],[55.0861,52.8689],[55.3339,52.8694],[55.3982,52.7475],[55.2307,52.6787],[55.4554,52.6077],[55.5268,52.4271],[55.807,52.3756],[56.0766,52.6715],[56.4109,52.5875],[56.3537,52.5199],[56.4562,52.3529],[56.2519,52.1842],[56.3504,52.122],[56.4678,52.1997],[56.6533,52.0839],[56.7643,51.9386],[56.6713,51.8534],[56.8477,51.6773],[56.8084,51.5839],[56.9539,51.6189],[56.9028,51.7217],[56.9575,51.7423],[57.2528,51.5611],[57.4226,51.6298],[57.4366,51.7152],[57.599,51.687],[57.7791,51.8515],[58.2855,51.7049],[58.58,51.7707],[58.772,52.077],[58.6846,52.1346],[58.7223,52.2643],[58.9281,52.3292],[58.8705,52.4675],[59.0129,52.4689],[59.2894,52.3013],[59.2874,52.4488],[59.527,52.5034],[60.2186,52.3947],[60.2343,52.2769],[59.9841,52.0539],[60.1159,51.9973],[60.0529,51.9535],[60.1019,51.8822],[60.5238,51.7939],[60.4021,51.685],[60.9196,51.6108],[61.0027,51.4651],[61.4833,51.4276],[61.6763,51.2648],[61.587,51.2459],[61.427,50.7944],[60.8279,50.661],[60.4762,50.6699],[60.3162,50.6931],[60.1815,50.8447],[60.069,50.8656],[59.8327,50.5843],[59.5313,50.5145],[59.4779,50.6595],[58.9087,50.6989],[58.7793,50.8349],[58.5988,50.8267],[58.5654,51.061],[58.3717,51.0784],[58.2924,51.1608],[58.1808,51.0682],[57.7543,51.1297],[57.7237,50.9227],[57.5101,50.8778],[57.3502,50.9295],[57.1835,51.0953],[56.7287,51.0784],[56.7315,50.9718],[56.4971,51.0881],[56.4735,50.976],[56.3554,50.9099],[56.1898,50.9328],[56.1331,50.7605],[55.6927,50.5679],[55.0971,50.8038],[55.0516,50.9321],[54.8784,50.8387],[54.7063,50.8942],[54.6554,50.8105],[54.7262,50.6288],[54.5203,50.5387],[54.4226,50.6329],[54.5128,50.8484],[54.2974,50.8848],[54.0335,51.1629],[53.6773,51.2271],[53.6084,51.3064],[53.6346,51.389],[53.3788,51.514],[53.1946,51.5361],[52.9574,51.4598],[52.7788,51.5256],[52.5706,51.4597],[52.3281,51.7661],[52.1076,51.6563],[51.8573,51.6833],[51.7565,51.5907],[51.7951,51.5231],[51.6491,51.4687],[51.5659,51.5611],[51.4289,51.4826],[51.2756,51.5003],[51.242,51.5557],[51.3658,51.6139],[51.2668,51.6897],[50.8846,51.6825],[50.8628,51.7952],[51.451,52.1307],[51.3797,52.2868],[51.5705,52.4446],[51.4813,52.5415],[51.5438,52.6527],[51.6848,52.6802],[51.7406,52.8637],[52.1038,53.0357],[52.1575,53.3577],[52.3033,53.3946],[52.1625,53.4218],[52.0988,53.5122],[52.4462,54.0126],[52.3233,54.1837],[52.4018,54.3328],[52.5808,54.3717]]]}},{"type":"Feature","properties":{"id":59,"name":"Penza","neighbors":[47,64,68,72,81]},"geometry":{"type":"Polygon","coordinates":[[[43.3008,54.0085],[43.9307,53.8922],[44.0019,53.761],[44.1495,53.7036],[44.5981,53.6612],[44.7797,53.7147],[44.648,53.8683],[44.8912,53.9543],[45.265,53.9625],[45.3399,53.8779],[46.0454,53.9951],[46.4986,53.6246],[46.4911,53.4962],[46.723,53.4863],[46.9201,53.3682],[46.9659,53.1602],[46.9135,52.9241],[46.9845,52.8136],[46.8025,52.6419],[46.647,52.7317],[46.1934,52.6175],[46.0017,52.524],[46.0201,52.4062],[45.6795,52.5187],[45.5314,52.4146],[45.2098,52.4233],[45.0752,52.3368],[44.8911,52.4643],[44.5881,52.5098],[44.5432,52.4064],[44.3077,52.2936],[43.815,52.4451],[43.4672,52.3555],[43.2837,52.4524],[43.1152,52.397],[43.1187,52.4978],[43.2823,52.6114],[43.2767,52.675],[42.5913,53.1123],[42.5994,53.1823],[42.4416,53.3124],[42.2863,53.3399],[42.3091,53.4354],[42.1214,53.5068],[42.1144,53.7812],[42.3532,53.8038],[42.523,53.7132],[42.5697,53.8233],[42.6261,53.7606],[43.2113,53.8104],[43.253,53.8627],[43.1906,53.9347],[43.3008,54.0085]]]}},{"type":"Feature","properties":{"id":62,"name":"Pskov","neighbors":[43,54,69,78]},"geometry":{"type":"Polygon","coordinates":[[[28.1854,58.9573],[28.3186,58.8406],[29.0101,58.7817],[29.269,58.6486],[29.2919,58.5614],[29.5574,58.5176],[29.7032,58.4156],[29.9283,58.4405],[29.9284,58.2865],[29.669,58.1869],[29.6951,58.0683],[29.8717,58.0397],[30.0223,57.9181],[30.5734,57.8687],[30.4859,57.7464],[30.5745,57.7214],[30.5076,57.628],[30.714,57.5837],[30.5079,57.458],[30.4805,57.345],[30.845,57.2082],[30.7023,57.0098],[30.7416,56.9546],[31.0133,56.9415],[30.8311,56.7134],[31.0712,56.6149],[31.0418,56.4648],[31.2505,56.4373],[31.2409,56.3549],[31.3355,56.3177],[31.5607,56.2905],[31.4789,56.234],[31.5482,56.2002],[31.4742,56.1601],[31.5392,56.0597],[31.3964,55.9791],[31.4574,55.7513],[31.0697,55.7317],[30.8076,55.5978],[30.4889,55.8074],[29.9696,55.8897],[29.7965,55.7739],[29.4803,55.7045],[29.371,55.7652],[29.4021,55.903],[29.4798,55.9227],[29.4262,55.9717],[29.0799,56.0354],[28.7292,55.9669],[28.6781,56.0907],[28.3123,56.0634],[28.1512,56.1599],[28.2405,56.2904],[28.0967,56.5309],[28.1387,56.5733],[27.9046,56.7471],[27.9779,56.8192],[27.8498,56.8773],[27.668,56.8392],[27.7222,57.0979],[27.8279,57.1635],[27.8577,57.3017],[27.5107,57.4455],[27.5468,57.5381],[27.3175,57.58],[27.4048,57.6126],[27.4111,57.7005],[27.5256,57.7094],[27.4943,57.7889],[27.5496,57.8336],[27.8264,57.8593],[27.4907,58.2185],[27.5577,58.3836],[27.4551,58.7906],[27.7266,58.9912],[27.7673,58.9297],[27.9063,59.0004],[28.1854,58.9573]]]}},{"type":"Feature","properties":{"id":63,"name":"Rostov","neighbors":[25,39,70,84,86]},"geometry":{"type":"MultiPolygon","coordinates":[[[[38.48236083984392,47.14208221435564],[38.48236083984392,47.14125061035185],[38.48263931274431,47.14125061035185],[38.48263931274431,47.140693664550895],[38.483470916748104,47.140693664550895],[38.483470916748104,47.140415191650504],[38.48485946655302,47.140415191650504],[38.48485946655302,47.14014053344749],[38.48513793945341,47.14014053344749],[38.48513793945341,47.1398620605471],[38.48569488525396,47.1398620605471],[38.48569488525396,47.13958358764654],[38.48513793945341,47.13958358764654],[38.48513793945341,47.13930511474632],[38.48458480834961,47.13930511474632],[38.48458480834961,47.13958358764654],[38.483470916748104,47.13958358764654],[38.483470916748104,47.1398620605471],[38.48319625854492,47.1398620605471],[38.48319625854492,47.14014053344749],[38.48263931274431,47.14014053344749],[38.48263931274431,47.140415191650504],[38.48208236694353,47.140415191650504],[38.48208236694353,47.140693664550895],[38.48180389404314,47.140693664550895],[38.48180389404314,47.140972137451456],[38.48097229003935,47.140972137451456],[38.48097229003935,47.140693664550895],[38.480693817138956,47.140693664550895],[38.480693817138956,47.14014053344749],[38.480415344238224,47.14014053344749],[38.480415344238224,47.140415191650504],[38.47986221313482,47.140415191650504],[38.47986221313482,47.140693664550895],[38.480415344238224,47.140693664550895],[38.480415344238224,47.140972137451456],[38.480693817138956,47.140972137451456],[38.480693817138956,47.14125061035185],[38.48152923584013,47.14125061035185],[38.48152923584013,47.14208221435564],[38.48180389404314,47.14208221435564],[38.48180389404314,47.14263916015619],[38.48208236694353,47.14263916015619],[38.48208236694353,47.142917633056754],[38.48236083984392,47.142917633056754],[38.48236083984392,47.143196105957315],[38.483470916748104,47.143196105957315],[38.483470916748104,47.14263916015619],[38.48319625854492,47.14263916015619],[38.48319625854492,47.1423606872558],[38.48263931274431,47.1423606872558],[38.48263931274431,47.14208221435564],[38.48236083984392,47.14208221435564]]],[[[41.782,49.91],[41.948,49.886],[42.2269,49.6949],[42.0839,49.4023],[42.0975,49.1604],[42.3762,49.1611],[42.4576,49.0981],[42.43,49.0362],[42.6662,49.0029],[42.8053,48.8559],[42.6633,48.5887],[42.0851,48.4187],[42.143,48.2832],[42.0329,48.2485],[42.0828,48.1747],[42.0195,48.0454],[42.5137,47.9848],[42.733,47.8636],[43.0115,47.4841],[43.2348,47.5301],[43.2702,47.4097],[43.7313,47.4698],[43.8247,47.3093],[43.9581,47.2801],[43.9973,47.3893],[44.17,47.4364],[44.2054,47.5387],[44.3732,47.4434],[44.2837,46.8957],[44.1091,46.8268],[43.8437,46.5782],[43.96,46.5493],[43.9168,46.4698],[43.9688,46.3215],[43.8619,46.2824],[43.7863,46.3957],[43.6448,46.1568],[43.4249,46.1538],[42.9901,46.3959],[42.7215,46.3448],[42.0985,46.5754],[42.221,46.3427],[41.9715,46.3131],[41.9835,46.2215],[41.8822,46.169],[41.7002,46.1905],[41.7227,46.0101],[41.2336,45.9699],[40.9781,46.1625],[40.9504,46.2923],[40.7636,46.2434],[40.2829,46.2982],[40.1912,46.3769],[40.1663,46.5233],[39.9572,46.5875],[40.0262,46.754],[39.927,46.8053],[39.3837,46.8782],[39.1893,46.803],[39.0781,46.6733],[38.8004,46.6285],[38.8893,46.8347],[38.6613,46.8724],[39.1057,47.0415],[39.2965,47.0221],[39.2135,47.1899],[39.2835,47.2504],[39.2015,47.2835],[38.9565,47.2696],[38.954,47.1999],[38.576,47.1149],[38.4826,47.1443],[38.5589,47.2397],[38.7961,47.2814],[38.5622,47.2829],[38.2411,47.1748],[38.3342,47.253],[38.2244,47.3131],[38.3018,47.3827],[38.3107,47.5617],[38.7648,47.6841],[38.8348,47.8621],[39.7536,47.8197],[39.8167,47.8831],[39.7973,48.0368],[39.8887,48.0458],[39.845,48.0649],[40.0149,48.2666],[39.8501,48.3224],[39.946,48.3701],[39.8501,48.5708],[39.6576,48.6242],[39.797,48.85],[39.991,48.8012],[40.0972,48.8837],[39.8298,48.8886],[39.6699,49.048],[39.9352,49.0634],[40.1996,49.2431],[40.1633,49.4581],[40.2822,49.6242],[40.589,49.581],[40.9813,49.6805],[41.1288,49.903],[41.402,50.0656],[41.4417,50.1869],[41.6992,50.0275],[41.6693,49.9379],[41.782,49.91]]]]}},{"type":"Feature","properties":{"id":64,"name":"Ryazan'","neighbors":[44,47,49,52,59,72,76,83]},"geometry":{"type":"MultiPolygon","coordinates":[[[[38.67010116577143,54.230094909668026],[38.67289733886736,54.22926712036144],[38.672412872314624,54.2293319702149],[38.67010116577143,54.230094909668026]]],[[[38.663532257080135,54.23237609863287],[38.66429519653326,54.23201370239258],[38.59634780883806,54.25447082519554],[38.60135269165045,54.255325317382926],[38.61038208007818,54.253696441650504],[38.614616394043026,54.25312805175804],[38.6223793029788,54.25170898437494],[38.62479400634794,54.251296997070426],[38.62840652465826,54.250835418701286],[38.63796997070307,54.2491149902346],[38.64222717285156,54.24857711792009],[38.64464569091791,54.24818801879877],[38.6486549377442,54.24734878540045],[38.65057373046892,54.24665451049799],[38.65128707885742,54.24615859985374],[38.652576446533374,54.24497985839872],[38.66125106811529,54.234401702881314],[38.66283798217802,54.232883453369254],[38.663532257080135,54.23237609863287]]],[[[40.3282,55.2894],[40.5634,55.2995],[40.6049,55.1782],[40.9971,55.2411],[41.0822,55.1224],[41.207,55.2108],[41.4532,55.1094],[41.8037,55.116],[41.8686,55.0257],[42.0207,55.0771],[41.998,54.9739],[42.5169,54.9709],[42.4543,54.9413],[42.4685,54.8097],[42.3481,54.7823],[42.5087,54.6649],[42.6477,54.6632],[42.7341,54.5528],[42.552,54.4136],[42.662,54.3502],[42.2986,54.2094],[42.1994,54.2329],[42.2983,54.1434],[42.4824,54.2266],[42.7357,54.1276],[42.5372,54.1079],[42.5559,54.0506],[42.3337,54.1131],[42.2835,54.0652],[42.525,53.934],[42.3532,53.8038],[41.4313,53.7373],[41.383,53.5196],[41.2075,53.3956],[40.7264,53.5402],[40.628,53.4255],[40.5499,53.4842],[40.4836,53.4576],[40.5167,53.3908],[40.1957,53.3167],[39.9202,53.4426],[39.9598,53.521],[39.7669,53.5724],[39.5866,53.5065],[39.5585,53.4143],[39.2026,53.3821],[39.0797,53.5405],[38.9138,53.5614],[39.0071,53.7499],[38.8116,53.8211],[38.9317,53.9327],[38.8352,53.9216],[38.6962,54.0407],[38.8137,54.1434],[38.6837,54.2278],[38.7412,54.3247],[38.9975,54.3721],[38.8157,54.4511],[38.8484,54.5869],[39.2503,54.6192],[39.4735,54.9123],[39.6372,55.0098],[39.8256,54.9916],[39.8803,55.0963],[39.7471,55.103],[39.817,55.1753],[40.012,55.189],[40.2038,55.3099],[40.3961,55.3017],[40.3282,55.2894]]]]}},{"type":"Feature","properties":{"id":67,"name":"Samara","neighbors":[58,68,73,81]},"geometry":{"type":"Polygon","coordinates":[[[51.4129,54.6739],[51.3755,54.5933],[51.5309,54.6608],[51.9591,54.5016],[52.0753,54.3417],[52.3129,54.4528],[52.5153,54.4523],[52.5595,54.3868],[52.4018,54.3328],[52.3233,54.1837],[52.4462,54.0126],[52.0988,53.5122],[52.1625,53.4218],[52.3033,53.3946],[52.1575,53.3577],[52.0881,53.0132],[51.7406,52.8637],[51.6848,52.6802],[51.6156,52.6961],[51.4797,52.5649],[51.5705,52.4446],[51.3867,52.315],[51.451,52.1307],[51.3209,52.0192],[50.8628,51.7952],[50.6551,51.9848],[50.3035,52.0279],[50.2197,52.1292],[49.6853,52.2664],[49.6109,52.408],[49.5407,52.3529],[49.2988,52.4983],[48.9631,52.4798],[48.5658,52.6855],[48.2994,52.6511],[48.556,52.9404],[48.2984,53.0625],[48.204,53.0329],[48.1703,53.2697],[47.9864,53.39],[48.1923,53.5134],[48.3796,53.475],[48.4166,53.5361],[48.336,53.6656],[48.6256,53.6793],[48.4741,53.7638],[48.844,53.7082],[49.0275,53.8575],[49.2228,53.8433],[49.173,53.8889],[49.9686,53.8602],[50.0145,53.8898],[49.9287,53.9512],[50.1743,54.0727],[50.2655,54.2524],[50.2225,54.4001],[50.0798,54.5337],[50.3129,54.4304],[50.4397,54.4618],[50.5407,54.3347],[50.761,54.4521],[50.9559,54.3491],[51.0053,54.5373],[51.1677,54.6667],[51.4129,54.6739]]]}},{"type":"Feature","properties":{"id":68,"name":"Saratov","neighbors":[58,59,67,72,81,84,86]},"geometry":{"type":"Polygon","coordinates":[[[48.4019,52.7962],[48.3282,52.6326],[48.5658,52.6855],[48.9631,52.4798],[49.2988,52.4983],[49.5407,52.3529],[49.6109,52.408],[49.6853,52.2664],[50.2197,52.1292],[50.3035,52.0279],[50.6551,51.9848],[50.8628,51.7952],[50.7354,51.7513],[50.793,51.6614],[50.7546,51.5779],[50.6234,51.6421],[50.5142,51.6013],[50.5116,51.4749],[50.3498,51.4332],[50.3676,51.3403],[49.9342,51.2343],[49.736,51.1147],[49.4205,51.1296],[49.3233,50.9979],[49.4109,50.8584],[49.093,50.7835],[48.8247,50.6003],[48.5583,50.6484],[48.6502,50.5729],[48.7553,50.1105],[48.8775,50.0234],[48.4245,49.8071],[48.2179,49.873],[48.0965,50.0914],[47.5892,50.4529],[47.2932,50.3884],[47.2202,50.4817],[47.0802,50.4606],[46.8583,50.6412],[46.6737,50.6921],[46.4943,50.54],[46.1694,50.5106],[46.1407,50.6507],[45.8113,50.7698],[45.719,50.7258],[45.7563,50.576],[45.294,50.5538],[45.2285,50.6847],[45.3361,50.7447],[45.3599,50.8915],[45.1088,51.1201],[44.4436,51.1992],[44.0799,51.0865],[44.0513,51.1828],[43.4544,51.0234],[42.9525,51.2534],[42.9199,51.418],[42.545,51.6285],[43.0134,52.3489],[43.217,52.4502],[43.4672,52.3555],[43.815,52.4451],[44.3077,52.2936],[44.6298,52.5107],[44.8911,52.4643],[45.0752,52.3368],[45.2098,52.4233],[45.5314,52.4146],[45.6795,52.5187],[46.0201,52.4062],[46.0017,52.524],[46.588,52.7265],[46.8654,52.6136],[46.9707,52.6519],[47.0793,52.5797],[47.4274,52.56],[47.5968,52.6307],[47.7763,52.5802],[47.8481,52.7543],[47.9438,52.7096],[48.0857,52.7979],[48.4019,52.7962]]]}},{"type":"Feature","properties":{"id":69,"name":"Smolensk","neighbors":[9,26,49,62,78]},"geometry":{"type":"Polygon","coordinates":[[[34.0174,56.0396],[34.2844,56.0303],[34.3675,55.9278],[34.4354,55.9847],[34.7412,55.8828],[34.8185,55.9444],[35.1572,55.9296],[35.3458,55.7585],[35.3406,55.6301],[35.4059,55.5889],[35.3187,55.5391],[35.2863,55.2872],[35.3808,55.1614],[35.188,54.9617],[35.1206,54.9978],[34.8891,54.8607],[34.9519,54.7498],[34.6755,54.6588],[34.4607,54.691],[34.5591,54.6124],[34.492,54.496],[34.0175,54.5583],[33.7021,54.4997],[33.6589,54.3497],[33.7493,54.3103],[33.6539,54.229],[33.6908,54.1893],[33.4835,54.0643],[33.5439,54.0076],[33.484,53.9557],[33.358,53.9685],[33.2838,53.871],[33.3566,53.8158],[32.9468,53.5724],[32.9152,53.4229],[32.7608,53.4123],[32.7639,53.4664],[32.6178,53.4683],[32.4626,53.5741],[32.4164,53.6501],[32.5092,53.6957],[32.465,53.7379],[31.766,53.7973],[31.8843,54.0501],[31.3301,54.2609],[31.2418,54.4637],[31.0851,54.5112],[31.2096,54.656],[30.9973,54.6759],[30.76,54.8033],[30.8384,54.9497],[31.0254,55.0493],[31.0231,55.1333],[30.8279,55.3335],[30.9386,55.4048],[30.9157,55.6325],[31.0697,55.7317],[31.4574,55.7513],[31.9083,55.6441],[31.9176,55.705],[32.0957,55.7228],[32.2235,55.6637],[32.1325,55.6372],[32.1957,55.6111],[32.4437,55.6588],[32.5522,55.6086],[32.5897,55.6757],[32.6629,55.6554],[32.6069,55.6178],[32.6509,55.5864],[33.0123,55.5869],[33.0676,55.6416],[33.2089,55.5976],[33.7268,55.8039],[33.7528,55.9372],[33.8984,55.8739],[33.9413,55.9507],[33.8641,55.9813],[34.0174,56.0396]]]}},{"type":"Feature","properties":{"id":70,"name":"Stavropol'","neighbors":[11,17,23,25,28,39,53,63]},"geometry":{"type":"Polygon","coordinates":[[[43.4937,45.979],[44.0474,45.8767],[44.3761,45.5278],[45.459,45.187],[45.7095,44.9896],[45.5898,44.8832],[45.6449,44.7748],[45.5984,44.7008],[45.3094,44.5253],[45.2972,44.4314],[45.4717,44.4036],[45.4828,44.3031],[45.1989,44.1684],[45.5654,44.1319],[45.4943,43.8227],[45.1581,43.8835],[45.12,43.6844],[44.9877,43.6258],[44.8488,43.7443],[44.444,43.7139],[44.5212,43.9494],[44.3953,43.8356],[44.0732,43.9241],[43.8842,43.7399],[43.4764,43.7418],[43.3741,43.8801],[42.8797,43.7499],[42.7333,43.97],[42.6603,43.9829],[42.6226,43.9097],[42.4573,43.9788],[42.4978,44.0844],[42.8288,44.2156],[42.7243,44.3312],[42.567,44.218],[41.5849,44.5846],[41.5103,44.6782],[41.7476,44.8212],[41.7365,44.9204],[41.5415,44.9948],[41.4175,45.1159],[41.42,45.204],[41.0773,45.2333],[41.0385,45.4163],[40.8451,45.5637],[40.8763,45.6876],[41.1379,45.6757],[41.2833,45.7662],[41.1614,45.9131],[41.1828,45.9848],[41.895,46.0072],[42.1456,45.9354],[42.2257,46.0622],[42.1975,46.1338],[42.3476,46.1179],[42.3284,45.9724],[42.4816,45.9817],[42.813,46.0918],[42.9452,46.2259],[43.4937,45.979]]]}},{"type":"Feature","properties":{"id":71,"name":"Sverdlovsk","neighbors":[7,12,33,36,41,60,79]},"geometry":{"type":"Polygon","coordinates":[[[59.9873,61.7576],[61.178,61.6847],[62.7187,61.2032],[62.8955,61.0732],[62.8343,60.8865],[62.94,60.7067],[63.2914,60.3974],[63.3267,60.3196],[63.2598,60.241],[63.7729,60.0857],[63.8783,59.5397],[64.0891,59.4225],[65.1037,59.3437],[65.1468,59.2527],[65.2485,59.257],[65.5396,58.8078],[65.9785,58.62],[66.0383,58.2711],[66.2034,58.0634],[65.5408,57.7929],[65.412,57.8417],[64.8924,57.6867],[65.0114,57.6105],[64.8759,57.4865],[65.0927,56.9711],[65.278,56.9321],[65.2089,56.8198],[64.5847,56.866],[64.3123,56.7527],[64.3452,56.684],[64.1979,56.6131],[64.2309,56.5443],[64.1605,56.5097],[63.7873,56.5252],[63.496,56.6496],[63.3358,56.5772],[62.9458,56.6478],[62.6496,56.5171],[62.5111,56.6018],[62.0419,56.3014],[62.0309,56.1793],[61.7093,56.3448],[61.2048,56.4087],[61.071,56.3493],[61.1402,56.2544],[60.7775,56.2335],[60.4112,56.2955],[59.7216,56.2518],[59.6273,56.3376],[59.1954,56.3763],[59.1804,56.2586],[59.0506,56.2359],[58.9248,56.0806],[58.5612,56.1851],[58.0131,56.1043],[57.4976,56.1727],[57.5369,56.2232],[57.437,56.2889],[57.3828,56.4543],[57.4415,56.6764],[57.2597,56.8389],[57.2855,56.9246],[57.5936,56.9088],[57.953,57.0972],[58.0927,57.0717],[57.9979,57.2071],[58.0437,57.304],[57.8973,57.4024],[58.0677,57.7062],[58.1576,57.7579],[58.4718,57.7345],[58.5398,57.6193],[58.8758,57.7876],[58.8846,57.8829],[58.6878,57.9378],[58.5986,58.0942],[58.8106,58.2642],[59.1902,58.3529],[59.476,58.5464],[59.4138,58.6774],[59.4557,58.7359],[59.2805,58.7398],[59.1084,58.837],[59.1097,58.9253],[59.212,58.9832],[59.1346,59.0791],[59.1575,59.1706],[58.4892,59.4919],[58.6306,59.7365],[59.0697,59.9849],[59.2268,60.2536],[59.2152,60.3508],[59.5014,60.7655],[59.5033,60.9237],[59.3762,61.0444],[59.3097,61.2682],[59.4971,61.5776],[59.3571,61.8131],[59.4116,61.9222],[59.5222,61.9744],[59.9511,61.8855],[59.9873,61.7576]]]}},{"type":"Feature","properties":{"id":72,"name":"Tambov","neighbors":[44,59,64,68,86]},"geometry":{"type":"Polygon","coordinates":[[[41.6241,53.7552],[42.1496,53.7619],[42.1214,53.5068],[42.3091,53.4354],[42.2863,53.3399],[42.4416,53.3124],[42.5994,53.1823],[42.5913,53.1123],[43.2895,52.6516],[42.5642,51.6856],[42.5801,51.5736],[42.4042,51.5714],[42.3253,51.6693],[42.229,51.674],[42.1993,51.6056],[41.4128,51.7701],[41.3277,51.7077],[41.0317,51.7032],[40.9986,51.867],[40.6067,51.9359],[40.8038,52.2197],[40.3808,52.3744],[40.3991,52.4439],[40.1577,52.5147],[40.0378,52.6383],[40.0111,52.746],[40.1816,52.8007],[40.1145,52.8905],[40.2123,52.9652],[40.1487,52.9883],[40.127,53.192],[40.1957,53.3167],[40.5167,53.3908],[40.4836,53.4576],[40.5499,53.4842],[40.628,53.4255],[40.7264,53.5402],[41.2075,53.3956],[41.383,53.5196],[41.4313,53.7373],[41.6241,53.7552]]]}},{"type":"Feature","properties":{"id":73,"name":"Tatarstan","neighbors":[7,15,34,46,58,67,80,81]},"geometry":{"type":"Polygon","coordinates":[[[50.4236,56.6711],[50.6552,56.3979],[50.9275,56.4203],[50.925,56.2656],[51.1125,56.1401],[51.3936,56.1007],[51.6898,56.1649],[51.4378,56.0111],[51.4767,55.9524],[51.9743,55.9724],[52.1572,55.8958],[52.2585,55.9241],[52.2246,56.0371],[52.2949,56.1033],[52.4837,56.0336],[52.7717,56.0519],[52.7046,56.1476],[52.8757,56.1747],[52.571,56.2927],[52.8813,56.3977],[52.9541,56.4685],[52.919,56.5088],[53.0653,56.5705],[53.1105,56.5347],[52.9997,56.4215],[53.0295,56.2408],[53.3231,56.1376],[53.3766,56.1757],[53.3397,56.305],[53.5689,56.257],[53.5618,56.146],[53.2788,55.972],[53.3194,55.8919],[53.7979,55.9803],[54.1949,55.7684],[54.2003,55.688],[54.0101,55.5898],[53.9035,55.3918],[53.1443,55.1078],[53.6838,54.8951],[53.5986,54.8053],[53.6317,54.7054],[53.4266,54.4536],[53.3816,54.0458],[53.2381,54.1355],[53.0467,54.0846],[53.0637,54.1524],[52.9576,54.1885],[53.1399,54.2578],[53.0876,54.3351],[52.9963,54.2916],[52.6081,54.3522],[52.4726,54.4597],[52.0753,54.3417],[51.9591,54.5016],[51.5309,54.6608],[51.3755,54.5933],[51.3918,54.6826],[51.1677,54.6667],[51.0053,54.5373],[50.9559,54.3491],[50.761,54.4521],[50.5407,54.3347],[50.3926,54.4764],[50.3129,54.4304],[50.1843,54.5147],[49.5797,54.5959],[49.4321,54.824],[49.2721,54.9031],[49.0076,54.8276],[49.1307,54.7936],[48.9988,54.7886],[48.8191,54.646],[48.5109,54.6252],[48.1114,54.7793],[47.9446,54.7279],[47.9107,54.628],[47.7759,54.7612],[47.5811,54.6119],[47.6022,54.5525],[47.402,54.5264],[47.3947,54.6449],[47.2797,54.7233],[47.4543,54.7652],[47.3791,54.8304],[47.4344,54.8973],[47.7326,54.8236],[47.7159,54.8805],[47.8547,54.876],[47.8054,54.98],[48.119,55.0109],[47.9311,55.0551],[48.0828,55.1532],[47.974,55.3122],[47.7724,55.2224],[47.7107,55.2351],[47.7453,55.3468],[48.1711,55.5739],[48.0551,55.6589],[48.4389,55.7784],[48.4177,55.9003],[48.6294,55.9915],[48.6514,56.0737],[48.814,56.0779],[49.0727,56.2267],[48.9297,56.2587],[48.9485,56.3539],[49.1207,56.422],[49.3747,56.3889],[49.7608,56.5565],[49.8407,56.5308],[49.8359,56.4546],[50.0211,56.4668],[50.213,56.5835],[50.0731,56.6693],[50.4236,56.6711]]]}},{"type":"Feature","properties":{"id":76,"name":"Tula","neighbors":[26,44,49,57,64]},"geometry":{"type":"Polygon","coordinates":[[[38.0756,54.7137],[38.2651,54.6162],[38.49,54.6273],[38.4795,54.5279],[38.3871,54.5175],[38.526,54.3459],[38.4962,54.2765],[38.8137,54.1434],[38.6962,54.0407],[38.8352,53.9216],[38.9317,53.9327],[38.8116,53.8211],[38.8959,53.8155],[38.8893,53.7476],[39.0071,53.7499],[38.9084,53.5233],[38.7274,53.4927],[38.8227,53.3696],[38.5372,53.3202],[38.6634,53.1939],[38.5892,53.1813],[38.712,53.1109],[38.6334,53.0199],[38.5083,53.0683],[38.3254,52.9528],[38.2781,53.0544],[37.8579,53.0175],[37.7199,53.1414],[37.5809,53.1424],[37.5796,53.2781],[37.2989,53.305],[37.1986,53.2392],[36.7503,53.3053],[36.6852,53.4101],[36.5007,53.3905],[36.2854,53.5319],[36.0396,53.5726],[35.9977,53.6383],[36.0728,53.6881],[35.9272,53.759],[35.9756,53.7958],[35.9261,53.8359],[36.0203,53.8686],[35.9848,53.901],[36.1459,53.9303],[36.1448,54.0182],[36.2441,54.0798],[36.048,54.0936],[36.1556,54.1234],[36.0426,54.1615],[36.2081,54.1467],[36.6499,54.2957],[36.9801,54.2809],[36.9729,54.4212],[36.8438,54.4886],[36.9314,54.5235],[36.8958,54.5703],[37.1112,54.534],[37.2379,54.8275],[37.4801,54.8099],[37.5696,54.7016],[37.7176,54.6929],[37.7965,54.7247],[37.7971,54.8119],[37.9646,54.8311],[38.0756,54.7137]]]}},{"type":"Feature","properties":{"id":78,"name":"Tver'","neighbors":[49,54,62,69,85,88]},"geometry":{"type":"Polygon","coordinates":[[[37.0916,58.8428],[37.6663,58.4294],[37.493,58.3835],[37.4278,58.3338],[37.4915,58.2959],[37.3615,58.2272],[37.7293,58.0611],[37.385,57.9498],[37.569,57.8907],[37.426,57.8904],[37.4881,57.856],[37.4095,57.7994],[37.6811,57.7152],[37.8706,57.5786],[37.8936,57.435],[38.0727,57.3264],[38.3346,57.3609],[38.3749,57.28],[38.2261,57.2304],[38.2234,57.1734],[38.3139,57.1262],[38.2666,57.0887],[38.3266,57.0174],[38.1511,56.9633],[38.237,56.9398],[38.1866,56.8671],[38.3226,56.7594],[38.0936,56.7441],[38.0218,56.8474],[37.7419,56.9391],[37.5805,56.8927],[37.5125,56.7639],[37.0958,56.7339],[37.1579,56.6574],[37.1251,56.5224],[36.8271,56.5746],[36.157,56.3914],[36.1034,56.314],[35.7784,56.3637],[35.6798,56.4605],[35.4329,56.4262],[35.4213,56.351],[35.5217,56.3552],[35.5088,56.2265],[35.3196,56.1943],[35.365,56.1437],[35.2889,56.0849],[35.3464,56.0594],[35.1572,55.9296],[34.8185,55.9444],[34.7412,55.8828],[34.4354,55.9847],[34.3675,55.9278],[34.2844,56.0303],[33.9808,56.0398],[33.8641,55.9813],[33.9413,55.9507],[33.8984,55.8739],[33.7528,55.9372],[33.7268,55.8039],[33.2988,55.6784],[33.2314,55.6],[33.0676,55.6416],[33.0123,55.5869],[32.6509,55.5864],[32.6069,55.6178],[32.6629,55.6554],[32.5897,55.6757],[32.5522,55.6086],[32.4437,55.6588],[32.1957,55.6111],[32.1325,55.6372],[32.2235,55.6637],[32.0957,55.7228],[31.9176,55.705],[31.9083,55.6441],[31.4574,55.7513],[31.3964,55.9791],[31.5392,56.0597],[31.4742,56.1601],[31.5482,56.2002],[31.4789,56.234],[31.5607,56.2905],[31.3355,56.3177],[31.2409,56.3549],[31.2505,56.4373],[31.0418,56.4648],[31.0712,56.6149],[30.8178,56.7511],[31.0133,56.9415],[31.656,56.8895],[31.8142,57.0589],[32.059,57.0395],[32.0787,57.1134],[32.7149,57.2928],[32.8563,57.4199],[33.2193,57.4476],[33.3229,57.3798],[33.3522,57.4313],[33.2771,57.4988],[33.3878,57.5506],[33.3558,57.6649],[33.6366,57.7058],[33.5916,57.7572],[33.7579,57.9406],[33.6001,58.0105],[33.7639,58.128],[33.9485,58.1125],[34.1101,58.2059],[34.7423,58.0562],[34.8064,58.092],[34.7687,58.1846],[34.8509,58.229],[35.2378,58.2087],[35.3756,58.2987],[35.3704,58.3706],[35.6119,58.4343],[35.9805,58.3984],[36.0049,58.462],[36.5535,58.5158],[36.7253,58.7057],[36.9152,58.7297],[36.8418,58.7982],[37.0916,58.8428]]]}},{"type":"Feature","properties":{"id":79,"name":"Tyumen'","neighbors":[33,41,56,71]},"geometry":{"type":"Polygon","coordinates":[[[69.6884,59.8964],[70.14,59.9331],[70.5891,59.805],[71.1913,59.8424],[71.8757,59.5338],[72.0805,59.5209],[72.6543,59.099],[72.9619,59.1308],[72.899,59.0309],[73.0995,58.935],[72.9646,58.855],[73.341,58.7867],[73.6834,58.8424],[74.1282,58.702],[75.0425,58.6928],[75.2059,58.6072],[74.9152,58.3935],[74.15,58.1139],[73.1472,58.1344],[72.825,57.9591],[72.1709,57.991],[71.9977,58.0851],[71.3031,58.0235],[71.2403,58.2136],[71.2908,58.3658],[70.8734,58.5213],[70.5483,58.042],[70.4998,57.7965],[70.7316,57.5165],[70.4209,57.3438],[70.6591,57.2041],[70.7888,57.2076],[70.8618,57.3292],[71.0492,57.3226],[71.1464,57.1715],[71.5462,56.9284],[71.6187,56.7838],[71.3735,56.6175],[71.0683,56.6529],[71.137,56.5063],[70.8215,56.403],[71.0163,56.2809],[70.7875,56.213],[70.8796,56.1688],[70.9216,56.0307],[70.8182,55.8848],[70.5431,55.8405],[70.8428,55.8062],[70.5735,55.6962],[70.7722,55.5626],[70.4839,55.3714],[70.5222,55.2755],[70.2179,55.1333],[69.668,55.3429],[69.1985,55.3352],[68.9866,55.4313],[68.9168,55.3746],[69.0063,55.2942],[68.7659,55.3589],[68.6567,55.2598],[68.6505,55.374],[68.2097,55.6196],[68.1578,55.7337],[67.8747,55.6937],[67.77,55.7608],[67.3938,55.7578],[67.2528,55.9725],[66.757,55.9989],[66.6786,56.0737],[66.4782,55.982],[66.2565,56.1126],[66.0001,56.0482],[65.6342,56.3168],[65.1131,56.3816],[65.1511,56.4263],[64.996,56.5735],[65.0192,56.7006],[64.9515,56.7752],[65.2089,56.8198],[65.278,56.9321],[65.0927,56.9711],[64.8759,57.4865],[65.0114,57.6105],[64.8924,57.6867],[65.412,57.8417],[65.5408,57.7929],[66.2034,58.0634],[66.0383,58.2711],[65.9971,58.5933],[66.8295,58.6585],[66.8222,58.8848],[67.0329,58.9748],[67.1664,58.9154],[67.6346,59.047],[67.7673,59.1562],[68.424,59.2474],[68.6119,59.5442],[68.8737,59.5434],[69.4026,59.7621],[69.2608,59.8659],[69.289,59.9285],[69.5579,59.9557],[69.6884,59.8964]]]}},{"type":"Feature","properties":{"id":80,"name":"Udmurt","neighbors":[7,34,60,73]},"geometry":{"type":"Polygon","coordinates":[[[53.2319,58.4244],[53.7748,58.4901],[53.8882,58.3364],[53.8169,58.2502],[54.1182,57.9897],[54.1927,57.8303],[54.0627,57.5982],[54.2556,57.5038],[54.17,57.3466],[54.3046,57.3254],[54.3069,57.1551],[54.4348,57.0852],[53.8483,56.7658],[53.9447,56.6134],[53.9611,56.6716],[54.1188,56.6852],[54.0928,56.6276],[54.3462,56.4987],[54.4192,56.3425],[53.7979,55.9803],[53.3853,55.8749],[53.259,55.9396],[53.5618,56.146],[53.5689,56.257],[53.3397,56.305],[53.3766,56.1757],[53.3231,56.1376],[53.0295,56.2408],[52.9997,56.4215],[53.1105,56.5347],[53.0653,56.5705],[52.919,56.5088],[52.9541,56.4685],[52.8813,56.3977],[52.571,56.2927],[52.8757,56.1747],[52.7046,56.1476],[52.7384,56.0324],[52.2949,56.1033],[52.2246,56.0371],[52.2585,55.9241],[52.1572,55.8958],[52.0428,55.9663],[51.4296,55.983],[51.6898,56.1649],[51.4268,56.1461],[51.4994,56.2028],[51.3986,56.2447],[51.497,56.3087],[51.1533,56.5107],[51.159,56.6238],[51.3634,56.6727],[51.5315,56.8643],[51.1127,57.2952],[51.2967,57.4611],[51.6118,57.4689],[51.9242,57.7468],[51.8735,57.8725],[51.9494,57.9981],[51.677,58.1919],[51.7962,58.3467],[52.1008,58.4731],[52.8421,58.403],[52.9139,58.5051],[53.1142,58.544],[53.2319,58.4244]]]}},{"type":"Feature","properties":{"id":81,"name":"Ul'yanovsk","neighbors":[15,47,59,67,68,73]},"geometry":{"type":"Polygon","coordinates":[[[49.3032,54.8997],[49.5797,54.5959],[50.0798,54.5337],[50.2408,54.361],[50.1936,54.0926],[49.9287,53.9512],[50.0145,53.8898],[49.9686,53.8602],[49.173,53.8889],[49.2228,53.8433],[49.0275,53.8575],[48.844,53.7082],[48.4741,53.7638],[48.6256,53.6793],[48.336,53.6656],[48.4166,53.5361],[48.3796,53.475],[48.1923,53.5134],[47.9864,53.39],[48.1703,53.2697],[48.204,53.0329],[48.5199,52.9847],[48.5284,52.8894],[48.4363,52.8111],[48.0857,52.7979],[48.0241,52.7215],[47.8481,52.7543],[47.7763,52.5802],[46.8025,52.6419],[46.9845,52.8136],[46.9135,52.9241],[46.9659,53.1602],[46.9201,53.3682],[46.723,53.4863],[46.4911,53.4962],[46.4986,53.6246],[46.1599,53.9495],[45.8486,53.978],[46.0068,54.137],[46.6923,54.3189],[46.6956,54.3986],[46.5654,54.4211],[46.6456,54.4947],[46.4937,54.4909],[46.5757,54.5405],[46.4544,54.5765],[46.5541,54.6242],[46.4805,54.7641],[46.8724,54.6333],[47.2797,54.7233],[47.3947,54.6449],[47.402,54.5264],[47.6022,54.5525],[47.5811,54.6119],[47.7759,54.7612],[47.9107,54.628],[47.9446,54.7279],[48.1114,54.7793],[48.5109,54.6252],[48.7154,54.6259],[49.1307,54.7936],[49.0076,54.8276],[49.3032,54.8997]]]}},{"type":"Feature","properties":{"id":83,"name":"Vladimir","neighbors":[22,49,52,64,88]},"geometry":{"type":"Polygon","coordinates":[[[39.8854,56.765],[39.8223,56.6112],[39.9116,56.607],[40.0067,56.4638],[40.2243,56.4085],[40.3142,56.5099],[40.7231,56.5952],[41.0991,56.4433],[41.2271,56.498],[41.5324,56.4159],[41.9004,56.4972],[41.9338,56.3687],[42.0595,56.3399],[42.2815,56.4563],[42.6788,56.3862],[42.7443,56.2433],[42.9273,56.1596],[42.7182,56.0863],[42.6915,55.9772],[42.4714,55.9098],[42.4246,55.7926],[42.0887,55.6081],[42.1365,55.4089],[41.9801,55.3345],[41.8747,55.1318],[41.4532,55.1094],[41.207,55.2108],[41.1289,55.1174],[40.9971,55.2411],[40.6049,55.1782],[40.5634,55.2995],[40.3575,55.2574],[40.3753,55.3259],[40.2465,55.3131],[40.1681,55.4014],[40.2212,55.4795],[40.0796,55.5076],[40.1148,55.6418],[39.9472,55.7195],[39.9244,55.8161],[39.5193,55.7302],[39.363,55.7583],[39.3666,55.8487],[39.1457,55.8367],[39.0796,55.9327],[38.6307,55.9708],[38.565,56.1977],[38.4404,56.2524],[38.4878,56.3782],[38.321,56.5155],[38.4086,56.5607],[38.3511,56.6784],[38.4328,56.689],[38.6218,56.5472],[38.7826,56.6071],[39.2776,56.5298],[39.3481,56.5433],[39.3994,56.6317],[39.3569,56.6878],[39.4383,56.7606],[39.6353,56.8079],[39.8854,56.765]]]}},{"type":"Feature","properties":{"id":84,"name":"Volgograd","neighbors":[6,25,63,68,86]},"geometry":{"type":"Polygon","coordinates":[[[43.1396,51.1709],[43.507,51.0174],[44.0513,51.1828],[44.0799,51.0865],[44.3346,51.1893],[44.8953,51.1839],[45.1088,51.1201],[45.3599,50.8915],[45.3361,50.7447],[45.2285,50.6847],[45.294,50.5538],[45.7563,50.576],[45.719,50.7258],[45.893,50.7648],[46.1407,50.6507],[46.1694,50.5106],[46.4943,50.54],[46.6737,50.6921],[46.8583,50.6412],[47.0802,50.4606],[47.2202,50.4817],[47.2932,50.3884],[47.4336,50.3966],[47.3022,50.311],[47.3266,50.2425],[47.2609,50.1989],[47.3394,50.1053],[47.2663,50.0076],[46.8929,49.8393],[46.7799,49.3459],[47.0215,49.2089],[47.0389,49.1193],[46.7785,48.9385],[46.6071,48.6558],[46.3819,48.8042],[46.0658,48.8538],[45.5879,48.5693],[45.2648,48.5475],[45.3998,48.4658],[45.1867,48.478],[45.0234,48.304],[45.2938,48.1101],[44.9691,48.1659],[44.9814,48.0832],[44.9176,48.0597],[44.6415,48.0484],[44.6356,48.176],[44.404,48.1896],[44.3488,48.0718],[44.5475,48.0045],[44.5144,47.9565],[44.4024,47.8699],[44.056,47.8839],[44.0576,47.8046],[43.7533,47.6829],[43.7313,47.4698],[43.315,47.4012],[43.223,47.447],[43.2348,47.5301],[43.0115,47.4841],[42.733,47.8636],[42.4695,48.0004],[42.0195,48.0454],[42.0828,48.1747],[42.0329,48.2485],[42.143,48.2832],[42.0851,48.4187],[42.6633,48.5887],[42.8053,48.8559],[42.6662,49.0029],[42.43,49.0362],[42.4576,49.0981],[42.3762,49.1611],[42.0975,49.1604],[42.0839,49.4023],[42.2269,49.6949],[41.9138,49.9025],[41.6693,49.9379],[41.6992,50.0275],[41.4417,50.1869],[41.5635,50.324],[41.5407,50.5169],[41.6303,50.5464],[41.2828,50.7557],[41.8198,50.9774],[41.9788,51.1534],[42.3958,51.1291],[42.9525,51.2534],[43.1396,51.1709]]]}},{"type":"Feature","properties":{"id":85,"name":"Vologda","neighbors":[5,29,34,38,43,54,78,88]},"geometry":{"type":"Polygon","coordinates":[[[37.1165,61.6159],[37.3941,61.5239],[37.7884,61.5504],[37.7681,61.4329],[37.9738,61.1964],[38.2029,61.0893],[38.1472,60.9755],[38.2936,60.9368],[38.3809,60.996],[38.3943,60.8645],[38.679,60.742],[39.1682,60.6858],[39.6233,60.7741],[39.9901,60.6886],[40.3148,60.7197],[40.4383,60.797],[41.1854,60.6756],[41.4327,60.7817],[41.3867,60.8501],[41.5981,60.9237],[41.7659,60.8457],[41.8242,60.9276],[42.3942,60.7691],[42.7139,60.8824],[43.0056,60.7362],[43.1344,60.8265],[43.4725,60.8018],[43.7435,60.9968],[44.01,61.0496],[44.1478,61.0462],[44.2317,60.9571],[45.2044,60.9091],[45.2834,61.2024],[45.8052,61.1678],[45.7368,61.0368],[45.8746,60.9908],[46.3138,60.9725],[46.4578,61.0362],[46.7952,60.9578],[46.7407,60.8966],[46.8139,60.8654],[47.0713,60.8604],[47.0018,60.7601],[47.0694,60.5926],[46.8883,60.4992],[46.8005,60.2748],[46.3295,60.2382],[46.4178,60.1182],[46.7278,60.041],[47.0428,60.1541],[46.8857,59.7951],[47.1074,59.7497],[47.1371,59.664],[47.1232,59.6086],[46.4282,59.5918],[46.3926,59.3698],[46.0582,59.3292],[45.9361,59.1853],[45.3263,59.2221],[45.066,59.1887],[44.9981,59.1198],[44.316,59.1357],[44.1705,59.2228],[43.8019,59.2219],[43.7992,59.2796],[43.551,59.1833],[43.515,59.304],[43.3558,59.2696],[43.3624,59.2172],[43.1621,59.2673],[42.8379,59.1462],[42.6191,59.3261],[42.3209,59.2645],[42.2157,59.4052],[42.075,59.4249],[41.9724,59.2828],[42.1107,59.2349],[42.0946,59.1095],[41.6593,59.0617],[41.3807,58.941],[41.2904,58.9832],[41.2124,58.9163],[41.283,58.8373],[41.1793,58.7863],[41.287,58.72],[41.0372,58.5843],[41.0623,58.5409],[40.8398,58.5138],[40.3224,58.5277],[40.1192,58.5894],[40.1374,58.6627],[39.8407,58.83],[39.018,58.9602],[38.918,58.7296],[37.9687,58.7238],[38.0379,58.6513],[37.9495,58.5824],[37.7455,58.6428],[37.7052,58.4919],[37.0916,58.8428],[36.8418,58.7982],[36.9152,58.7297],[36.7253,58.7057],[36.5535,58.5158],[36.3968,58.5229],[36.1354,58.7186],[35.7619,58.8291],[35.4439,58.8678],[35.3106,58.7699],[35.2911,58.8442],[35.2004,58.8153],[35.2384,58.9576],[34.7922,59.0941],[34.9546,59.2712],[35.0373,59.2233],[35.382,59.3027],[35.5005,59.4384],[35.4183,59.4865],[35.5586,59.5741],[35.553,59.6705],[35.6695,59.6277],[35.6517,59.7152],[35.4335,59.7681],[35.4429,59.9442],[35.5121,59.9865],[35.1738,60.0502],[35.2344,60.118],[35.1437,60.1549],[35.1629,60.269],[35.3422,60.5686],[35.2034,60.7971],[35.5567,60.8882],[35.6002,60.9423],[35.5198,61.0048],[35.6567,61.06],[35.6725,61.2005],[36.464,61.4143],[36.6878,61.5836],[36.8838,61.5479],[37.1165,61.6159]]]}},{"type":"Feature","properties":{"id":86,"name":"Voronezh","neighbors":[8,42,44,63,68,72,84]},"geometry":{"type":"Polygon","coordinates":[[[38.7781,52.0856],[38.9461,52.0831],[39.1041,51.9744],[39.1926,52.082],[39.442,52.0817],[39.5695,52.0465],[39.5936,51.9517],[39.7922,51.9054],[40.1705,51.9526],[40.9679,51.8809],[41.0729,51.6923],[41.4128,51.7701],[42.1993,51.6056],[42.229,51.674],[42.3253,51.6693],[42.4042,51.5714],[42.4853,51.6027],[42.8435,51.4818],[42.9382,51.3907],[42.9525,51.2534],[42.3958,51.1291],[41.9788,51.1534],[41.8198,50.9774],[41.312,50.7844],[41.6303,50.5464],[41.5407,50.5169],[41.5732,50.3583],[41.4195,50.0877],[41.1288,49.903],[40.9813,49.6805],[40.589,49.581],[40.2822,49.6242],[40.2075,49.5626],[40.1319,49.6196],[39.7946,49.5696],[39.6488,49.6332],[39.6125,49.7424],[39.2346,49.8051],[39.3743,49.994],[39.2482,50.1158],[39.2184,50.3372],[39.1377,50.427],[39.2121,50.4879],[39.1704,50.5497],[39.2817,50.5788],[38.9918,50.6743],[38.8207,50.8235],[38.8494,50.906],[38.9855,50.9116],[38.8656,51.0751],[38.7118,51.0119],[38.4918,51.0588],[38.5738,51.211],[38.3697,51.2793],[38.3665,51.4776],[38.2125,51.6353],[38.6274,51.6987],[38.5094,51.7633],[38.4888,51.8988],[38.3404,51.959],[38.7781,52.0856]]]}},{"type":"Feature","properties":{"id":87,"name":"Yamal-Nenets","neighbors":[33,36,51]},"geometry":{"type":"MultiPolygon","coordinates":[[[[72.23458862304688,66.26911926269543],[72.2384872436524,66.2662200927735],[72.25083160400408,66.26655578613304],[72.2341918945312,66.25102996826166],[72.2248840332033,66.25582122802768],[72.21448516845709,66.25691986083996],[72.23458862304688,66.26911926269543]]],[[[72.318588256836,66.3199234008789],[72.31285858154303,66.31663513183605],[72.29319763183594,66.311996459961],[72.28469085693388,66.311996459961],[72.29582977294939,66.32005310058605],[72.3072814941408,66.31961822509788],[72.31328582763678,66.32122039794916],[72.31567382812517,66.32063293457043],[72.318588256836,66.3199234008789]]],[[[72.32653045654314,66.34416961669922],[72.32397460937511,66.3354187011721],[72.31905364990263,66.33071899414074],[72.30066680908209,66.32522583007807],[72.2916870117188,66.32452392578125],[72.27658843994158,66.32642364501953],[72.26961517333996,66.32335662841797],[72.26658630371122,66.322021484375],[72.25758361816412,66.32133483886741],[72.24094390869146,66.3121948242188],[72.23703002929716,66.31185913085949],[72.23778533935575,66.31712341308616],[72.29578399658232,66.34432220459018],[72.30318450927746,66.34422302246116],[72.31122589111357,66.34036254882812],[72.3208312988283,66.34766387939459],[72.32653045654314,66.34416961669922]]],[[[72.39066314697266,66.34471893310547],[72.38636016845732,66.33613586425781],[72.3808822631836,66.33512115478527],[72.37369537353521,66.33719635009811],[72.36513519287115,66.33741760253918],[72.35539245605474,66.33441925048828],[72.34138488769526,66.31581878662115],[72.34618377685564,66.31092071533197],[72.33938598632818,66.3075180053711],[72.32508850097662,66.3078231811528],[72.31028747558622,66.3049240112307],[72.30245971679716,66.30620574951172],[72.3103866577149,66.31092071533197],[72.31083679199247,66.31095123291016],[72.32108306884771,66.31162261962896],[72.33394622802729,66.31969451904291],[72.340385437012,66.33242034912138],[72.35069274902372,66.34230804443382],[72.36008453369135,66.34732055664074],[72.37598419189459,66.3512191772461],[72.38336944580095,66.35011291503929],[72.3852844238283,66.34982299804699],[72.39066314697266,66.34471893310547]]],[[[70.39148712158232,66.34542083740246],[70.38594818115263,66.34452819824219],[70.36174774169916,66.34794616699253],[70.35418701171875,66.35581970214866],[70.3572845458985,66.35922241210938],[70.368881225586,66.36081695556663],[70.37978363037115,66.35822296142572],[70.38674926757812,66.35302734375045],[70.39205932617216,66.35230255126964],[70.39548492431669,66.3497238159182],[70.39148712158232,66.34542083740246]]],[[[72.2472763061524,66.35919189453142],[72.24478149414068,66.35362243652355],[72.2405853271485,66.35172271728527],[72.23398590087919,66.35382080078136],[72.22688293457037,66.34512329101562],[72.22816467285162,66.34085845947277],[72.24155426025396,66.34236145019543],[72.24636077880888,66.33747100830078],[72.2414855957033,66.33572387695307],[72.21741485595697,66.33394622802763],[72.21328735351568,66.33492279052746],[72.21279144287138,66.33548736572277],[72.2083358764649,66.3405532836914],[72.20380401611334,66.34044647216808],[72.20227813720709,66.33605194091842],[72.19802856445318,66.33433532714889],[72.19278717041044,66.33852386474638],[72.19127655029291,66.3439712524414],[72.2118911743164,66.3598327636721],[72.24311065673857,66.36367034912132],[72.2472763061524,66.35919189453142]]],[[[70.98586273193376,66.3646926879884],[70.98048400878935,66.36081695556663],[70.95858764648455,66.3617172241211],[70.96289062500011,66.3655014038086],[70.96773529052751,66.36682128906267],[70.97257995605474,66.36814117431635],[70.98002624511724,66.36794281005871],[70.98586273193376,66.3646926879884]]],[[[70.75814056396501,66.37372589111328],[70.77215576171886,66.36862945556663],[70.73988342285162,66.36872100830072],[70.7409744262697,66.37147521972679],[70.75814056396501,66.37372589111328]]],[[[71.03500366210966,66.36939239501976],[71.01818847656256,66.36791992187511],[71.01438140869146,66.37222290039085],[71.01358032226568,66.37252807617182],[71.00260925292997,66.376724243164],[71.00168609619158,66.38101959228538],[71.01488494873064,66.38861846923828],[71.01798248291021,66.3873214721682],[71.01313781738298,66.3807525634769],[71.03500366210966,66.36939239501976]]],[[[70.09398651123064,66.41101837158214],[70.11118316650408,66.41191864013695],[70.11138153076172,66.41181945800776],[70.11808776855474,66.4085235595706],[70.11003112792986,66.40750122070312],[70.09398651123064,66.41101837158214]]],[[[70.91796875000017,66.43714141845749],[70.89968872070312,66.4344177246096],[70.88418579101562,66.43721771240234],[70.89199829101557,66.44078063964855],[70.90669250488281,66.44155883789074],[70.92530822753912,66.44013977050804],[70.91796875000017,66.43714141845749]]],[[[70.09398651123064,66.41101837158214],[70.08848571777361,66.4114227294923],[70.06418609619169,66.40811920166038],[70.0475540161134,66.40814208984403],[70.02248382568376,66.41902160644577],[70.03083038330072,66.42377471923834],[70.03170776367193,66.42427825927734],[70.03455352783209,66.42983245849632],[70.06248474121088,66.44152069091825],[70.06548309326183,66.44202423095703],[70.07508850097656,66.4434204101563],[70.08528137207037,66.43952178955078],[70.11058807373064,66.43231964111351],[70.12278747558611,66.42501831054688],[70.12348175048857,66.42201995849632],[70.11994171142595,66.42028045654297],[70.10338592529303,66.42031860351585],[70.09957885742193,66.41931915283203],[70.09688568115234,66.41861724853521],[70.09423828125006,66.41166687011719],[70.09398651123064,66.41101837158214]]],[[[71.14528656005854,66.5125198364259],[71.14858245849626,66.5028228759769],[71.13255310058611,66.50521850585943],[71.12328338623053,66.50852203369135],[71.11638641357428,66.51931762695335],[71.12208557128906,66.51952362060553],[71.13588714599621,66.51381683349655],[71.14528656005854,66.5125198364259]]],[[[71.19101715087919,66.5284347534182],[71.17868804931658,66.52832031250011],[71.16750335693365,66.52950286865229],[71.16988372802763,66.53162384033237],[71.18379974365263,66.53248596191412],[71.19483184814482,66.53316497802734],[71.21144104003935,66.53052520751953],[71.20896911621122,66.52861022949219],[71.19101715087919,66.5284347534182]]],[[[71.08318328857428,66.53211975097685],[71.06518554687494,66.53061676025402],[71.03748321533232,66.53382110595709],[71.03418731689459,66.53742218017601],[71.03152465820318,66.54019165039057],[71.03558349609403,66.54536437988281],[71.0735855102539,66.55535888671898],[71.09522247314459,66.55366516113287],[71.10470581054705,66.55255126953136],[71.10498809814464,66.55252075195318],[71.08818817138678,66.54351806640648],[71.08318328857428,66.53211975097685]]],[[[71.17918395996105,66.5745239257812],[71.14708709716803,66.57411956787121],[71.14708709716803,66.57939147949241],[71.15141296386736,66.5806655883789],[71.174613952637,66.57961273193388],[71.18168640136747,66.57642364501947],[71.17918395996105,66.5745239257812]]],[[[71.10678863525408,66.5718231201173],[71.10133361816412,66.56774902343773],[71.08858489990246,66.56912231445341],[71.06778717041021,66.57141876220749],[71.03871917724626,66.57041931152366],[71.02794647216825,66.57233428955101],[71.01768493652338,66.57721710205078],[71.01821899414091,66.58000183105514],[71.0261840820313,66.58302307128929],[71.05218505859403,66.58762359619169],[71.06237792968767,66.58764648437511],[71.07460784912115,66.58766937255871],[71.08071899414068,66.5860519409182],[71.11155700683611,66.58433532714866],[71.11916351318354,66.5821685791019],[71.12442016601568,66.5806655883789],[71.13561248779314,66.57394409179682],[71.12797546386736,66.57208251953125],[71.10678863525408,66.5718231201173]]],[[[71.3575820922851,66.57852172851557],[71.31928253173845,66.57752227783249],[71.31418609619146,66.57991790771484],[71.31818389892584,66.58302307128929],[71.33000183105474,66.58680725097679],[71.34530639648443,66.58775329589866],[71.36402893066435,66.58058166503918],[71.3575820922851,66.57852172851557]]],[[[70.11174774169939,66.55994415283226],[70.10808563232422,66.55863952636764],[70.09757995605463,66.55913543701172],[70.08018493652372,66.56411743164085],[70.05978393554716,66.57642364501947],[70.03641510009783,66.58208465576178],[70.03025054931635,66.58594512939464],[70.03336334228533,66.59616851806663],[70.04222106933622,66.59744262695312],[70.05080413818388,66.59627532959001],[70.08378601074224,66.5835189819336],[70.11350250244146,66.56436157226608],[70.11174774169939,66.55994415283226]]],[[[69.6802,66.5602],[70.0098,66.4834],[69.882,66.4638],[69.5903,66.598],[69.6802,66.5602]]],[[[70.31300354003912,66.58078002929699],[70.31608581542974,66.57212066650413],[70.28898620605474,66.57572174072266],[70.278305053711,66.5791931152346],[70.27368164062517,66.58402252197277],[70.27148437500028,66.59522247314476],[70.27435302734403,66.60485839843767],[70.27458190917963,66.6056213378908],[70.27978515625017,66.6056213378908],[70.28748321533209,66.59761810302768],[70.31300354003912,66.58078002929699]]],[[[69.35678863525408,66.60781860351585],[69.3598861694336,66.6010208129884],[69.3510818481447,66.60152435302757],[69.34216308593756,66.60458374023443],[69.33078002929716,66.61003112792969],[69.33405303955107,66.61272430419922],[69.34574890136736,66.60819244384788],[69.35678863525408,66.60781860351585]]],[[[70.6892,66.6649],[71.0214,66.5499],[70.7191,66.4867],[70.3021,66.6129],[70.6892,66.6649]]],[[[69.3899,66.7056],[69.4447,66.6943],[69.4049,66.6393],[69.3145,66.6763],[69.4125,66.6291],[69.2953,66.6716],[69.3899,66.7056]]],[[[70.6480255126956,66.72196960449236],[70.61951446533209,66.71537780761741],[70.61838531494146,66.71511840820312],[70.59899902343778,66.71321868896484],[70.59889221191423,66.71321105957031],[70.59638214111345,66.71302032470703],[70.5948791503908,66.71614837646507],[70.59402465820341,66.71791839599621],[70.60199737548834,66.72097015380871],[70.61368560791044,66.72052001953148],[70.62148284912138,66.72422027587902],[70.62816619873075,66.72547149658226],[70.6364135742187,66.72705841064499],[70.64861297607416,66.72680664062523],[70.65078735351568,66.72482299804682],[70.6480255126956,66.72196960449236]]],[[[70.59528350830084,66.73712158203148],[70.58888244628935,66.73242187500011],[70.59610748291027,66.73105621337919],[70.62264251709013,66.73386383056663],[70.6223983764649,66.73150634765642],[70.62228393554716,66.73042297363304],[70.58238220214872,66.72292327880876],[70.56528472900408,66.72441864013683],[70.5650939941408,66.72445678710972],[70.53287506103533,66.73070526123058],[70.55368804931658,66.73682403564464],[70.5642852783206,66.7360229492192],[70.58398437500017,66.73841857910156],[70.5843505859375,66.73837280273455],[70.59528350830084,66.73712158203148]]],[[[69.4547882080081,66.72772216796875],[69.46194458007818,66.72299957275413],[69.47058868408232,66.71732330322294],[69.45468139648438,66.71401977539085],[69.4579696655274,66.71074676513672],[69.45253753662126,66.70275115966797],[69.4521789550783,66.70221710205101],[69.43178558349626,66.71302032470703],[69.43378448486357,66.71632385253929],[69.44158172607428,66.71941375732428],[69.43648529052763,66.72122192382812],[69.43168640136747,66.72772216796875],[69.42391967773438,66.72667694091842],[69.41828155517584,66.72592163085949],[69.4090881347658,66.72762298584013],[69.40221405029314,66.73352813720709],[69.43194580078142,66.73894500732439],[69.44422149658209,66.73760986328142],[69.44652557373053,66.73733520507818],[69.44668579101568,66.73731994628929],[69.4524536132813,66.73389434814476],[69.45258331298828,66.73381805419922],[69.4547882080081,66.72772216796875]]],[[[71.6111907958985,66.73564147949264],[71.60900115966814,66.72916412353527],[71.60248565673822,66.73011779785168],[71.59772491455078,66.73361206054722],[71.58578491210943,66.73551940918003],[71.57898712158232,66.74062347412121],[71.58508300781278,66.74488830566406],[71.59432983398455,66.74494171142601],[71.60655212402344,66.74166870117188],[71.6111907958985,66.73564147949264]]],[[[69.45188140869146,66.74851989746094],[69.46239471435575,66.74311828613293],[69.43128204345709,66.7439193725586],[69.43052673339855,66.74394226074219],[69.42491149902361,66.74337005615234],[69.41416931152372,66.7422790527346],[69.39828491210943,66.74291992187511],[69.39118194580084,66.74771881103533],[69.39728546142584,66.75051879882858],[69.40848541259783,66.75192260742222],[69.45188140869146,66.74851989746094]]],[[[70.391,66.7306],[70.5834,66.6852],[70.1705,66.7114],[70.391,66.7306]]],[[[69.6285,66.7494],[70.1724,66.654],[69.8459,66.6186],[69.5891,66.7163],[69.6285,66.7494]]],[[[69.6894,66.6738],[70.1651,66.5426],[70.0573,66.4906],[69.6325,66.5872],[69.4822,66.7517],[69.6894,66.6738]]],[[[69.66578674316423,66.76572418212913],[69.67631530761719,66.76181793212885],[69.67738342285185,66.7614212036134],[69.65338134765642,66.7622222900394],[69.65002441406256,66.76020812988304],[69.6488876342774,66.75952148437511],[69.64881896972673,66.75666809082026],[69.64878845214838,66.7553176879884],[69.64358520507841,66.75172424316423],[69.63908386230486,66.75511932373058],[69.63998413085966,66.7584228515625],[69.63134002685553,66.76422882080084],[69.62778472900419,66.76661682128906],[69.6217880249024,66.76962280273449],[69.6456832885745,66.76903533935558],[69.64628601074247,66.76902008056686],[69.66455841064464,66.76593017578148],[69.66578674316423,66.76572418212913]]],[[[69.9855,66.7422],[70.0889,66.7134],[69.7949,66.7604],[69.9855,66.7422]]],[[[69.70716857910173,66.76288604736351],[69.6986923217774,66.76208496093773],[69.66048431396484,66.77232360839861],[69.60668182373064,66.77371978759788],[69.59975433349638,66.77549743652372],[69.59848785400408,66.77581787109398],[69.60007476806646,66.7765197753908],[69.60730743408209,66.77969360351591],[69.6304473876956,66.78002929687523],[69.66114044189482,66.77605438232428],[69.71466827392584,66.7735519409182],[69.72186279296892,66.77063751220703],[69.70716857910173,66.76288604736351]]],[[[69.2927,66.7967],[69.534,66.7863],[69.293,66.7262],[69.1562,66.7863],[69.2927,66.7967]]],[[[69.5928,66.7958],[69.7003,66.7795],[69.5403,66.8001],[69.5928,66.7958]]],[[[69.76197052001959,66.78312683105497],[69.73155212402372,66.78182983398449],[69.70068359375017,66.78642272949213],[69.68458557128918,66.79842376708996],[69.68363952636747,66.80180358886724],[69.69513702392572,66.8043594360351],[69.71077728271479,66.80249786376953],[69.7312850952149,66.79562377929688],[69.74498748779303,66.78812408447277],[69.76197052001959,66.78312683105497]]],[[[69.18488311767607,66.80532073974626],[69.16708374023443,66.79852294921898],[69.16228485107422,66.79901885986322],[69.1428833007813,66.80751800537132],[69.1496887207033,66.80831909179699],[69.18488311767607,66.80532073974626]]],[[[71.54668426513678,66.7983169555664],[71.54348754882824,66.79692077636713],[71.53642272949224,66.80300140380871],[71.53198242187506,66.80682373046886],[71.52878570556646,66.80951690673845],[71.52658843994158,66.81501770019543],[71.52626800537115,66.81578826904308],[71.52541351318388,66.8178329467774],[71.53485870361334,66.81697082519531],[71.54208374023438,66.80962371826178],[71.54166412353533,66.804672241211],[71.54158782959013,66.80371856689459],[71.54668426513678,66.7983169555664]]],[[[69.2076,66.8346],[69.6388,66.7992],[69.0751,66.822],[69.2076,66.8346]]],[[[71.503,66.8773],[71.5968,66.8232],[71.4962,66.8302],[71.627,66.7112],[71.5984,66.6363],[71.026,66.5892],[70.6283,66.683],[71.0083,66.6463],[70.7362,66.7183],[70.8752,66.8041],[71.503,66.8773]]],[[[71.38984680175798,66.86857604980497],[71.38108825683611,66.86772155761719],[71.3595581054688,66.86794281005882],[71.35448455810575,66.86981964111328],[71.3689651489259,66.87893676757807],[71.37405395507818,66.88214111328136],[71.38488769531267,66.88612365722685],[71.40103912353544,66.88720703125023],[71.41178131103533,66.88792419433594],[71.4288864135745,66.88712310791027],[71.4521865844726,66.88391876220703],[71.45748138427763,66.88092041015648],[71.45438385009771,66.87872314453136],[71.4300842285158,66.87252044677757],[71.38984680175798,66.86857604980497]]],[[[71.65378570556635,66.8970184326173],[71.64298248291016,66.895523071289],[71.639457702637,66.89585113525419],[71.62468719482428,66.89721679687511],[71.61948394775408,66.89962005615257],[71.62358856201178,66.90271759033232],[71.64578247070307,66.90502166748058],[71.6552352905274,66.90211486816429],[71.65878295898455,66.90102386474621],[71.65858459472673,66.90086364746088],[71.65378570556635,66.8970184326173]]],[[[77.68399810791021,67.44144439697266],[77.66728210449213,67.43881988525413],[77.66208648681669,67.44212341308639],[77.66341400146513,67.44480895996105],[77.67794799804716,67.44994354248092],[77.6817855834961,67.4565200805664],[77.68918609619169,67.45992279052751],[77.69888305664074,67.45362091064447],[77.69694519042974,67.45024871826172],[77.68910980224615,67.44802856445341],[77.68399810791021,67.44144439697266]]],[[[77.83448791503912,67.4068222045899],[77.8284988403322,67.40669250488276],[77.80498504638666,67.41941833496122],[77.78121948242193,67.43641662597668],[77.77877807617193,67.43814086914074],[77.77388763427763,67.44571685791038],[77.777885437012,67.45391845703148],[77.78988647460966,67.46542358398449],[77.82088470458984,67.47702026367216],[77.82608795166021,67.47512054443405],[77.8333358764649,67.46708679199224],[77.82568359375006,67.45912170410168],[77.85341644287138,67.41672515869163],[77.84838867187506,67.4119720458985],[77.83448791503912,67.4068222045899]]],[[[77.8747,67.5013],[77.8296,67.4933],[77.9566,67.5247],[77.8747,67.5013]]],[[[77.7356,67.4613],[77.7399,67.5276],[77.8645,67.5377],[77.7356,67.4613]]],[[[79.08708190917997,67.52132415771479],[79.08327484130888,67.51958465576183],[79.04148864746122,67.53532409667991],[79.02094268798845,67.54869079589866],[79.02549743652338,67.55202484130871],[79.03569793701178,67.55255889892624],[79.04485321044928,67.54827117919922],[79.0532836914063,67.54431915283226],[79.06378173828136,67.54232025146501],[79.08388519287126,67.53031921386719],[79.08708190917997,67.52132415771479]]],[[[78.73175048828153,67.51784515380905],[78.72478485107428,67.50952148437534],[78.7184829711914,67.51161956787143],[78.70381164550787,67.51645660400413],[78.69535827636736,67.51924896240268],[78.68688964843761,67.52416992187511],[78.65897369384766,67.53116607666038],[78.64228057861357,67.53733062744152],[78.63268280029303,67.54952239990246],[78.63422393798834,67.55319213867205],[78.65233612060553,67.55522155761747],[78.68980407714838,67.54808044433594],[78.71988677978527,67.53852081298828],[78.73168182373053,67.53151702880882],[78.73758697509771,67.52481842041016],[78.73175048828153,67.51784515380905]]],[[[78.64408874511736,67.52501678466797],[78.64033508300787,67.52322387695324],[78.59788513183594,67.5345230102539],[78.57018280029325,67.54472351074224],[78.56998443603544,67.544906616211],[78.56008148193388,67.55402374267601],[78.58318328857416,67.5562210083009],[78.6266860961914,67.53642272949219],[78.64408874511736,67.52501678466797]]],[[[78.73449707031267,67.54766845703159],[78.72788238525396,67.54682159423834],[78.7009887695313,67.55252075195335],[78.6902923583985,67.55758666992222],[78.68958282470732,67.55792236328136],[78.68939208984403,67.56199645996094],[78.72138214111334,67.5658187866211],[78.73188781738287,67.56961822509766],[78.73958587646479,67.56902313232439],[78.74095153808611,67.56851196289085],[78.74598693847662,67.5666198730471],[78.7444458007813,67.55755615234386],[78.74083709716803,67.55122375488327],[78.73449707031267,67.54766845703159]]],[[[78.9579391479495,67.55271911621116],[78.95628356933611,67.55181884765636],[78.9452056884765,67.55520629882818],[78.93199920654325,67.5592498779298],[78.91658782958979,67.55992126464844],[78.89963531494158,67.5657424926759],[78.8865814208985,67.57022094726562],[78.88452911376982,67.57321929931658],[78.88978576660162,67.57791900634794],[78.89331817626947,67.5789794921875],[78.89908599853533,67.58071899414085],[78.92418670654325,67.58132171630882],[78.9362869262697,67.57672119140648],[78.9626922607423,67.57244110107416],[78.96878051757818,67.56803131103527],[78.97052764892607,67.56227874755888],[78.96768188476591,67.55802154541038],[78.9579391479495,67.55271911621116]]],[[[78.83508300781256,67.57441711425781],[78.82527923584001,67.57186126708996],[78.80383300781278,67.57241821289074],[78.78997039794939,67.57716369628952],[78.78341674804716,67.58296966552734],[78.78328704834001,67.58751678466791],[78.78698730468756,67.58841705322311],[78.80818176269537,67.58582305908203],[78.83508300781256,67.57441711425781]]],[[[67.299,68.814],[67.4145,68.7598],[67.1492,68.8006],[67.299,68.814]]],[[[65.73168182373064,69.0971221923831],[65.72848510742188,69.09322357177734],[65.70594787597673,69.10092926025396],[65.71398162841814,69.10301971435553],[65.73658752441435,69.10041809082026],[65.74008178710955,69.09858703613304],[65.73168182373064,69.0971221923831]]],[[[67.28002929687528,69.39430236816418],[67.1925888061524,69.36322021484386],[67.18618774414091,69.36451721191412],[67.192886352539,69.37181854248058],[67.1847534179688,69.37249755859398],[67.22799682617205,69.3936691284182],[67.24458312988281,69.39772033691435],[67.27108764648432,69.4001235961914],[67.29638671875006,69.4051208496096],[67.30068206787126,69.40271759033214],[67.28002929687528,69.39430236816418]]],[[[67.0458,69.4294],[67.3262,69.4276],[67.1631,69.3483],[66.9573,69.4235],[67.0458,69.4294]]],[[[67.60888671875,69.47747039794933],[67.62144470214872,69.47555541992199],[67.62255859375028,69.4728622436524],[67.61508178710943,69.47222137451172],[67.60588836669922,69.47451782226562],[67.59498596191423,69.47312164306635],[67.58338165283203,69.47412109375],[67.5836715698245,69.47421264648483],[67.5926818847658,69.47711944580072],[67.59674835205084,69.47663879394554],[67.60888671875,69.47747039794933]]],[[[66.9753875732423,69.47952270507835],[66.96358489990263,69.47942352294939],[66.9569473266601,69.48110961914074],[66.95246887207037,69.48686218261736],[66.96908569335943,69.49832153320312],[66.97483062744169,69.50027465820335],[66.9966812133789,69.50141906738304],[67.011283874512,69.50711822509766],[67.01908874511747,69.50431823730491],[67.01598358154303,69.5009231567384],[66.98568725585949,69.48291778564476],[66.9753875732423,69.47952270507835]]],[[[67.356,69.5768],[67.3941,69.5251],[67.3136,69.4419],[67.0359,69.4747],[67.356,69.5768]]],[[[66.55958557128918,70.59447479248047],[66.54188537597685,70.59381866455107],[66.53348541259794,70.59542083740268],[66.5062561035158,70.59651947021496],[66.51208496093756,70.6023178100586],[66.55888366699213,70.6060180664063],[66.56285858154325,70.60248565673828],[66.56608581542997,70.59961700439487],[66.55958557128918,70.59447479248047]]],[[[67.37998199462919,70.667518615723],[67.3635864257812,70.66931915283226],[67.33768463134783,70.6837234497072],[67.3384857177735,70.68652343750045],[67.34989166259783,70.68758392333984],[67.35919189453153,70.68844604492199],[67.3688583374024,70.68705749511741],[67.37503051757807,70.68252563476574],[67.38539123535173,70.67958068847656],[67.37998199462919,70.667518615723]]],[[[67.37119293212919,70.6943054199221],[67.36428833007818,70.69261932373075],[67.35038757324247,70.69422149658237],[67.34566497802729,70.69697570800804],[67.353080749512,70.70216369628952],[67.38796997070341,70.7066421508789],[67.37119293212919,70.6943054199221]]],[[[66.5484,70.8353],[66.4718,70.8271],[66.5578,70.9252],[66.6203,70.9068],[66.5484,70.8353]]],[[[66.6375,70.9308],[66.5652,70.9445],[66.7113,70.9689],[66.6375,70.9308]]],[[[66.8317,70.9843],[66.6675,71.03],[66.8082,71.0863],[66.8317,70.9843]]],[[[75.61748504638689,72.21961975097679],[75.59999847412115,72.21538543701195],[75.59508514404325,72.21862030029297],[75.6251831054688,72.22611999511724],[75.61748504638689,72.21961975097679]]],[[[75.68718719482428,72.20242309570335],[75.6641387939456,72.20138549804682],[75.65968322753912,72.20971679687506],[75.67338562011736,72.21501922607445],[75.6891403198245,72.22689056396513],[75.69252777099615,72.22944641113315],[75.7008361816408,72.22924804687517],[75.70084381103533,72.22914123535179],[75.70238494873064,72.20941925048862],[75.68718719482428,72.20242309570335]]],[[[75.6407775878908,72.2100524902346],[75.63448333740251,72.20982360839844],[75.64065551757818,72.21754455566435],[75.64718627929716,72.22572326660179],[75.65848541259783,72.23191833496111],[75.67508697509783,72.23602294921898],[75.68298339843756,72.23532104492199],[75.67250823974615,72.22369384765636],[75.66838836669922,72.21912384033197],[75.6407775878908,72.2100524902346]]],[[[77.27798461914057,72.22472381591797],[77.21236419677763,72.22413635253906],[77.19278717041033,72.22631835937528],[77.18858337402361,72.22932434082054],[77.19677734375017,72.2314147949221],[77.28186035156267,72.23955535888706],[77.2933883666995,72.23950195312511],[77.29928588867193,72.2375183105471],[77.29875183105497,72.23286437988276],[77.29113769531278,72.22808074951183],[77.27798461914057,72.22472381591797]]],[[[76.9138,72.2423],[76.9517,72.1596],[76.8669,72.2165],[76.9138,72.2423]]],[[[77.03244781494146,72.22186279296875],[77.01828765869146,72.22071838378906],[76.99549865722685,72.22200012207048],[76.97218322753918,72.23271942138672],[76.97299957275385,72.2385864257812],[76.98488616943376,72.24391937255854],[77.01078796386736,72.24601745605463],[77.02908325195307,72.24321746826172],[77.03178405761736,72.24111938476562],[77.01758575439482,72.23492431640636],[77.04088592529325,72.22846984863276],[77.04225158691406,72.22575378418014],[77.03244781494146,72.22186279296875]]],[[[77.02549743652361,72.26430511474621],[77.02008819580107,72.26261901855463],[77.00468444824236,72.26351928710983],[76.98960876464844,72.25986480712913],[76.96388244628923,72.2646179199221],[76.96048736572271,72.26852416992182],[76.96848297119158,72.27211761474621],[77.02298736572266,72.266616821289],[77.02549743652361,72.26430511474621]]],[[[78.59227752685553,72.27588653564476],[78.58588409423845,72.27581787109375],[78.57768249511736,72.28611755371094],[78.58038330078142,72.28871917724621],[78.58698272705107,72.28902435302757],[78.59608459472662,72.278823852539],[78.59227752685553,72.27588653564476]]],[[[78.02613830566412,72.33647155761719],[78.02008819580107,72.33512115478516],[77.9860000610351,72.33538818359398],[77.97828674316412,72.33702087402378],[77.97948455810575,72.33982086181652],[77.99478149414062,72.34031677246116],[78.00538635253912,72.34311676025408],[78.01648712158232,72.34401702880871],[78.02558135986334,72.33982086181652],[78.02613830566412,72.33647155761719]]],[[[78.4278,72.376],[78.412,72.3206],[78.2784,72.3527],[78.4278,72.376]]],[[[75.66066741943365,72.49722290039057],[75.62768554687506,72.4970169067384],[75.62302398681658,72.50061035156261],[75.62988281250017,72.5031204223634],[75.64966583251982,72.50347137451183],[75.6770858764649,72.50722503662132],[75.6726913452149,72.50216674804699],[75.66066741943365,72.49722290039057]]],[[[78.3407,72.4601],[78.3166,72.3947],[78.3276,72.4573],[78.2097,72.442],[77.8017,72.2852],[76.8476,72.3023],[77.6142,72.6028],[78.1655,72.5595],[78.3407,72.4601]]],[[[72.80968475341814,72.59771728515636],[72.80498504638678,72.59761810302757],[72.79578399658203,72.60562133789062],[72.8017196655274,72.6108093261721],[72.80844116210949,72.61155700683616],[72.8160247802735,72.61013793945307],[72.81547546386724,72.60600280761719],[72.80968475341814,72.59771728515636]]],[[[72.79483032226562,72.6142501831057],[72.78069305419939,72.6095581054687],[72.77146911621122,72.60966491699241],[72.76838684082043,72.61194610595726],[72.77161407470709,72.61544799804699],[72.79708099365251,72.62083435058628],[72.80041503906256,72.61783599853538],[72.79483032226562,72.6142501831057]]],[[[72.75273895263678,72.67020416259777],[72.74108123779303,72.67008209228516],[72.73683166503923,72.67405700683594],[72.74452972412115,72.67613983154314],[72.77700805664091,72.67591857910168],[72.77018737792986,72.67272186279297],[72.75438690185564,72.67021942138666],[72.75273895263678,72.67020416259777]]],[[[72.9125,72.575],[72.8036,72.6771],[72.9241,72.658],[72.8603,72.6125],[72.9125,72.575]]],[[[74.69689178466803,72.83911132812523],[74.67996978759794,72.83680725097679],[74.66908264160185,72.83992004394577],[74.66891479492216,72.84461212158203],[74.6930541992188,72.85763549804693],[74.70513916015653,72.85983276367188],[74.7212219238283,72.85913848876976],[74.7203903198245,72.85522460937494],[74.69689178466803,72.83911132812523]]],[[[74.83988189697283,72.85981750488298],[74.8319854736331,72.85981750488298],[74.82488250732428,72.86182403564476],[74.8228836059572,72.86711883544922],[74.82738494873075,72.87052154541016],[74.84168243408232,72.87162017822277],[74.84628295898466,72.87032318115234],[74.84638214111334,72.86282348632824],[74.83988189697283,72.85981750488298]]],[[[69.81027984619152,72.90347290039074],[69.79830932617216,72.90149688720726],[69.78138732910173,72.90502929687534],[69.77538299560575,72.90852355957054],[69.77898406982428,72.91091918945307],[69.79208374023455,72.91052246093761],[69.81027984619152,72.90347290039074]]],[[[74.74828338623047,72.909423828125],[74.73948669433622,72.90752410888672],[74.73238372802746,72.90842437744152],[74.72924804687517,72.9142761230471],[74.74058532714855,72.91931915283197],[74.74806976318388,72.9197082519533],[74.752182006836,72.919921875],[74.74828338623047,72.909423828125]]],[[[74.71444702148443,72.91480255126953],[74.70908355712896,72.91442108154297],[74.70878601074213,72.92041778564464],[74.72128295898443,72.92681884765625],[74.72360992431652,72.92725372314459],[74.73733520507818,72.92986297607422],[74.74427795410156,72.92961120605463],[74.74418640136724,72.92562103271501],[74.72458648681669,72.92116546630888],[74.71444702148443,72.91480255126953]]],[[[74.67328643798857,72.93321990966808],[74.66368865966803,72.93321990966808],[74.66098785400396,72.93672180175781],[74.66478729248064,72.9395217895509],[74.68344116210955,72.94469451904314],[74.695610046387,72.94594573974615],[74.69755554199236,72.94347381591803],[74.67328643798857,72.93321990966808]]],[[[67.38,70.6675],[67.2761,70.8238],[66.7117,70.7482],[66.7318,70.8112],[66.6427,70.855],[66.9942,71.0604],[66.7671,71.1006],[66.9598,71.2629],[67.9538,71.5058],[68.4465,71.7681],[68.6446,72.0847],[68.7295,72.1015],[68.667,72.1187],[68.8178,72.2962],[68.765,72.3012],[68.8122,72.4415],[68.925,72.6304],[69.0081,72.6308],[68.9355,72.6562],[69.3389,72.9355],[69.7733,72.9159],[69.5206,72.8748],[69.5959,72.8499],[71.5557,72.8849],[72.8257,72.6915],[72.6744,72.6918],[72.7874,72.6282],[72.6764,72.5909],[72.7721,72.493],[72.5968,72.4913],[72.7764,72.4825],[72.8212,72.2643],[72.5686,72.0572],[72.5034,71.8969],[72.3491,71.8613],[72.3357,71.7065],[71.8343,71.4798],[72.0422,71.2864],[72.6251,71.1217],[72.5904,70.997],[72.8322,70.8599],[72.7062,70.5763],[72.7608,70.3873],[72.3822,70.2916],[72.5776,70.1443],[72.4877,69.9933],[72.6815,69.8],[72.5182,69.6313],[72.6949,69.4645],[72.5105,69.4308],[72.643,69.2844],[72.5115,69.2046],[72.4873,69.0917],[72.6517,68.8729],[73.4747,68.5771],[73.6043,68.4574],[73.5775,68.404],[73.5747,68.4708],[73.4645,68.4498],[73.4261,68.3664],[73.0938,68.2126],[73.0427,68.0787],[73.2155,67.9022],[73.0851,67.7952],[73.131,67.7015],[72.6037,67.5775],[72.4262,67.4487],[72.4642,67.3777],[72.4034,67.3056],[72.1481,67.2849],[72.2297,67.1289],[71.9237,67.111],[72.0612,67.0381],[71.819,66.9494],[71.8318,66.8844],[71.4028,66.9684],[71.3288,66.9429],[71.4859,66.8987],[70.5074,66.7296],[70.1157,66.7354],[69.9467,66.8571],[69.6915,66.8069],[69.1221,66.9135],[68.7754,66.8708],[69.0971,66.8561],[68.9307,66.7706],[69.1773,66.7544],[69.1318,66.6163],[69.2032,66.5748],[69.9492,66.3887],[70.3907,66.3204],[71.4194,66.3361],[72.1043,66.2228],[72.4307,66.3469],[72.3214,66.4822],[72.4012,66.4841],[72.3221,66.4953],[72.4979,66.5914],[72.9257,66.6394],[73.8723,66.9871],[73.9671,67.1858],[73.9337,67.2881],[74.1526,67.4442],[74.7276,67.668],[74.7977,68.0281],[74.6469,68.2121],[74.3122,68.3702],[74.4609,68.4963],[74.4848,68.7132],[76.087,68.9892],[76.5548,68.9878],[76.6555,68.8548],[76.6122,68.7538],[77.3126,68.4906],[77.207,68.4725],[77.2506,68.3772],[77.1212,68.2923],[77.3131,68.2412],[77.1844,68.1085],[77.1879,67.9427],[77.273,67.8846],[77.0436,67.7865],[77.6813,67.5776],[77.6034,67.3272],[77.717,67.4378],[77.9131,67.3622],[77.8576,67.475],[77.982,67.5135],[78.5027,67.5506],[79.6452,67.1548],[80.0085,67.1251],[79.6815,67.1579],[78.9005,67.3975],[78.7463,67.5046],[78.7735,67.5614],[79.2511,67.4635],[79.5043,67.354],[79.5217,67.279],[79.5416,67.3313],[78.8416,67.6309],[78.5673,67.5842],[78.4659,67.6059],[78.6081,67.6503],[78.0912,67.6321],[77.8453,67.6624],[77.9615,67.6975],[77.7634,67.7578],[77.6434,67.7083],[77.4561,67.7485],[77.446,67.8587],[77.5844,67.9177],[77.4856,67.9681],[77.4778,68.1136],[77.7167,68.222],[78.1492,68.2606],[77.8568,68.4557],[77.9318,68.4924],[77.7672,68.5335],[77.7501,68.7166],[77.6054,68.9053],[75.9638,69.2571],[75.5135,69.2652],[75.1643,69.1193],[74.7933,69.1008],[74.3101,69.1475],[73.9628,69.0834],[73.8043,69.1564],[73.9101,69.4262],[73.6064,69.6356],[73.5443,69.7656],[73.7565,69.9476],[73.7977,70.0608],[73.6937,70.1065],[74.2041,70.4018],[74.3116,70.5947],[73.906,70.8492],[73.9271,70.9441],[73.7381,71.0244],[73.5891,71.1895],[72.9886,71.3992],[73.4938,71.639],[73.5285,71.7955],[74.5283,71.9875],[74.9943,72.1714],[75.0735,72.287],[75.0652,72.4362],[74.9659,72.6374],[74.7676,72.7998],[74.9856,72.8679],[75.4254,72.7541],[75.4712,72.7293],[75.2899,72.6942],[75.6328,72.5346],[75.4761,72.4855],[75.6807,72.2616],[75.5085,72.1986],[75.3718,72.0171],[75.424,71.9796],[75.2535,71.9342],[75.2213,71.8269],[75.2639,71.7203],[75.4581,71.6444],[75.4051,71.5795],[75.4922,71.5151],[75.2024,71.4141],[75.3921,71.2887],[75.7968,71.2114],[77.7761,71.1106],[77.9204,70.9572],[78.3936,70.8938],[78.4334,70.999],[78.2199,71.103],[78.2769,71.2386],[77.9306,71.2296],[77.9608,71.3315],[77.8829,71.3379],[77.7099,71.2572],[77.3726,71.3021],[77.1435,71.4105],[76.3297,71.5614],[76.3041,71.6574],[75.9928,71.8779],[76.4732,72.0224],[76.8855,72.0555],[77.6016,71.8167],[78.1093,71.8616],[78.2471,71.9511],[78.0399,72.0891],[77.3921,72.0835],[77.5097,72.1797],[77.4528,72.2092],[77.6838,72.188],[78.077,72.3529],[78.6052,72.2739],[78.4143,72.332],[78.5309,72.3724],[78.7207,72.2658],[78.7038,72.209],[79.0047,72.1132],[79.2963,72.0456],[79.8236,72.0507],[80.4354,71.9217],[80.4984,71.8705],[80.2535,71.825],[80.0369,71.6304],[79.4478,71.598],[79.4672,71.5008],[79.3295,71.4182],[79.4012,71.3141],[79.9523,71.1327],[80.7174,70.997],[80.7464,70.8692],[80.8537,70.7935],[80.7671,70.6927],[80.9412,70.6279],[80.7752,70.4749],[80.9441,70.3974],[80.2811,70.3988],[79.6288,70.0989],[79.464,70.1432],[79.4095,70.0515],[78.9989,69.8693],[79.1516,69.7356],[79.1172,69.6507],[79.513,69.6209],[79.7019,69.4004],[80.007,69.3044],[80.7054,69.2806],[81.1545,69.1876],[81.6267,69.2347],[81.7942,69.417],[82.0788,69.3431],[81.9471,69.1773],[82.5208,69.1018],[82.4327,69.0298],[82.945,68.6055],[82.7212,68.5506],[82.7611,68.2607],[82.4234,68.0673],[82.4089,67.9245],[81.7843,67.8831],[82.0947,67.7096],[82.1371,67.6075],[82.415,67.4994],[82.3403,67.3983],[82.3634,67.2878],[82.1747,67.2007],[83.2396,66.7841],[83.3521,66.6515],[83.1174,66.455],[83.6047,66.1426],[83.3717,66.014],[83.5399,65.8951],[83.5731,65.7866],[84.3113,65.6575],[84.3581,65.6109],[84.179,65.567],[84.5838,65.4472],[84.6534,65.2691],[84.3387,65.105],[84.4495,64.9943],[84.3824,64.9327],[85.0761,64.9231],[85.0175,64.8488],[85.2551,64.7798],[85.5627,64.8367],[85.8554,64.7564],[85.9214,64.5718],[85.8185,64.492],[85.9656,64.2658],[85.9614,64.0516],[85.3565,63.8379],[85.3146,63.6676],[85.122,63.5787],[85.4558,63.3697],[85.6113,63.3609],[85.5344,63.1704],[85.6163,63.0755],[85.5087,62.9227],[85.0431,62.6684],[84.9179,62.4466],[84.5145,62.1781],[83.9241,62.5172],[83.2242,62.489],[83.076,62.6053],[82.7977,62.6458],[82.7917,62.7568],[82.1283,62.8223],[81.9314,62.6956],[81.757,62.7108],[81.6179,62.8069],[81.3499,62.8359],[81.3376,62.9183],[80.9525,63.1376],[80.6514,63.0846],[80.6052,62.9883],[80.2291,62.8451],[79.9628,62.814],[79.8384,62.5889],[78.7998,62.6088],[78.0494,62.5215],[77.2408,62.7896],[76.9661,63.0027],[76.7412,63.0377],[76.3363,62.9705],[75.7993,63.1212],[74.5311,63.0327],[74.1719,63.1781],[73.531,63.1788],[73.1524,63.4114],[72.9898,63.4174],[72.7483,63.2907],[72.2197,63.2954],[71.6789,63.1968],[71.5572,63.5686],[71.3595,63.6882],[70.9362,63.6937],[70.6518,64.0051],[70.8133,64.0885],[70.8001,64.1447],[70.3361,64.3325],[69.8775,64.3019],[69.83,64.3595],[69.1201,64.4256],[68.9519,64.4023],[69.047,64.3183],[68.9478,64.1696],[68.5133,64.2723],[67.8074,64.0283],[67.7374,64.0851],[67.2807,64.0567],[67.2282,64.1291],[66.8786,64.2025],[66.8399,64.2558],[66.957,64.413],[66.8251,64.5072],[66.4027,64.4499],[66.1791,64.5268],[65.5588,64.4949],[64.102,64.3548],[63.6838,64.2537],[63.5082,64.3209],[63.4345,64.4415],[62.5921,64.5572],[62.5619,64.6088],[62.8742,64.7726],[62.7423,64.906],[62.8183,64.9822],[62.8746,65.2906],[62.4578,65.4021],[62.3011,65.6031],[62.0625,65.7016],[62.7754,65.8558],[62.8965,65.9648],[62.8348,66.022],[63.0644,66.1856],[63.3236,66.2289],[63.2403,66.3233],[63.3942,66.4553],[65.1189,66.9011],[65.0542,67.0696],[66.1368,67.4523],[66.0638,67.5608],[65.8246,67.5951],[66.2665,67.6706],[66.0257,67.8074],[66.1284,67.8972],[66.0702,67.9472],[65.5747,67.9065],[65.3811,67.9744],[65.3333,68.2846],[65.7112,68.5304],[65.572,68.6503],[65.6174,68.704],[65.4439,68.7847],[64.6464,68.9025],[64.6839,68.9304],[64.5999,69.0082],[64.7951,69.0754],[64.7535,69.1328],[64.831,69.2177],[65.102,69.2545],[66.1641,69.0804],[66.566,68.9091],[66.1692,69.0639],[65.569,69.1314],[67.1666,68.8154],[67.0777,68.757],[67.8456,68.4707],[67.7236,68.4881],[67.7984,68.4268],[68.2292,68.3603],[68.2768,68.3125],[68.1787,68.278],[68.3033,68.1878],[68.2554,68.1367],[68.6074,68.2522],[68.5361,68.2689],[68.618,68.3049],[68.5995,68.3605],[69.1309,68.8098],[68.9728,68.8806],[69.0594,68.9362],[68.7575,68.9016],[68.4859,68.9677],[68.1158,69.2211],[68.0252,69.3373],[68.1217,69.3727],[68.1575,69.5183],[67.983,69.4693],[67.0458,69.6911],[66.8763,69.6158],[67.0031,69.5244],[66.846,69.5549],[66.8273,69.8446],[66.9555,70.0227],[67.0319,70.0115],[66.9679,69.9623],[67.1158,69.9437],[67.4358,70.0238],[67.2524,70.2113],[67.1279,70.2116],[67.362,70.4465],[67.2086,70.5282],[67.38,70.6675]]],[[[74.67008209228516,72.95362091064464],[74.63868713378912,72.94132232666038],[74.63483428955095,72.94452667236328],[74.6594848632813,72.95622253417991],[74.67048645019548,72.95712280273438],[74.67008209228516,72.95362091064464]]],[[[71.78368377685541,73.04882049560541],[71.77868652343778,73.04721832275413],[71.77041625976568,73.04907989501953],[71.7653884887697,73.05951690673845],[71.7697830200197,73.06282043457054],[71.77848815917997,73.06272125244152],[71.78761291503912,73.05599975585943],[71.78368377685541,73.04882049560541]]],[[[71.6808624267581,73.08110809326172],[71.65568542480497,73.07041931152344],[71.65555572509783,73.07880401611328],[71.67774963378912,73.08244323730469],[71.6808624267581,73.08110809326172]]],[[[71.72448730468756,73.08592224121116],[71.74148559570341,73.08402252197288],[71.75804901123053,73.08441925048834],[71.74565887451178,73.07805633544922],[71.74558258056658,73.07801818847673],[71.74691772460955,73.07293701171898],[71.74716949462896,73.07191467285173],[71.7083816528322,73.06221771240234],[71.69548797607428,73.06201934814453],[71.68885803222685,73.06400299072288],[71.68268585205084,73.07032012939482],[71.71098327636747,73.08341979980491],[71.72448730468756,73.08592224121116]]],[[[74.6778,73.0919],[74.8904,73.0379],[74.7,73.0674],[74.6059,72.9317],[74.6733,72.8703],[74.599,72.8432],[74.0742,72.9873],[74.3038,73.1089],[74.6778,73.0919]]],[[[71.59400177001959,73.14258575439476],[71.57908630371094,73.14031982421903],[71.55811309814459,73.14128112793014],[71.55308532714838,73.14452362060592],[71.56241607666044,73.14800262451166],[71.56930541992188,73.14839172363276],[71.57897186279325,73.14894104003918],[71.58760070800776,73.14826965332054],[71.59718322753923,73.14752197265648],[71.59868621826189,73.14482116699219],[71.59400177001959,73.14258575439476]]],[[[71.5260314941408,73.15088653564487],[71.5132827758789,73.1497192382812],[71.49588775634783,73.15110778808594],[71.49188232421892,73.15361785888695],[71.49528503417963,73.15651702880865],[71.51628875732439,73.1581192016601],[71.53038787841791,73.15641784668003],[71.53263854980497,73.15374755859409],[71.5260314941408,73.15088653564487]]],[[[76.68905639648455,73.1334152221682],[76.68058776855497,73.12802124023438],[76.67298126220697,73.12592315673828],[76.63172149658214,73.12269592285156],[76.57191467285173,73.12464141845726],[76.56116485595732,73.12786102294945],[76.5404891967774,73.12577056884788],[76.53998565673857,73.12571716308594],[76.5395278930664,73.12571716308594],[76.49889373779314,73.12571716308594],[76.49663543701178,73.12572479248047],[76.47780609130888,73.12294769287115],[76.44144439697283,73.12397003173822],[76.4021377563476,73.12872314453136],[76.39833068847656,73.12808990478538],[76.3905868530274,73.12680816650402],[76.33225250244146,73.12858581542969],[76.19802856445341,73.14736175537115],[76.17344665527338,73.15233612060575],[76.12008666992205,73.1772232055664],[76.10986328125006,73.18814086914085],[76.10997009277361,73.19355773925793],[76.11624908447283,73.19683074951166],[76.1306915283206,73.19924926757818],[76.15783691406267,73.20044708251964],[76.20260620117216,73.19973754882812],[76.20355224609403,73.19972229003906],[76.22274780273443,73.19586181640636],[76.37341308593756,73.18902587890642],[76.41308593750006,73.18189239501959],[76.47148132324224,73.17912292480469],[76.51577758789091,73.1751632690432],[76.57553100585955,73.1703872680664],[76.5914840698245,73.16751861572266],[76.61578369140642,73.16651916503923],[76.62718200683622,73.1622238159182],[76.6456146240235,73.16194152832048],[76.65644073486345,73.15966796875],[76.69561004638678,73.13855743408226],[76.69602966308622,73.13475036621116],[76.68905639648455,73.1334152221682]]],[[[75.97269439697271,73.14477539062517],[75.96838378906278,73.1427230834961],[75.95918273925787,73.14411926269537],[75.95849609375,73.14459228515659],[75.94718170166044,73.15242004394531],[75.94665527343744,73.1535873413086],[75.9434204101562,73.16069793701195],[75.94572448730486,73.16944122314476],[75.96148681640653,73.1974182128908],[75.97894287109392,73.20669555664091],[75.9883041381836,73.20716857910156],[75.9748153686524,73.19817352294916],[75.97368621826183,73.1974182128908],[75.97419738769537,73.18727874755871],[75.95378875732428,73.16671752929722],[75.95738983154314,73.15466308593761],[75.97269439697271,73.14477539062517]]],[[[71.3005,73.2959],[71.426,73.3391],[71.6484,73.1736],[70.4228,73.0156],[69.9201,73.0401],[70.0263,73.252],[69.9875,73.3863],[70.3072,73.4511],[70.9906,73.4808],[71.37,73.3762],[71.3908,73.3268],[71.3005,73.2959]]],[[[76.3547,73.4952],[76.746,73.4019],[76.0479,73.493],[76.3547,73.4952]]],[[[75.9528,73.5261],[76.0881,73.5201],[75.8627,73.4805],[75.8765,73.4329],[75.5667,73.4293],[75.5691,73.4818],[75.3672,73.3802],[75.5811,73.5102],[75.9528,73.5261]]]]}},{"type":"Feature","properties":{"id":88,"name":"Yaroslavl'","neighbors":[22,38,49,78,83,85]},"geometry":{"type":"Polygon","coordinates":[[[39.0387,58.948],[39.661,58.8894],[40.3224,58.5277],[41.0379,58.5145],[41.2176,58.3476],[40.8801,58.1776],[40.9212,58.123],[40.76,58.0616],[40.7713,57.9531],[40.6209,57.8929],[40.6987,57.7922],[40.6103,57.6988],[40.6942,57.617],[40.5236,57.5998],[40.4149,57.4785],[40.4995,57.2833],[40.1752,57.2705],[40.2767,57.2374],[39.5387,56.9918],[39.6182,56.9474],[39.4137,56.8373],[39.3481,56.5433],[38.7826,56.6071],[38.5566,56.5586],[38.5427,56.6328],[38.2244,56.7988],[38.237,56.9398],[38.1511,56.9633],[38.3266,57.0174],[38.2666,57.0887],[38.3139,57.1262],[38.2234,57.1734],[38.2261,57.2304],[38.3749,57.28],[38.3346,57.3609],[38.0727,57.3264],[37.8936,57.435],[37.8706,57.5786],[37.6811,57.7152],[37.4095,57.7994],[37.4881,57.856],[37.426,57.8904],[37.569,57.8907],[37.385,57.9498],[37.7293,58.0611],[37.3615,58.2272],[37.4915,58.2959],[37.4278,58.3338],[37.493,58.3835],[37.6444,58.4003],[37.6269,58.4901],[37.7052,58.4919],[37.7455,58.6428],[37.9495,58.5824],[38.0379,58.6513],[37.9577,58.7177],[38.0375,58.7344],[38.918,58.7296],[39.0219,58.872],[38.9665,58.9281],[39.0387,58.948]]]}},{"type":"Feature","properties":{"id":60,"name":"Perm'","neighbors":[7,34,36,71,80]},"geometry":{"type":"Polygon","coordinates":[[[53.4354,61.0537],[53.3423,60.9001],[53.8289,60.8596],[53.8814,60.9869],[54.9895,60.9036],[55.3171,61.1586],[55.7725,61.1427],[55.9068,61.2958],[56.2958,61.2491],[56.4555,61.4593],[56.5842,61.4503],[56.7436,61.56],[57.11,61.5023],[58.8498,61.5189],[59.3951,61.6983],[59.4971,61.5776],[59.3097,61.2682],[59.3762,61.0444],[59.5033,60.9237],[59.5014,60.7655],[59.2152,60.3508],[59.2268,60.2536],[59.0697,59.9849],[58.6306,59.7365],[58.4892,59.4919],[59.1575,59.1706],[59.1346,59.0791],[59.212,58.9832],[59.1097,58.9253],[59.1084,58.837],[59.2805,58.7398],[59.4557,58.7359],[59.4138,58.6774],[59.476,58.5464],[59.1902,58.3529],[58.8106,58.2642],[58.5986,58.0942],[58.6878,57.9378],[58.8846,57.8829],[58.8758,57.7876],[58.5398,57.6193],[58.4718,57.7345],[58.1576,57.7579],[58.0677,57.7062],[57.8973,57.4024],[58.0437,57.304],[57.9979,57.2071],[58.0927,57.0717],[57.953,57.0972],[57.5936,56.9088],[57.2855,56.9246],[57.2597,56.8389],[57.4415,56.6764],[57.3824,56.5911],[57.4166,56.3422],[57.2058,56.1882],[56.8688,56.1142],[56.499,56.3838],[56.1056,56.2888],[55.7934,56.5077],[55.3577,56.3876],[55.1863,56.4458],[54.9626,56.4045],[54.6208,56.5583],[54.4024,56.3718],[54.3462,56.4987],[54.0928,56.6276],[54.1188,56.6852],[53.9611,56.6716],[53.9447,56.6134],[53.8483,56.7658],[54.4348,57.0852],[54.3069,57.1551],[54.3046,57.3254],[54.17,57.3466],[54.2556,57.5038],[54.0627,57.5982],[54.1927,57.8303],[54.1182,57.9897],[53.8169,58.2502],[53.8882,58.3364],[53.724,58.702],[53.8955,58.7884],[53.7872,58.8616],[53.7436,59.0077],[53.8257,59.0984],[53.3873,59.1591],[53.2091,59.3625],[53.3957,59.5587],[53.4309,59.7004],[53.5558,59.7097],[53.6531,60.068],[53.4443,60.2309],[53.3451,60.1437],[52.378,60.237],[52.2859,60.2661],[52.3727,60.3391],[52.3433,60.4547],[51.7679,60.612],[51.9085,60.9],[52.3478,60.8591],[52.4734,60.9816],[52.7802,60.9697],[52.8703,61.0907],[53.4354,61.0537]]]}}]}